database_name,table_name,base_dt,metric_name,metric_col,metric_value,part_dt
wdp_bdp_db_dlk_l1_msk_view,ft_svc_f13_rec_result,2026-08-01,distinct_count,cntn_id,215,2026-08-02
wdp_bdp_db_dlk_l1_msk_view,ft_svc_f13_rec_result,2026-08-02,distinct_count,cntn_id,219,2026-08-03
wdp_bdp_db_dlk_l1_msk_view,ft_svc_f13_rec_result,2026-08-03,distinct_count,cntn_id,162,2026-08-04
wdp_bdp_db_dlk_l1_msk_view,ft_svc_f13_rec_result,2026-08-04,distinct_count,cntn_id,175,2026-08-05
wdp_bdp_db_dlk_l1_msk_view,ft_svc_f13_rec_result,2026-08-05,distinct_count,cntn_id,245,2026-08-06
wdp_bdp_db_dlk_l1_msk_view,ft_svc_f13_rec_result,2026-08-06,distinct_count,cntn_id,248,2026-08-07
wdp_bdp_db_dlk_l1_msk_view,ft_svc_f13_rec_result,2026-08-07,distinct_count,cntn_id,229,2026-08-08
wdp_bdp_db_dlk_l1_msk_view,ft_svc_f13_rec_result,2026-08-08,distinct_count,cntn_id,218,2026-08-09
wdp_bdp_db_dlk_l1_msk_view,ft_svc_f13_rec_result,2026-08-09,distinct_count,cntn_id,245,2026-08-10
wdp_bdp_db_dlk_l1_msk_view,ft_svc_f13_rec_result,2026-08-10,distinct_count,cntn_id,171,2026-08-11
wdp_bdp_db_dlk_l1_msk_view,ft_svc_f13_rec_result,2026-08-11,distinct_count,cntn_id,184,2026-08-12
wdp_bdp_db_dlk_l1_msk_view,ft_svc_f13_rec_result,2026-08-12,distinct_count,cntn_id,246,2026-08-13
wdp_bdp_db_dlk_l1_msk_view,ft_svc_f13_rec_result,2026-08-13,distinct_count,cntn_id,194,2026-08-14
wdp_bdp_db_dlk_l1_msk_view,ft_svc_f13_rec_result,2026-08-14,distinct_count,cntn_id,248,2026-08-15
wdp_bdp_db_dlk_l1_msk_view,ft_svc_f13_rec_result,2026-08-15,distinct_count,cntn_id,221,2026-08-16
wdp_bdp_db_dlk_l1_msk_view,ft_svc_f13_rec_result,2026-08-16,distinct_count,cntn_id,203,2026-08-17
wdp_bdp_db_dlk_l1_msk_view,ft_svc_f13_rec_result,2026-08-17,distinct_count,cntn_id,217,2026-08-18
wdp_bdp_db_dlk_l1_msk_view,ft_svc_f13_rec_result,2026-08-18,distinct_count,cntn_id,185,2026-08-19
wdp_bdp_db_dlk_l1_msk_view,ft_svc_f13_rec_result,2026-08-19,distinct_count,cntn_id,168,2026-08-20
wdp_bdp_db_dlk_l1_msk_view,ft_svc_f13_rec_result,2026-08-20,distinct_count,cntn_id,245,2026-08-21
wdp_bdp_db_dlk_l1_msk_view,ft_svc_f13_rec_result,2026-08-21,distinct_count,cntn_id,173,2026-08-22
wdp_bdp_db_dlk_l1_msk_view,ft_svc_f13_rec_result,2026-08-22,distinct_count,cntn_id,154,2026-08-23
wdp_bdp_db_dlk_l1_msk_view,ft_svc_f13_rec_result,2026-08-23,distinct_count,cntn_id,200,2026-08-24
wdp_bdp_db_dlk_l1_msk_view,ft_svc_f13_rec_result,2026-08-24,distinct_count,cntn_id,155,2026-08-25
wdp_bdp_db_dlk_l1_msk_view,ft_svc_f13_rec_result,2026-08-25,distinct_count,cntn_id,213,2026-08-26
wdp_bdp_db_dlk_l1_msk_view,ft_svc_f13_rec_result,2026-08-26,distinct_count,cntn_id,234,2026-08-27
wdp_bdp_db_dlk_l1_msk_view,ft_svc_f13_rec_result,2026-08-27,distinct_count,cntn_id,232,2026-08-28
wdp_bdp_db_dlk_l1_msk_view,ft_svc_f13_rec_result,2026-08-28,distinct_count,cntn_id,223,2026-08-29
wdp_bdp_db_dlk_l1_msk_view,ft_svc_f13_rec_result,2026-08-29,distinct_count,cntn_id,218,2026-08-30
wdp_bdp_db_dlk_l1_msk_view,ft_svc_f13_rec_result,2026-08-30,distinct_count,cntn_id,183,2026-08-31
wdp_bdp_db_dlk_l1_msk_view,ft_svc_f13_rec_result,2026-08-31,distinct_count,cntn_id,183,2026-09-01
wdp_bdp_db_dlk_l1_msk_view,ft_svc_f13_rec_result,2026-08-01,distinct_count,csno,8624513,2026-08-02
wdp_bdp_db_dlk_l1_msk_view,ft_svc_f13_rec_result,2026-08-02,distinct_count,csno,8598680,2026-08-03
wdp_bdp_db_dlk_l1_msk_view,ft_svc_f13_rec_result,2026-08-03,distinct_count,csno,8640331,2026-08-04
wdp_bdp_db_dlk_l1_msk_view,ft_svc_f13_rec_result,2026-08-04,distinct_count,csno,8892410,2026-08-05
wdp_bdp_db_dlk_l1_msk_view,ft_svc_f13_rec_result,2026-08-05,distinct_count,csno,8810273,2026-08-06
wdp_bdp_db_dlk_l1_msk_view,ft_svc_f13_rec_result,2026-08-06,distinct_count,csno,8882171,2026-08-07
wdp_bdp_db_dlk_l1_msk_view,ft_svc_f13_rec_result,2026-08-07,distinct_count,csno,8851762,2026-08-08
wdp_bdp_db_dlk_l1_msk_view,ft_svc_f13_rec_result,2026-08-08,distinct_count,csno,8526887,2026-08-09
wdp_bdp_db_dlk_l1_msk_view,ft_svc_f13_rec_result,2026-08-09,distinct_count,csno,8734997,2026-08-10
wdp_bdp_db_dlk_l1_msk_view,ft_svc_f13_rec_result,2026-08-10,distinct_count,csno,8852577,2026-08-11
wdp_bdp_db_dlk_l1_msk_view,ft_svc_f13_rec_result,2026-08-11,distinct_count,csno,8697079,2026-08-12
wdp_bdp_db_dlk_l1_msk_view,ft_svc_f13_rec_result,2026-08-12,distinct_count,csno,8598067,2026-08-13
wdp_bdp_db_dlk_l1_msk_view,ft_svc_f13_rec_result,2026-08-13,distinct_count,csno,8862977,2026-08-14
wdp_bdp_db_dlk_l1_msk_view,ft_svc_f13_rec_result,2026-08-14,distinct_count,csno,8857121,2026-08-15
wdp_bdp_db_dlk_l1_msk_view,ft_svc_f13_rec_result,2026-08-15,distinct_count,csno,8614926,2026-08-16
wdp_bdp_db_dlk_l1_msk_view,ft_svc_f13_rec_result,2026-08-16,distinct_count,csno,8579040,2026-08-17
wdp_bdp_db_dlk_l1_msk_view,ft_svc_f13_rec_result,2026-08-17,distinct_count,csno,8605705,2026-08-18
wdp_bdp_db_dlk_l1_msk_view,ft_svc_f13_rec_result,2026-08-18,distinct_count,csno,8830368,2026-08-19
wdp_bdp_db_dlk_l1_msk_view,ft_svc_f13_rec_result,2026-08-19,distinct_count,csno,8685685,2026-08-20
wdp_bdp_db_dlk_l1_msk_view,ft_svc_f13_rec_result,2026-08-20,distinct_count,csno,8730816,2026-08-21
wdp_bdp_db_dlk_l1_msk_view,ft_svc_f13_rec_result,2026-08-21,distinct_count,csno,8679428,2026-08-22
wdp_bdp_db_dlk_l1_msk_view,ft_svc_f13_rec_result,2026-08-22,distinct_count,csno,8710378,2026-08-23
wdp_bdp_db_dlk_l1_msk_view,ft_svc_f13_rec_result,2026-08-23,distinct_count,csno,8586462,2026-08-24
wdp_bdp_db_dlk_l1_msk_view,ft_svc_f13_rec_result,2026-08-24,distinct_count,csno,8730933,2026-08-25
wdp_bdp_db_dlk_l1_msk_view,ft_svc_f13_rec_result,2026-08-25,distinct_count,csno,8628128,2026-08-26
wdp_bdp_db_dlk_l1_msk_view,ft_svc_f13_rec_result,2026-08-26,distinct_count,csno,8863200,2026-08-27
wdp_bdp_db_dlk_l1_msk_view,ft_svc_f13_rec_result,2026-08-27,distinct_count,csno,8683524,2026-08-28
wdp_bdp_db_dlk_l1_msk_view,ft_svc_f13_rec_result,2026-08-28,distinct_count,csno,8671688,2026-08-29
wdp_bdp_db_dlk_l1_msk_view,ft_svc_f13_rec_result,2026-08-29,distinct_count,csno,8507047,2026-08-30
wdp_bdp_db_dlk_l1_msk_view,ft_svc_f13_rec_result,2026-08-30,distinct_count,csno,8859838,2026-08-31
wdp_bdp_db_dlk_l1_msk_view,ft_svc_f13_rec_result,2026-08-31,distinct_count,csno,8665287,2026-09-01
wdp_bdp_db_dlk_l1_msk_view,ft_svc_f13_rec_result,2026-08-01,null_count,cntn_id,0,2026-08-02
wdp_bdp_db_dlk_l1_msk_view,ft_svc_f13_rec_result,2026-08-02,null_count,cntn_id,0,2026-08-03
wdp_bdp_db_dlk_l1_msk_view,ft_svc_f13_rec_result,2026-08-03,null_count,cntn_id,0,2026-08-04
wdp_bdp_db_dlk_l1_msk_view,ft_svc_f13_rec_result,2026-08-04,null_count,cntn_id,0,2026-08-05
wdp_bdp_db_dlk_l1_msk_view,ft_svc_f13_rec_result,2026-08-05,null_count,cntn_id,0,2026-08-06
wdp_bdp_db_dlk_l1_msk_view,ft_svc_f13_rec_result,2026-08-06,null_count,cntn_id,0,2026-08-07
wdp_bdp_db_dlk_l1_msk_view,ft_svc_f13_rec_result,2026-08-07,null_count,cntn_id,0,2026-08-08
wdp_bdp_db_dlk_l1_msk_view,ft_svc_f13_rec_result,2026-08-08,null_count,cntn_id,0,2026-08-09
wdp_bdp_db_dlk_l1_msk_view,ft_svc_f13_rec_result,2026-08-09,null_count,cntn_id,0,2026-08-10
wdp_bdp_db_dlk_l1_msk_view,ft_svc_f13_rec_result,2026-08-10,null_count,cntn_id,0,2026-08-11
wdp_bdp_db_dlk_l1_msk_view,ft_svc_f13_rec_result,2026-08-11,null_count,cntn_id,0,2026-08-12
wdp_bdp_db_dlk_l1_msk_view,ft_svc_f13_rec_result,2026-08-12,null_count,cntn_id,0,2026-08-13
wdp_bdp_db_dlk_l1_msk_view,ft_svc_f13_rec_result,2026-08-13,null_count,cntn_id,0,2026-08-14
wdp_bdp_db_dlk_l1_msk_view,ft_svc_f13_rec_result,2026-08-14,null_count,cntn_id,0,2026-08-15
wdp_bdp_db_dlk_l1_msk_view,ft_svc_f13_rec_result,2026-08-15,null_count,cntn_id,0,2026-08-16
wdp_bdp_db_dlk_l1_msk_view,ft_svc_f13_rec_result,2026-08-16,null_count,cntn_id,0,2026-08-17
wdp_bdp_db_dlk_l1_msk_view,ft_svc_f13_rec_result,2026-08-17,null_count,cntn_id,0,2026-08-18
wdp_bdp_db_dlk_l1_msk_view,ft_svc_f13_rec_result,2026-08-18,null_count,cntn_id,0,2026-08-19
wdp_bdp_db_dlk_l1_msk_view,ft_svc_f13_rec_result,2026-08-19,null_count,cntn_id,0,2026-08-20
wdp_bdp_db_dlk_l1_msk_view,ft_svc_f13_rec_result,2026-08-20,null_count,cntn_id,0,2026-08-21
wdp_bdp_db_dlk_l1_msk_view,ft_svc_f13_rec_result,2026-08-21,null_count,cntn_id,0,2026-08-22
wdp_bdp_db_dlk_l1_msk_view,ft_svc_f13_rec_result,2026-08-22,null_count,cntn_id,0,2026-08-23
wdp_bdp_db_dlk_l1_msk_view,ft_svc_f13_rec_result,2026-08-23,null_count,cntn_id,0,2026-08-24
wdp_bdp_db_dlk_l1_msk_view,ft_svc_f13_rec_result,2026-08-24,null_count,cntn_id,0,2026-08-25
wdp_bdp_db_dlk_l1_msk_view,ft_svc_f13_rec_result,2026-08-25,null_count,cntn_id,0,2026-08-26
wdp_bdp_db_dlk_l1_msk_view,ft_svc_f13_rec_result,2026-08-26,null_count,cntn_id,0,2026-08-27
wdp_bdp_db_dlk_l1_msk_view,ft_svc_f13_rec_result,2026-08-27,null_count,cntn_id,0,2026-08-28
wdp_bdp_db_dlk_l1_msk_view,ft_svc_f13_rec_result,2026-08-28,null_count,cntn_id,0,2026-08-29
wdp_bdp_db_dlk_l1_msk_view,ft_svc_f13_rec_result,2026-08-29,null_count,cntn_id,0,2026-08-30
wdp_bdp_db_dlk_l1_msk_view,ft_svc_f13_rec_result,2026-08-30,null_count,cntn_id,0,2026-08-31
wdp_bdp_db_dlk_l1_msk_view,ft_svc_f13_rec_result,2026-08-31,null_count,cntn_id,0,2026-09-01
wdp_bdp_db_dlk_l1_msk_view,ft_svc_f13_rec_result,2026-08-01,null_count,csno,0,2026-08-02
wdp_bdp_db_dlk_l1_msk_view,ft_svc_f13_rec_result,2026-08-02,null_count,csno,0,2026-08-03
wdp_bdp_db_dlk_l1_msk_view,ft_svc_f13_rec_result,2026-08-03,null_count,csno,0,2026-08-04
wdp_bdp_db_dlk_l1_msk_view,ft_svc_f13_rec_result,2026-08-04,null_count,csno,0,2026-08-05
wdp_bdp_db_dlk_l1_msk_view,ft_svc_f13_rec_result,2026-08-05,null_count,csno,0,2026-08-06
wdp_bdp_db_dlk_l1_msk_view,ft_svc_f13_rec_result,2026-08-06,null_count,csno,0,2026-08-07
wdp_bdp_db_dlk_l1_msk_view,ft_svc_f13_rec_result,2026-08-07,null_count,csno,0,2026-08-08
wdp_bdp_db_dlk_l1_msk_view,ft_svc_f13_rec_result,2026-08-08,null_count,csno,0,2026-08-09
wdp_bdp_db_dlk_l1_msk_view,ft_svc_f13_rec_result,2026-08-09,null_count,csno,0,2026-08-10
wdp_bdp_db_dlk_l1_msk_view,ft_svc_f13_rec_result,2026-08-10,null_count,csno,0,2026-08-11
wdp_bdp_db_dlk_l1_msk_view,ft_svc_f13_rec_result,2026-08-11,null_count,csno,0,2026-08-12
wdp_bdp_db_dlk_l1_msk_view,ft_svc_f13_rec_result,2026-08-12,null_count,csno,0,2026-08-13
wdp_bdp_db_dlk_l1_msk_view,ft_svc_f13_rec_result,2026-08-13,null_count,csno,0,2026-08-14
wdp_bdp_db_dlk_l1_msk_view,ft_svc_f13_rec_result,2026-08-14,null_count,csno,0,2026-08-15
wdp_bdp_db_dlk_l1_msk_view,ft_svc_f13_rec_result,2026-08-15,null_count,csno,0,2026-08-16
wdp_bdp_db_dlk_l1_msk_view,ft_svc_f13_rec_result,2026-08-16,null_count,csno,0,2026-08-17
wdp_bdp_db_dlk_l1_msk_view,ft_svc_f13_rec_result,2026-08-17,null_count,csno,10989,2026-08-18
wdp_bdp_db_dlk_l1_msk_view,ft_svc_f13_rec_result,2026-08-18,null_count,csno,0,2026-08-19
wdp_bdp_db_dlk_l1_msk_view,ft_svc_f13_rec_result,2026-08-19,null_count,csno,0,2026-08-20
wdp_bdp_db_dlk_l1_msk_view,ft_svc_f13_rec_result,2026-08-20,null_count,csno,0,2026-08-21
wdp_bdp_db_dlk_l1_msk_view,ft_svc_f13_rec_result,2026-08-21,null_count,csno,0,2026-08-22
wdp_bdp_db_dlk_l1_msk_view,ft_svc_f13_rec_result,2026-08-22,null_count,csno,0,2026-08-23
wdp_bdp_db_dlk_l1_msk_view,ft_svc_f13_rec_result,2026-08-23,null_count,csno,0,2026-08-24
wdp_bdp_db_dlk_l1_msk_view,ft_svc_f13_rec_result,2026-08-24,null_count,csno,0,2026-08-25
wdp_bdp_db_dlk_l1_msk_view,ft_svc_f13_rec_result,2026-08-25,null_count,csno,0,2026-08-26
wdp_bdp_db_dlk_l1_msk_view,ft_svc_f13_rec_result,2026-08-26,null_count,csno,0,2026-08-27
wdp_bdp_db_dlk_l1_msk_view,ft_svc_f13_rec_result,2026-08-27,null_count,csno,0,2026-08-28
wdp_bdp_db_dlk_l1_msk_view,ft_svc_f13_rec_result,2026-08-28,null_count,csno,0,2026-08-29
wdp_bdp_db_dlk_l1_msk_view,ft_svc_f13_rec_result,2026-08-29,null_count,csno,0,2026-08-30
wdp_bdp_db_dlk_l1_msk_view,ft_svc_f13_rec_result,2026-08-30,null_count,csno,0,2026-08-31
wdp_bdp_db_dlk_l1_msk_view,ft_svc_f13_rec_result,2026-08-31,null_count,csno,0,2026-09-01
wdp_bdp_db_dlk_l2_msk_view,f13_camp_bsis,2026-08-01,distinct_count,camp_id,215,2026-08-02
wdp_bdp_db_dlk_l2_msk_view,f13_camp_bsis,2026-08-02,distinct_count,camp_id,219,2026-08-03
wdp_bdp_db_dlk_l2_msk_view,f13_camp_bsis,2026-08-03,distinct_count,camp_id,162,2026-08-04
wdp_bdp_db_dlk_l2_msk_view,f13_camp_bsis,2026-08-04,distinct_count,camp_id,175,2026-08-05
wdp_bdp_db_dlk_l2_msk_view,f13_camp_bsis,2026-08-05,distinct_count,camp_id,245,2026-08-06
wdp_bdp_db_dlk_l2_msk_view,f13_camp_bsis,2026-08-06,distinct_count,camp_id,248,2026-08-07
wdp_bdp_db_dlk_l2_msk_view,f13_camp_bsis,2026-08-07,distinct_count,camp_id,229,2026-08-08
wdp_bdp_db_dlk_l2_msk_view,f13_camp_bsis,2026-08-08,distinct_count,camp_id,218,2026-08-09
wdp_bdp_db_dlk_l2_msk_view,f13_camp_bsis,2026-08-09,distinct_count,camp_id,245,2026-08-10
wdp_bdp_db_dlk_l2_msk_view,f13_camp_bsis,2026-08-10,distinct_count,camp_id,171,2026-08-11
wdp_bdp_db_dlk_l2_msk_view,f13_camp_bsis,2026-08-11,distinct_count,camp_id,184,2026-08-12
wdp_bdp_db_dlk_l2_msk_view,f13_camp_bsis,2026-08-12,distinct_count,camp_id,246,2026-08-13
wdp_bdp_db_dlk_l2_msk_view,f13_camp_bsis,2026-08-13,distinct_count,camp_id,194,2026-08-14
wdp_bdp_db_dlk_l2_msk_view,f13_camp_bsis,2026-08-14,distinct_count,camp_id,248,2026-08-15
wdp_bdp_db_dlk_l2_msk_view,f13_camp_bsis,2026-08-15,distinct_count,camp_id,221,2026-08-16
wdp_bdp_db_dlk_l2_msk_view,f13_camp_bsis,2026-08-16,distinct_count,camp_id,203,2026-08-17
wdp_bdp_db_dlk_l2_msk_view,f13_camp_bsis,2026-08-17,distinct_count,camp_id,217,2026-08-18
wdp_bdp_db_dlk_l2_msk_view,f13_camp_bsis,2026-08-18,distinct_count,camp_id,185,2026-08-19
wdp_bdp_db_dlk_l2_msk_view,f13_camp_bsis,2026-08-19,distinct_count,camp_id,168,2026-08-20
wdp_bdp_db_dlk_l2_msk_view,f13_camp_bsis,2026-08-20,distinct_count,camp_id,245,2026-08-21
wdp_bdp_db_dlk_l2_msk_view,f13_camp_bsis,2026-08-21,distinct_count,camp_id,173,2026-08-22
wdp_bdp_db_dlk_l2_msk_view,f13_camp_bsis,2026-08-22,distinct_count,camp_id,154,2026-08-23
wdp_bdp_db_dlk_l2_msk_view,f13_camp_bsis,2026-08-23,distinct_count,camp_id,200,2026-08-24
wdp_bdp_db_dlk_l2_msk_view,f13_camp_bsis,2026-08-24,distinct_count,camp_id,155,2026-08-25
wdp_bdp_db_dlk_l2_msk_view,f13_camp_bsis,2026-08-25,distinct_count,camp_id,213,2026-08-26
wdp_bdp_db_dlk_l2_msk_view,f13_camp_bsis,2026-08-26,distinct_count,camp_id,234,2026-08-27
wdp_bdp_db_dlk_l2_msk_view,f13_camp_bsis,2026-08-27,distinct_count,camp_id,232,2026-08-28
wdp_bdp_db_dlk_l2_msk_view,f13_camp_bsis,2026-08-28,distinct_count,camp_id,223,2026-08-29
wdp_bdp_db_dlk_l2_msk_view,f13_camp_bsis,2026-08-29,distinct_count,camp_id,218,2026-08-30
wdp_bdp_db_dlk_l2_msk_view,f13_camp_bsis,2026-08-30,distinct_count,camp_id,183,2026-08-31
wdp_bdp_db_dlk_l2_msk_view,f13_camp_bsis,2026-08-31,distinct_count,camp_id,183,2026-09-01
wdp_bdp_db_dlk_l2_msk_view,f13_camp_bsis,2026-08-01,distinct_count,cntn_id,215,2026-08-02
wdp_bdp_db_dlk_l2_msk_view,f13_camp_bsis,2026-08-02,distinct_count,cntn_id,219,2026-08-03
wdp_bdp_db_dlk_l2_msk_view,f13_camp_bsis,2026-08-03,distinct_count,cntn_id,162,2026-08-04
wdp_bdp_db_dlk_l2_msk_view,f13_camp_bsis,2026-08-04,distinct_count,cntn_id,175,2026-08-05
wdp_bdp_db_dlk_l2_msk_view,f13_camp_bsis,2026-08-05,distinct_count,cntn_id,245,2026-08-06
wdp_bdp_db_dlk_l2_msk_view,f13_camp_bsis,2026-08-06,distinct_count,cntn_id,248,2026-08-07
wdp_bdp_db_dlk_l2_msk_view,f13_camp_bsis,2026-08-07,distinct_count,cntn_id,229,2026-08-08
wdp_bdp_db_dlk_l2_msk_view,f13_camp_bsis,2026-08-08,distinct_count,cntn_id,218,2026-08-09
wdp_bdp_db_dlk_l2_msk_view,f13_camp_bsis,2026-08-09,distinct_count,cntn_id,245,2026-08-10
wdp_bdp_db_dlk_l2_msk_view,f13_camp_bsis,2026-08-10,distinct_count,cntn_id,171,2026-08-11
wdp_bdp_db_dlk_l2_msk_view,f13_camp_bsis,2026-08-11,distinct_count,cntn_id,184,2026-08-12
wdp_bdp_db_dlk_l2_msk_view,f13_camp_bsis,2026-08-12,distinct_count,cntn_id,246,2026-08-13
wdp_bdp_db_dlk_l2_msk_view,f13_camp_bsis,2026-08-13,distinct_count,cntn_id,194,2026-08-14
wdp_bdp_db_dlk_l2_msk_view,f13_camp_bsis,2026-08-14,distinct_count,cntn_id,248,2026-08-15
wdp_bdp_db_dlk_l2_msk_view,f13_camp_bsis,2026-08-15,distinct_count,cntn_id,221,2026-08-16
wdp_bdp_db_dlk_l2_msk_view,f13_camp_bsis,2026-08-16,distinct_count,cntn_id,203,2026-08-17
wdp_bdp_db_dlk_l2_msk_view,f13_camp_bsis,2026-08-17,distinct_count,cntn_id,217,2026-08-18
wdp_bdp_db_dlk_l2_msk_view,f13_camp_bsis,2026-08-18,distinct_count,cntn_id,185,2026-08-19
wdp_bdp_db_dlk_l2_msk_view,f13_camp_bsis,2026-08-19,distinct_count,cntn_id,168,2026-08-20
wdp_bdp_db_dlk_l2_msk_view,f13_camp_bsis,2026-08-20,distinct_count,cntn_id,245,2026-08-21
wdp_bdp_db_dlk_l2_msk_view,f13_camp_bsis,2026-08-21,distinct_count,cntn_id,173,2026-08-22
wdp_bdp_db_dlk_l2_msk_view,f13_camp_bsis,2026-08-22,distinct_count,cntn_id,154,2026-08-23
wdp_bdp_db_dlk_l2_msk_view,f13_camp_bsis,2026-08-23,distinct_count,cntn_id,200,2026-08-24
wdp_bdp_db_dlk_l2_msk_view,f13_camp_bsis,2026-08-24,distinct_count,cntn_id,155,2026-08-25
wdp_bdp_db_dlk_l2_msk_view,f13_camp_bsis,2026-08-25,distinct_count,cntn_id,213,2026-08-26
wdp_bdp_db_dlk_l2_msk_view,f13_camp_bsis,2026-08-26,distinct_count,cntn_id,234,2026-08-27
wdp_bdp_db_dlk_l2_msk_view,f13_camp_bsis,2026-08-27,distinct_count,cntn_id,232,2026-08-28
wdp_bdp_db_dlk_l2_msk_view,f13_camp_bsis,2026-08-28,distinct_count,cntn_id,223,2026-08-29
wdp_bdp_db_dlk_l2_msk_view,f13_camp_bsis,2026-08-29,distinct_count,cntn_id,218,2026-08-30
wdp_bdp_db_dlk_l2_msk_view,f13_camp_bsis,2026-08-30,distinct_count,cntn_id,183,2026-08-31
wdp_bdp_db_dlk_l2_msk_view,f13_camp_bsis,2026-08-31,distinct_count,cntn_id,183,2026-09-01
wdp_bdp_db_dlk_l2_msk_view,f13_camp_bsis,2026-08-01,null_count,camp_id,0,2026-08-02
wdp_bdp_db_dlk_l2_msk_view,f13_camp_bsis,2026-08-02,null_count,camp_id,0,2026-08-03
wdp_bdp_db_dlk_l2_msk_view,f13_camp_bsis,2026-08-03,null_count,camp_id,0,2026-08-04
wdp_bdp_db_dlk_l2_msk_view,f13_camp_bsis,2026-08-04,null_count,camp_id,0,2026-08-05
wdp_bdp_db_dlk_l2_msk_view,f13_camp_bsis,2026-08-05,null_count,camp_id,0,2026-08-06
wdp_bdp_db_dlk_l2_msk_view,f13_camp_bsis,2026-08-06,null_count,camp_id,0,2026-08-07
wdp_bdp_db_dlk_l2_msk_view,f13_camp_bsis,2026-08-07,null_count,camp_id,0,2026-08-08
wdp_bdp_db_dlk_l2_msk_view,f13_camp_bsis,2026-08-08,null_count,camp_id,0,2026-08-09
wdp_bdp_db_dlk_l2_msk_view,f13_camp_bsis,2026-08-09,null_count,camp_id,0,2026-08-10
wdp_bdp_db_dlk_l2_msk_view,f13_camp_bsis,2026-08-10,null_count,camp_id,0,2026-08-11
wdp_bdp_db_dlk_l2_msk_view,f13_camp_bsis,2026-08-11,null_count,camp_id,0,2026-08-12
wdp_bdp_db_dlk_l2_msk_view,f13_camp_bsis,2026-08-12,null_count,camp_id,0,2026-08-13
wdp_bdp_db_dlk_l2_msk_view,f13_camp_bsis,2026-08-13,null_count,camp_id,0,2026-08-14
wdp_bdp_db_dlk_l2_msk_view,f13_camp_bsis,2026-08-14,null_count,camp_id,0,2026-08-15
wdp_bdp_db_dlk_l2_msk_view,f13_camp_bsis,2026-08-15,null_count,camp_id,0,2026-08-16
wdp_bdp_db_dlk_l2_msk_view,f13_camp_bsis,2026-08-16,null_count,camp_id,0,2026-08-17
wdp_bdp_db_dlk_l2_msk_view,f13_camp_bsis,2026-08-17,null_count,camp_id,0,2026-08-18
wdp_bdp_db_dlk_l2_msk_view,f13_camp_bsis,2026-08-18,null_count,camp_id,0,2026-08-19
wdp_bdp_db_dlk_l2_msk_view,f13_camp_bsis,2026-08-19,null_count,camp_id,0,2026-08-20
wdp_bdp_db_dlk_l2_msk_view,f13_camp_bsis,2026-08-20,null_count,camp_id,0,2026-08-21
wdp_bdp_db_dlk_l2_msk_view,f13_camp_bsis,2026-08-21,null_count,camp_id,0,2026-08-22
wdp_bdp_db_dlk_l2_msk_view,f13_camp_bsis,2026-08-22,null_count,camp_id,0,2026-08-23
wdp_bdp_db_dlk_l2_msk_view,f13_camp_bsis,2026-08-23,null_count,camp_id,0,2026-08-24
wdp_bdp_db_dlk_l2_msk_view,f13_camp_bsis,2026-08-24,null_count,camp_id,0,2026-08-25
wdp_bdp_db_dlk_l2_msk_view,f13_camp_bsis,2026-08-25,null_count,camp_id,0,2026-08-26
wdp_bdp_db_dlk_l2_msk_view,f13_camp_bsis,2026-08-26,null_count,camp_id,0,2026-08-27
wdp_bdp_db_dlk_l2_msk_view,f13_camp_bsis,2026-08-27,null_count,camp_id,0,2026-08-28
wdp_bdp_db_dlk_l2_msk_view,f13_camp_bsis,2026-08-28,null_count,camp_id,0,2026-08-29
wdp_bdp_db_dlk_l2_msk_view,f13_camp_bsis,2026-08-29,null_count,camp_id,0,2026-08-30
wdp_bdp_db_dlk_l2_msk_view,f13_camp_bsis,2026-08-30,null_count,camp_id,0,2026-08-31
wdp_bdp_db_dlk_l2_msk_view,f13_camp_bsis,2026-08-31,null_count,camp_id,0,2026-09-01
wdp_bdp_db_dlk_l2_msk_view,f13_camp_bsis,2026-08-01,null_count,cntn_id,0,2026-08-02
wdp_bdp_db_dlk_l2_msk_view,f13_camp_bsis,2026-08-02,null_count,cntn_id,0,2026-08-03
wdp_bdp_db_dlk_l2_msk_view,f13_camp_bsis,2026-08-03,null_count,cntn_id,0,2026-08-04
wdp_bdp_db_dlk_l2_msk_view,f13_camp_bsis,2026-08-04,null_count,cntn_id,0,2026-08-05
wdp_bdp_db_dlk_l2_msk_view,f13_camp_bsis,2026-08-05,null_count,cntn_id,0,2026-08-06
wdp_bdp_db_dlk_l2_msk_view,f13_camp_bsis,2026-08-06,null_count,cntn_id,0,2026-08-07
wdp_bdp_db_dlk_l2_msk_view,f13_camp_bsis,2026-08-07,null_count,cntn_id,0,2026-08-08
wdp_bdp_db_dlk_l2_msk_view,f13_camp_bsis,2026-08-08,null_count,cntn_id,0,2026-08-09
wdp_bdp_db_dlk_l2_msk_view,f13_camp_bsis,2026-08-09,null_count,cntn_id,0,2026-08-10
wdp_bdp_db_dlk_l2_msk_view,f13_camp_bsis,2026-08-10,null_count,cntn_id,0,2026-08-11
wdp_bdp_db_dlk_l2_msk_view,f13_camp_bsis,2026-08-11,null_count,cntn_id,0,2026-08-12
wdp_bdp_db_dlk_l2_msk_view,f13_camp_bsis,2026-08-12,null_count,cntn_id,0,2026-08-13
wdp_bdp_db_dlk_l2_msk_view,f13_camp_bsis,2026-08-13,null_count,cntn_id,0,2026-08-14
wdp_bdp_db_dlk_l2_msk_view,f13_camp_bsis,2026-08-14,null_count,cntn_id,0,2026-08-15
wdp_bdp_db_dlk_l2_msk_view,f13_camp_bsis,2026-08-15,null_count,cntn_id,0,2026-08-16
wdp_bdp_db_dlk_l2_msk_view,f13_camp_bsis,2026-08-16,null_count,cntn_id,0,2026-08-17
wdp_bdp_db_dlk_l2_msk_view,f13_camp_bsis,2026-08-17,null_count,cntn_id,0,2026-08-18
wdp_bdp_db_dlk_l2_msk_view,f13_camp_bsis,2026-08-18,null_count,cntn_id,0,2026-08-19
wdp_bdp_db_dlk_l2_msk_view,f13_camp_bsis,2026-08-19,null_count,cntn_id,0,2026-08-20
wdp_bdp_db_dlk_l2_msk_view,f13_camp_bsis,2026-08-20,null_count,cntn_id,0,2026-08-21
wdp_bdp_db_dlk_l2_msk_view,f13_camp_bsis,2026-08-21,null_count,cntn_id,0,2026-08-22
wdp_bdp_db_dlk_l2_msk_view,f13_camp_bsis,2026-08-22,null_count,cntn_id,0,2026-08-23
wdp_bdp_db_dlk_l2_msk_view,f13_camp_bsis,2026-08-23,null_count,cntn_id,0,2026-08-24
wdp_bdp_db_dlk_l2_msk_view,f13_camp_bsis,2026-08-24,null_count,cntn_id,0,2026-08-25
wdp_bdp_db_dlk_l2_msk_view,f13_camp_bsis,2026-08-25,null_count,cntn_id,0,2026-08-26
wdp_bdp_db_dlk_l2_msk_view,f13_camp_bsis,2026-08-26,null_count,cntn_id,0,2026-08-27
wdp_bdp_db_dlk_l2_msk_view,f13_camp_bsis,2026-08-27,null_count,cntn_id,0,2026-08-28
wdp_bdp_db_dlk_l2_msk_view,f13_camp_bsis,2026-08-28,null_count,cntn_id,0,2026-08-29
wdp_bdp_db_dlk_l2_msk_view,f13_camp_bsis,2026-08-29,null_count,cntn_id,0,2026-08-30
wdp_bdp_db_dlk_l2_msk_view,f13_camp_bsis,2026-08-30,null_count,cntn_id,0,2026-08-31
wdp_bdp_db_dlk_l2_msk_view,f13_camp_bsis,2026-08-31,null_count,cntn_id,0,2026-09-01
wdp_bdp_db_dlk_l1_msk_view,mm_ts_card_pchs,2026-08-01,distinct_count,csno,8612340,2026-08-02
wdp_bdp_db_dlk_l1_msk_view,mm_ts_card_pchs,2026-08-02,distinct_count,csno,8612340,2026-08-03
wdp_bdp_db_dlk_l1_msk_view,mm_ts_card_pchs,2026-08-03,distinct_count,csno,8612340,2026-08-04
wdp_bdp_db_dlk_l1_msk_view,mm_ts_card_pchs,2026-08-04,distinct_count,csno,8612340,2026-08-05
wdp_bdp_db_dlk_l1_msk_view,mm_ts_card_pchs,2026-08-05,distinct_count,csno,8612340,2026-08-06
wdp_bdp_db_dlk_l1_msk_view,mm_ts_card_pchs,2026-08-06,distinct_count,csno,8612340,2026-08-07
wdp_bdp_db_dlk_l1_msk_view,mm_ts_card_pchs,2026-08-07,distinct_count,csno,8612340,2026-08-08
wdp_bdp_db_dlk_l1_msk_view,mm_ts_card_pchs,2026-08-08,distinct_count,csno,8612340,2026-08-09
wdp_bdp_db_dlk_l1_msk_view,mm_ts_card_pchs,2026-08-09,distinct_count,csno,8612340,2026-08-10
wdp_bdp_db_dlk_l1_msk_view,mm_ts_card_pchs,2026-08-10,distinct_count,csno,8612340,2026-08-11
wdp_bdp_db_dlk_l1_msk_view,mm_ts_card_pchs,2026-08-11,distinct_count,csno,8612340,2026-08-12
wdp_bdp_db_dlk_l1_msk_view,mm_ts_card_pchs,2026-08-12,distinct_count,csno,8612340,2026-08-13
wdp_bdp_db_dlk_l1_msk_view,mm_ts_card_pchs,2026-08-13,distinct_count,csno,8612340,2026-08-14
wdp_bdp_db_dlk_l1_msk_view,mm_ts_card_pchs,2026-08-14,distinct_count,csno,8612340,2026-08-15
wdp_bdp_db_dlk_l1_msk_view,mm_ts_card_pchs,2026-08-15,distinct_count,csno,8612340,2026-08-16
wdp_bdp_db_dlk_l1_msk_view,mm_ts_card_pchs,2026-08-16,distinct_count,csno,8612340,2026-08-17
wdp_bdp_db_dlk_l1_msk_view,mm_ts_card_pchs,2026-08-17,distinct_count,csno,8612340,2026-08-18
wdp_bdp_db_dlk_l1_msk_view,mm_ts_card_pchs,2026-08-18,distinct_count,csno,8612340,2026-08-19
wdp_bdp_db_dlk_l1_msk_view,mm_ts_card_pchs,2026-08-19,distinct_count,csno,8612340,2026-08-20
wdp_bdp_db_dlk_l1_msk_view,mm_ts_card_pchs,2026-08-20,distinct_count,csno,8612340,2026-08-21
wdp_bdp_db_dlk_l1_msk_view,mm_ts_card_pchs,2026-08-21,distinct_count,csno,8612340,2026-08-22
wdp_bdp_db_dlk_l1_msk_view,mm_ts_card_pchs,2026-08-22,distinct_count,csno,8612340,2026-08-23
wdp_bdp_db_dlk_l1_msk_view,mm_ts_card_pchs,2026-08-23,distinct_count,csno,8612340,2026-08-24
wdp_bdp_db_dlk_l1_msk_view,mm_ts_card_pchs,2026-08-24,distinct_count,csno,8612340,2026-08-25
wdp_bdp_db_dlk_l1_msk_view,mm_ts_card_pchs,2026-08-25,distinct_count,csno,8612340,2026-08-26
wdp_bdp_db_dlk_l1_msk_view,mm_ts_card_pchs,2026-08-26,distinct_count,csno,8612340,2026-08-27
wdp_bdp_db_dlk_l1_msk_view,mm_ts_card_pchs,2026-08-27,distinct_count,csno,8612340,2026-08-28
wdp_bdp_db_dlk_l1_msk_view,mm_ts_card_pchs,2026-08-28,distinct_count,csno,8612340,2026-08-29
wdp_bdp_db_dlk_l1_msk_view,mm_ts_card_pchs,2026-08-29,distinct_count,csno,8612340,2026-08-30
wdp_bdp_db_dlk_l1_msk_view,mm_ts_card_pchs,2026-08-30,distinct_count,csno,8612340,2026-08-31
wdp_bdp_db_dlk_l1_msk_view,mm_ts_card_pchs,2026-08-31,distinct_count,csno,8612340,2026-09-01
wdp_bdp_db_dlk_l1_msk_view,mm_ts_card_pchs,2026-08-01,distinct_count,mcno,2876410,2026-08-02
wdp_bdp_db_dlk_l1_msk_view,mm_ts_card_pchs,2026-08-02,distinct_count,mcno,2876410,2026-08-03
wdp_bdp_db_dlk_l1_msk_view,mm_ts_card_pchs,2026-08-03,distinct_count,mcno,2876410,2026-08-04
wdp_bdp_db_dlk_l1_msk_view,mm_ts_card_pchs,2026-08-04,distinct_count,mcno,2876410,2026-08-05
wdp_bdp_db_dlk_l1_msk_view,mm_ts_card_pchs,2026-08-05,distinct_count,mcno,2876410,2026-08-06
wdp_bdp_db_dlk_l1_msk_view,mm_ts_card_pchs,2026-08-06,distinct_count,mcno,2876410,2026-08-07
wdp_bdp_db_dlk_l1_msk_view,mm_ts_card_pchs,2026-08-07,distinct_count,mcno,2876410,2026-08-08
wdp_bdp_db_dlk_l1_msk_view,mm_ts_card_pchs,2026-08-08,distinct_count,mcno,2876410,2026-08-09
wdp_bdp_db_dlk_l1_msk_view,mm_ts_card_pchs,2026-08-09,distinct_count,mcno,2876410,2026-08-10
wdp_bdp_db_dlk_l1_msk_view,mm_ts_card_pchs,2026-08-10,distinct_count,mcno,2876410,2026-08-11
wdp_bdp_db_dlk_l1_msk_view,mm_ts_card_pchs,2026-08-11,distinct_count,mcno,2876410,2026-08-12
wdp_bdp_db_dlk_l1_msk_view,mm_ts_card_pchs,2026-08-12,distinct_count,mcno,2876410,2026-08-13
wdp_bdp_db_dlk_l1_msk_view,mm_ts_card_pchs,2026-08-13,distinct_count,mcno,2876410,2026-08-14
wdp_bdp_db_dlk_l1_msk_view,mm_ts_card_pchs,2026-08-14,distinct_count,mcno,2876410,2026-08-15
wdp_bdp_db_dlk_l1_msk_view,mm_ts_card_pchs,2026-08-15,distinct_count,mcno,2876410,2026-08-16
wdp_bdp_db_dlk_l1_msk_view,mm_ts_card_pchs,2026-08-16,distinct_count,mcno,2876410,2026-08-17
wdp_bdp_db_dlk_l1_msk_view,mm_ts_card_pchs,2026-08-17,distinct_count,mcno,2876410,2026-08-18
wdp_bdp_db_dlk_l1_msk_view,mm_ts_card_pchs,2026-08-18,distinct_count,mcno,2876410,2026-08-19
wdp_bdp_db_dlk_l1_msk_view,mm_ts_card_pchs,2026-08-19,distinct_count,mcno,2876410,2026-08-20
wdp_bdp_db_dlk_l1_msk_view,mm_ts_card_pchs,2026-08-20,distinct_count,mcno,2876410,2026-08-21
wdp_bdp_db_dlk_l1_msk_view,mm_ts_card_pchs,2026-08-21,distinct_count,mcno,2876410,2026-08-22
wdp_bdp_db_dlk_l1_msk_view,mm_ts_card_pchs,2026-08-22,distinct_count,mcno,2876410,2026-08-23
wdp_bdp_db_dlk_l1_msk_view,mm_ts_card_pchs,2026-08-23,distinct_count,mcno,2876410,2026-08-24
wdp_bdp_db_dlk_l1_msk_view,mm_ts_card_pchs,2026-08-24,distinct_count,mcno,2876410,2026-08-25
wdp_bdp_db_dlk_l1_msk_view,mm_ts_card_pchs,2026-08-25,distinct_count,mcno,2876410,2026-08-26
wdp_bdp_db_dlk_l1_msk_view,mm_ts_card_pchs,2026-08-26,distinct_count,mcno,2876410,2026-08-27
wdp_bdp_db_dlk_l1_msk_view,mm_ts_card_pchs,2026-08-27,distinct_count,mcno,2876410,2026-08-28
wdp_bdp_db_dlk_l1_msk_view,mm_ts_card_pchs,2026-08-28,distinct_count,mcno,2876410,2026-08-29
wdp_bdp_db_dlk_l1_msk_view,mm_ts_card_pchs,2026-08-29,distinct_count,mcno,2876410,2026-08-30
wdp_bdp_db_dlk_l1_msk_view,mm_ts_card_pchs,2026-08-30,distinct_count,mcno,2876410,2026-08-31
wdp_bdp_db_dlk_l1_msk_view,mm_ts_card_pchs,2026-08-31,distinct_count,mcno,2876410,2026-09-01
wdp_bdp_db_dlk_l1_msk_view,mm_ts_card_pchs,2026-08-01,distinct_count,ns,18930000,2026-08-02
wdp_bdp_db_dlk_l1_msk_view,mm_ts_card_pchs,2026-08-02,distinct_count,ns,18930000,2026-08-03
wdp_bdp_db_dlk_l1_msk_view,mm_ts_card_pchs,2026-08-03,distinct_count,ns,18930000,2026-08-04
wdp_bdp_db_dlk_l1_msk_view,mm_ts_card_pchs,2026-08-04,distinct_count,ns,18930000,2026-08-05
wdp_bdp_db_dlk_l1_msk_view,mm_ts_card_pchs,2026-08-05,distinct_count,ns,18930000,2026-08-06
wdp_bdp_db_dlk_l1_msk_view,mm_ts_card_pchs,2026-08-06,distinct_count,ns,18930000,2026-08-07
wdp_bdp_db_dlk_l1_msk_view,mm_ts_card_pchs,2026-08-07,distinct_count,ns,18930000,2026-08-08
wdp_bdp_db_dlk_l1_msk_view,mm_ts_card_pchs,2026-08-08,distinct_count,ns,18930000,2026-08-09
wdp_bdp_db_dlk_l1_msk_view,mm_ts_card_pchs,2026-08-09,distinct_count,ns,18930000,2026-08-10
wdp_bdp_db_dlk_l1_msk_view,mm_ts_card_pchs,2026-08-10,distinct_count,ns,18930000,2026-08-11
wdp_bdp_db_dlk_l1_msk_view,mm_ts_card_pchs,2026-08-11,distinct_count,ns,18930000,2026-08-12
wdp_bdp_db_dlk_l1_msk_view,mm_ts_card_pchs,2026-08-12,distinct_count,ns,18930000,2026-08-13
wdp_bdp_db_dlk_l1_msk_view,mm_ts_card_pchs,2026-08-13,distinct_count,ns,18930000,2026-08-14
wdp_bdp_db_dlk_l1_msk_view,mm_ts_card_pchs,2026-08-14,distinct_count,ns,18930000,2026-08-15
wdp_bdp_db_dlk_l1_msk_view,mm_ts_card_pchs,2026-08-15,distinct_count,ns,18930000,2026-08-16
wdp_bdp_db_dlk_l1_msk_view,mm_ts_card_pchs,2026-08-16,distinct_count,ns,18930000,2026-08-17
wdp_bdp_db_dlk_l1_msk_view,mm_ts_card_pchs,2026-08-17,distinct_count,ns,18930000,2026-08-18
wdp_bdp_db_dlk_l1_msk_view,mm_ts_card_pchs,2026-08-18,distinct_count,ns,18930000,2026-08-19
wdp_bdp_db_dlk_l1_msk_view,mm_ts_card_pchs,2026-08-19,distinct_count,ns,18930000,2026-08-20
wdp_bdp_db_dlk_l1_msk_view,mm_ts_card_pchs,2026-08-20,distinct_count,ns,18930000,2026-08-21
wdp_bdp_db_dlk_l1_msk_view,mm_ts_card_pchs,2026-08-21,distinct_count,ns,18930000,2026-08-22
wdp_bdp_db_dlk_l1_msk_view,mm_ts_card_pchs,2026-08-22,distinct_count,ns,18930000,2026-08-23
wdp_bdp_db_dlk_l1_msk_view,mm_ts_card_pchs,2026-08-23,distinct_count,ns,18930000,2026-08-24
wdp_bdp_db_dlk_l1_msk_view,mm_ts_card_pchs,2026-08-24,distinct_count,ns,18930000,2026-08-25
wdp_bdp_db_dlk_l1_msk_view,mm_ts_card_pchs,2026-08-25,distinct_count,ns,18930000,2026-08-26
wdp_bdp_db_dlk_l1_msk_view,mm_ts_card_pchs,2026-08-26,distinct_count,ns,18930000,2026-08-27
wdp_bdp_db_dlk_l1_msk_view,mm_ts_card_pchs,2026-08-27,distinct_count,ns,18930000,2026-08-28
wdp_bdp_db_dlk_l1_msk_view,mm_ts_card_pchs,2026-08-28,distinct_count,ns,18930000,2026-08-29
wdp_bdp_db_dlk_l1_msk_view,mm_ts_card_pchs,2026-08-29,distinct_count,ns,18930000,2026-08-30
wdp_bdp_db_dlk_l1_msk_view,mm_ts_card_pchs,2026-08-30,distinct_count,ns,18930000,2026-08-31
wdp_bdp_db_dlk_l1_msk_view,mm_ts_card_pchs,2026-08-31,distinct_count,ns,18930000,2026-09-01
wdp_bdp_db_dlk_l1_msk_view,mm_ts_card_pchs,2026-08-01,null_count,csno,0,2026-08-02
wdp_bdp_db_dlk_l1_msk_view,mm_ts_card_pchs,2026-08-02,null_count,csno,0,2026-08-03
wdp_bdp_db_dlk_l1_msk_view,mm_ts_card_pchs,2026-08-03,null_count,csno,0,2026-08-04
wdp_bdp_db_dlk_l1_msk_view,mm_ts_card_pchs,2026-08-04,null_count,csno,0,2026-08-05
wdp_bdp_db_dlk_l1_msk_view,mm_ts_card_pchs,2026-08-05,null_count,csno,0,2026-08-06
wdp_bdp_db_dlk_l1_msk_view,mm_ts_card_pchs,2026-08-06,null_count,csno,0,2026-08-07
wdp_bdp_db_dlk_l1_msk_view,mm_ts_card_pchs,2026-08-07,null_count,csno,0,2026-08-08
wdp_bdp_db_dlk_l1_msk_view,mm_ts_card_pchs,2026-08-08,null_count,csno,0,2026-08-09
wdp_bdp_db_dlk_l1_msk_view,mm_ts_card_pchs,2026-08-09,null_count,csno,0,2026-08-10
wdp_bdp_db_dlk_l1_msk_view,mm_ts_card_pchs,2026-08-10,null_count,csno,0,2026-08-11
wdp_bdp_db_dlk_l1_msk_view,mm_ts_card_pchs,2026-08-11,null_count,csno,0,2026-08-12
wdp_bdp_db_dlk_l1_msk_view,mm_ts_card_pchs,2026-08-12,null_count,csno,0,2026-08-13
wdp_bdp_db_dlk_l1_msk_view,mm_ts_card_pchs,2026-08-13,null_count,csno,0,2026-08-14
wdp_bdp_db_dlk_l1_msk_view,mm_ts_card_pchs,2026-08-14,null_count,csno,0,2026-08-15
wdp_bdp_db_dlk_l1_msk_view,mm_ts_card_pchs,2026-08-15,null_count,csno,0,2026-08-16
wdp_bdp_db_dlk_l1_msk_view,mm_ts_card_pchs,2026-08-16,null_count,csno,0,2026-08-17
wdp_bdp_db_dlk_l1_msk_view,mm_ts_card_pchs,2026-08-17,null_count,csno,0,2026-08-18
wdp_bdp_db_dlk_l1_msk_view,mm_ts_card_pchs,2026-08-18,null_count,csno,0,2026-08-19
wdp_bdp_db_dlk_l1_msk_view,mm_ts_card_pchs,2026-08-19,null_count,csno,0,2026-08-20
wdp_bdp_db_dlk_l1_msk_view,mm_ts_card_pchs,2026-08-20,null_count,csno,0,2026-08-21
wdp_bdp_db_dlk_l1_msk_view,mm_ts_card_pchs,2026-08-21,null_count,csno,0,2026-08-22
wdp_bdp_db_dlk_l1_msk_view,mm_ts_card_pchs,2026-08-22,null_count,csno,0,2026-08-23
wdp_bdp_db_dlk_l1_msk_view,mm_ts_card_pchs,2026-08-23,null_count,csno,0,2026-08-24
wdp_bdp_db_dlk_l1_msk_view,mm_ts_card_pchs,2026-08-24,null_count,csno,0,2026-08-25
wdp_bdp_db_dlk_l1_msk_view,mm_ts_card_pchs,2026-08-25,null_count,csno,0,2026-08-26
wdp_bdp_db_dlk_l1_msk_view,mm_ts_card_pchs,2026-08-26,null_count,csno,0,2026-08-27
wdp_bdp_db_dlk_l1_msk_view,mm_ts_card_pchs,2026-08-27,null_count,csno,0,2026-08-28
wdp_bdp_db_dlk_l1_msk_view,mm_ts_card_pchs,2026-08-28,null_count,csno,0,2026-08-29
wdp_bdp_db_dlk_l1_msk_view,mm_ts_card_pchs,2026-08-29,null_count,csno,0,2026-08-30
wdp_bdp_db_dlk_l1_msk_view,mm_ts_card_pchs,2026-08-30,null_count,csno,0,2026-08-31
wdp_bdp_db_dlk_l1_msk_view,mm_ts_card_pchs,2026-08-31,null_count,csno,0,2026-09-01
wdp_bdp_db_dlk_l1_msk_view,mm_ts_card_pchs,2026-08-01,null_count,mcno,0,2026-08-02
wdp_bdp_db_dlk_l1_msk_view,mm_ts_card_pchs,2026-08-02,null_count,mcno,0,2026-08-03
wdp_bdp_db_dlk_l1_msk_view,mm_ts_card_pchs,2026-08-03,null_count,mcno,0,2026-08-04
wdp_bdp_db_dlk_l1_msk_view,mm_ts_card_pchs,2026-08-04,null_count,mcno,0,2026-08-05
wdp_bdp_db_dlk_l1_msk_view,mm_ts_card_pchs,2026-08-05,null_count,mcno,0,2026-08-06
wdp_bdp_db_dlk_l1_msk_view,mm_ts_card_pchs,2026-08-06,null_count,mcno,0,2026-08-07
wdp_bdp_db_dlk_l1_msk_view,mm_ts_card_pchs,2026-08-07,null_count,mcno,0,2026-08-08
wdp_bdp_db_dlk_l1_msk_view,mm_ts_card_pchs,2026-08-08,null_count,mcno,0,2026-08-09
wdp_bdp_db_dlk_l1_msk_view,mm_ts_card_pchs,2026-08-09,null_count,mcno,0,2026-08-10
wdp_bdp_db_dlk_l1_msk_view,mm_ts_card_pchs,2026-08-10,null_count,mcno,0,2026-08-11
wdp_bdp_db_dlk_l1_msk_view,mm_ts_card_pchs,2026-08-11,null_count,mcno,0,2026-08-12
wdp_bdp_db_dlk_l1_msk_view,mm_ts_card_pchs,2026-08-12,null_count,mcno,0,2026-08-13
wdp_bdp_db_dlk_l1_msk_view,mm_ts_card_pchs,2026-08-13,null_count,mcno,0,2026-08-14
wdp_bdp_db_dlk_l1_msk_view,mm_ts_card_pchs,2026-08-14,null_count,mcno,0,2026-08-15
wdp_bdp_db_dlk_l1_msk_view,mm_ts_card_pchs,2026-08-15,null_count,mcno,0,2026-08-16
wdp_bdp_db_dlk_l1_msk_view,mm_ts_card_pchs,2026-08-16,null_count,mcno,0,2026-08-17
wdp_bdp_db_dlk_l1_msk_view,mm_ts_card_pchs,2026-08-17,null_count,mcno,0,2026-08-18
wdp_bdp_db_dlk_l1_msk_view,mm_ts_card_pchs,2026-08-18,null_count,mcno,0,2026-08-19
wdp_bdp_db_dlk_l1_msk_view,mm_ts_card_pchs,2026-08-19,null_count,mcno,0,2026-08-20
wdp_bdp_db_dlk_l1_msk_view,mm_ts_card_pchs,2026-08-20,null_count,mcno,0,2026-08-21
wdp_bdp_db_dlk_l1_msk_view,mm_ts_card_pchs,2026-08-21,null_count,mcno,0,2026-08-22
wdp_bdp_db_dlk_l1_msk_view,mm_ts_card_pchs,2026-08-22,null_count,mcno,0,2026-08-23
wdp_bdp_db_dlk_l1_msk_view,mm_ts_card_pchs,2026-08-23,null_count,mcno,0,2026-08-24
wdp_bdp_db_dlk_l1_msk_view,mm_ts_card_pchs,2026-08-24,null_count,mcno,0,2026-08-25
wdp_bdp_db_dlk_l1_msk_view,mm_ts_card_pchs,2026-08-25,null_count,mcno,0,2026-08-26
wdp_bdp_db_dlk_l1_msk_view,mm_ts_card_pchs,2026-08-26,null_count,mcno,0,2026-08-27
wdp_bdp_db_dlk_l1_msk_view,mm_ts_card_pchs,2026-08-27,null_count,mcno,0,2026-08-28
wdp_bdp_db_dlk_l1_msk_view,mm_ts_card_pchs,2026-08-28,null_count,mcno,0,2026-08-29
wdp_bdp_db_dlk_l1_msk_view,mm_ts_card_pchs,2026-08-29,null_count,mcno,0,2026-08-30
wdp_bdp_db_dlk_l1_msk_view,mm_ts_card_pchs,2026-08-30,null_count,mcno,0,2026-08-31
wdp_bdp_db_dlk_l1_msk_view,mm_ts_card_pchs,2026-08-31,null_count,mcno,0,2026-09-01
wdp_bdp_db_dlk_l1_msk_view,mm_ts_card_pchs,2026-08-01,null_count,ns,0,2026-08-02
wdp_bdp_db_dlk_l1_msk_view,mm_ts_card_pchs,2026-08-02,null_count,ns,0,2026-08-03
wdp_bdp_db_dlk_l1_msk_view,mm_ts_card_pchs,2026-08-03,null_count,ns,0,2026-08-04
wdp_bdp_db_dlk_l1_msk_view,mm_ts_card_pchs,2026-08-04,null_count,ns,0,2026-08-05
wdp_bdp_db_dlk_l1_msk_view,mm_ts_card_pchs,2026-08-05,null_count,ns,0,2026-08-06
wdp_bdp_db_dlk_l1_msk_view,mm_ts_card_pchs,2026-08-06,null_count,ns,0,2026-08-07
wdp_bdp_db_dlk_l1_msk_view,mm_ts_card_pchs,2026-08-07,null_count,ns,0,2026-08-08
wdp_bdp_db_dlk_l1_msk_view,mm_ts_card_pchs,2026-08-08,null_count,ns,0,2026-08-09
wdp_bdp_db_dlk_l1_msk_view,mm_ts_card_pchs,2026-08-09,null_count,ns,0,2026-08-10
wdp_bdp_db_dlk_l1_msk_view,mm_ts_card_pchs,2026-08-10,null_count,ns,0,2026-08-11
wdp_bdp_db_dlk_l1_msk_view,mm_ts_card_pchs,2026-08-11,null_count,ns,0,2026-08-12
wdp_bdp_db_dlk_l1_msk_view,mm_ts_card_pchs,2026-08-12,null_count,ns,0,2026-08-13
wdp_bdp_db_dlk_l1_msk_view,mm_ts_card_pchs,2026-08-13,null_count,ns,0,2026-08-14
wdp_bdp_db_dlk_l1_msk_view,mm_ts_card_pchs,2026-08-14,null_count,ns,0,2026-08-15
wdp_bdp_db_dlk_l1_msk_view,mm_ts_card_pchs,2026-08-15,null_count,ns,0,2026-08-16
wdp_bdp_db_dlk_l1_msk_view,mm_ts_card_pchs,2026-08-16,null_count,ns,0,2026-08-17
wdp_bdp_db_dlk_l1_msk_view,mm_ts_card_pchs,2026-08-17,null_count,ns,0,2026-08-18
wdp_bdp_db_dlk_l1_msk_view,mm_ts_card_pchs,2026-08-18,null_count,ns,0,2026-08-19
wdp_bdp_db_dlk_l1_msk_view,mm_ts_card_pchs,2026-08-19,null_count,ns,0,2026-08-20
wdp_bdp_db_dlk_l1_msk_view,mm_ts_card_pchs,2026-08-20,null_count,ns,0,2026-08-21
wdp_bdp_db_dlk_l1_msk_view,mm_ts_card_pchs,2026-08-21,null_count,ns,0,2026-08-22
wdp_bdp_db_dlk_l1_msk_view,mm_ts_card_pchs,2026-08-22,null_count,ns,0,2026-08-23
wdp_bdp_db_dlk_l1_msk_view,mm_ts_card_pchs,2026-08-23,null_count,ns,0,2026-08-24
wdp_bdp_db_dlk_l1_msk_view,mm_ts_card_pchs,2026-08-24,null_count,ns,0,2026-08-25
wdp_bdp_db_dlk_l1_msk_view,mm_ts_card_pchs,2026-08-25,null_count,ns,0,2026-08-26
wdp_bdp_db_dlk_l1_msk_view,mm_ts_card_pchs,2026-08-26,null_count,ns,0,2026-08-27
wdp_bdp_db_dlk_l1_msk_view,mm_ts_card_pchs,2026-08-27,null_count,ns,0,2026-08-28
wdp_bdp_db_dlk_l1_msk_view,mm_ts_card_pchs,2026-08-28,null_count,ns,0,2026-08-29
wdp_bdp_db_dlk_l1_msk_view,mm_ts_card_pchs,2026-08-29,null_count,ns,0,2026-08-30
wdp_bdp_db_dlk_l1_msk_view,mm_ts_card_pchs,2026-08-30,null_count,ns,0,2026-08-31
wdp_bdp_db_dlk_l1_msk_view,mm_ts_card_pchs,2026-08-31,null_count,ns,0,2026-09-01
wdp_bdp_db_dlk_l1_msk_view,mm_mrch_rsl,2026-08-01,distinct_count,mccb_cd,1802,2026-08-02
wdp_bdp_db_dlk_l1_msk_view,mm_mrch_rsl,2026-08-02,distinct_count,mccb_cd,1802,2026-08-03
wdp_bdp_db_dlk_l1_msk_view,mm_mrch_rsl,2026-08-03,distinct_count,mccb_cd,1802,2026-08-04
wdp_bdp_db_dlk_l1_msk_view,mm_mrch_rsl,2026-08-04,distinct_count,mccb_cd,1802,2026-08-05
wdp_bdp_db_dlk_l1_msk_view,mm_mrch_rsl,2026-08-05,distinct_count,mccb_cd,1802,2026-08-06
wdp_bdp_db_dlk_l1_msk_view,mm_mrch_rsl,2026-08-06,distinct_count,mccb_cd,1802,2026-08-07
wdp_bdp_db_dlk_l1_msk_view,mm_mrch_rsl,2026-08-07,distinct_count,mccb_cd,1802,2026-08-08
wdp_bdp_db_dlk_l1_msk_view,mm_mrch_rsl,2026-08-08,distinct_count,mccb_cd,1802,2026-08-09
wdp_bdp_db_dlk_l1_msk_view,mm_mrch_rsl,2026-08-09,distinct_count,mccb_cd,1802,2026-08-10
wdp_bdp_db_dlk_l1_msk_view,mm_mrch_rsl,2026-08-10,distinct_count,mccb_cd,1802,2026-08-11
wdp_bdp_db_dlk_l1_msk_view,mm_mrch_rsl,2026-08-11,distinct_count,mccb_cd,1802,2026-08-12
wdp_bdp_db_dlk_l1_msk_view,mm_mrch_rsl,2026-08-12,distinct_count,mccb_cd,1802,2026-08-13
wdp_bdp_db_dlk_l1_msk_view,mm_mrch_rsl,2026-08-13,distinct_count,mccb_cd,1802,2026-08-14
wdp_bdp_db_dlk_l1_msk_view,mm_mrch_rsl,2026-08-14,distinct_count,mccb_cd,1802,2026-08-15
wdp_bdp_db_dlk_l1_msk_view,mm_mrch_rsl,2026-08-15,distinct_count,mccb_cd,1802,2026-08-16
wdp_bdp_db_dlk_l1_msk_view,mm_mrch_rsl,2026-08-16,distinct_count,mccb_cd,1802,2026-08-17
wdp_bdp_db_dlk_l1_msk_view,mm_mrch_rsl,2026-08-17,distinct_count,mccb_cd,1802,2026-08-18
wdp_bdp_db_dlk_l1_msk_view,mm_mrch_rsl,2026-08-18,distinct_count,mccb_cd,1802,2026-08-19
wdp_bdp_db_dlk_l1_msk_view,mm_mrch_rsl,2026-08-19,distinct_count,mccb_cd,1802,2026-08-20
wdp_bdp_db_dlk_l1_msk_view,mm_mrch_rsl,2026-08-20,distinct_count,mccb_cd,1802,2026-08-21
wdp_bdp_db_dlk_l1_msk_view,mm_mrch_rsl,2026-08-21,distinct_count,mccb_cd,1802,2026-08-22
wdp_bdp_db_dlk_l1_msk_view,mm_mrch_rsl,2026-08-22,distinct_count,mccb_cd,1802,2026-08-23
wdp_bdp_db_dlk_l1_msk_view,mm_mrch_rsl,2026-08-23,distinct_count,mccb_cd,1802,2026-08-24
wdp_bdp_db_dlk_l1_msk_view,mm_mrch_rsl,2026-08-24,distinct_count,mccb_cd,1802,2026-08-25
wdp_bdp_db_dlk_l1_msk_view,mm_mrch_rsl,2026-08-25,distinct_count,mccb_cd,1802,2026-08-26
wdp_bdp_db_dlk_l1_msk_view,mm_mrch_rsl,2026-08-26,distinct_count,mccb_cd,1802,2026-08-27
wdp_bdp_db_dlk_l1_msk_view,mm_mrch_rsl,2026-08-27,distinct_count,mccb_cd,1802,2026-08-28
wdp_bdp_db_dlk_l1_msk_view,mm_mrch_rsl,2026-08-28,distinct_count,mccb_cd,1802,2026-08-29
wdp_bdp_db_dlk_l1_msk_view,mm_mrch_rsl,2026-08-29,distinct_count,mccb_cd,1802,2026-08-30
wdp_bdp_db_dlk_l1_msk_view,mm_mrch_rsl,2026-08-30,distinct_count,mccb_cd,1802,2026-08-31
wdp_bdp_db_dlk_l1_msk_view,mm_mrch_rsl,2026-08-31,distinct_count,mccb_cd,1802,2026-09-01
wdp_bdp_db_dlk_l1_msk_view,mm_mrch_rsl,2026-08-01,distinct_count,mcno,2148560,2026-08-02
wdp_bdp_db_dlk_l1_msk_view,mm_mrch_rsl,2026-08-02,distinct_count,mcno,2148560,2026-08-03
wdp_bdp_db_dlk_l1_msk_view,mm_mrch_rsl,2026-08-03,distinct_count,mcno,2148560,2026-08-04
wdp_bdp_db_dlk_l1_msk_view,mm_mrch_rsl,2026-08-04,distinct_count,mcno,2148560,2026-08-05
wdp_bdp_db_dlk_l1_msk_view,mm_mrch_rsl,2026-08-05,distinct_count,mcno,2148560,2026-08-06
wdp_bdp_db_dlk_l1_msk_view,mm_mrch_rsl,2026-08-06,distinct_count,mcno,2148560,2026-08-07
wdp_bdp_db_dlk_l1_msk_view,mm_mrch_rsl,2026-08-07,distinct_count,mcno,2148560,2026-08-08
wdp_bdp_db_dlk_l1_msk_view,mm_mrch_rsl,2026-08-08,distinct_count,mcno,2148560,2026-08-09
wdp_bdp_db_dlk_l1_msk_view,mm_mrch_rsl,2026-08-09,distinct_count,mcno,2148560,2026-08-10
wdp_bdp_db_dlk_l1_msk_view,mm_mrch_rsl,2026-08-10,distinct_count,mcno,2148560,2026-08-11
wdp_bdp_db_dlk_l1_msk_view,mm_mrch_rsl,2026-08-11,distinct_count,mcno,2148560,2026-08-12
wdp_bdp_db_dlk_l1_msk_view,mm_mrch_rsl,2026-08-12,distinct_count,mcno,2148560,2026-08-13
wdp_bdp_db_dlk_l1_msk_view,mm_mrch_rsl,2026-08-13,distinct_count,mcno,2148560,2026-08-14
wdp_bdp_db_dlk_l1_msk_view,mm_mrch_rsl,2026-08-14,distinct_count,mcno,2148560,2026-08-15
wdp_bdp_db_dlk_l1_msk_view,mm_mrch_rsl,2026-08-15,distinct_count,mcno,2148560,2026-08-16
wdp_bdp_db_dlk_l1_msk_view,mm_mrch_rsl,2026-08-16,distinct_count,mcno,2148560,2026-08-17
wdp_bdp_db_dlk_l1_msk_view,mm_mrch_rsl,2026-08-17,distinct_count,mcno,2148560,2026-08-18
wdp_bdp_db_dlk_l1_msk_view,mm_mrch_rsl,2026-08-18,distinct_count,mcno,2148560,2026-08-19
wdp_bdp_db_dlk_l1_msk_view,mm_mrch_rsl,2026-08-19,distinct_count,mcno,2148560,2026-08-20
wdp_bdp_db_dlk_l1_msk_view,mm_mrch_rsl,2026-08-20,distinct_count,mcno,2148560,2026-08-21
wdp_bdp_db_dlk_l1_msk_view,mm_mrch_rsl,2026-08-21,distinct_count,mcno,2148560,2026-08-22
wdp_bdp_db_dlk_l1_msk_view,mm_mrch_rsl,2026-08-22,distinct_count,mcno,2148560,2026-08-23
wdp_bdp_db_dlk_l1_msk_view,mm_mrch_rsl,2026-08-23,distinct_count,mcno,2148560,2026-08-24
wdp_bdp_db_dlk_l1_msk_view,mm_mrch_rsl,2026-08-24,distinct_count,mcno,2148560,2026-08-25
wdp_bdp_db_dlk_l1_msk_view,mm_mrch_rsl,2026-08-25,distinct_count,mcno,2148560,2026-08-26
wdp_bdp_db_dlk_l1_msk_view,mm_mrch_rsl,2026-08-26,distinct_count,mcno,2148560,2026-08-27
wdp_bdp_db_dlk_l1_msk_view,mm_mrch_rsl,2026-08-27,distinct_count,mcno,2148560,2026-08-28
wdp_bdp_db_dlk_l1_msk_view,mm_mrch_rsl,2026-08-28,distinct_count,mcno,2148560,2026-08-29
wdp_bdp_db_dlk_l1_msk_view,mm_mrch_rsl,2026-08-29,distinct_count,mcno,2148560,2026-08-30
wdp_bdp_db_dlk_l1_msk_view,mm_mrch_rsl,2026-08-30,distinct_count,mcno,2148560,2026-08-31
wdp_bdp_db_dlk_l1_msk_view,mm_mrch_rsl,2026-08-31,distinct_count,mcno,2148560,2026-09-01
wdp_bdp_db_dlk_l1_msk_view,mm_mrch_rsl,2026-08-01,null_count,mccb_cd,0,2026-08-02
wdp_bdp_db_dlk_l1_msk_view,mm_mrch_rsl,2026-08-02,null_count,mccb_cd,0,2026-08-03
wdp_bdp_db_dlk_l1_msk_view,mm_mrch_rsl,2026-08-03,null_count,mccb_cd,0,2026-08-04
wdp_bdp_db_dlk_l1_msk_view,mm_mrch_rsl,2026-08-04,null_count,mccb_cd,0,2026-08-05
wdp_bdp_db_dlk_l1_msk_view,mm_mrch_rsl,2026-08-05,null_count,mccb_cd,0,2026-08-06
wdp_bdp_db_dlk_l1_msk_view,mm_mrch_rsl,2026-08-06,null_count,mccb_cd,0,2026-08-07
wdp_bdp_db_dlk_l1_msk_view,mm_mrch_rsl,2026-08-07,null_count,mccb_cd,0,2026-08-08
wdp_bdp_db_dlk_l1_msk_view,mm_mrch_rsl,2026-08-08,null_count,mccb_cd,0,2026-08-09
wdp_bdp_db_dlk_l1_msk_view,mm_mrch_rsl,2026-08-09,null_count,mccb_cd,0,2026-08-10
wdp_bdp_db_dlk_l1_msk_view,mm_mrch_rsl,2026-08-10,null_count,mccb_cd,0,2026-08-11
wdp_bdp_db_dlk_l1_msk_view,mm_mrch_rsl,2026-08-11,null_count,mccb_cd,0,2026-08-12
wdp_bdp_db_dlk_l1_msk_view,mm_mrch_rsl,2026-08-12,null_count,mccb_cd,0,2026-08-13
wdp_bdp_db_dlk_l1_msk_view,mm_mrch_rsl,2026-08-13,null_count,mccb_cd,0,2026-08-14
wdp_bdp_db_dlk_l1_msk_view,mm_mrch_rsl,2026-08-14,null_count,mccb_cd,0,2026-08-15
wdp_bdp_db_dlk_l1_msk_view,mm_mrch_rsl,2026-08-15,null_count,mccb_cd,0,2026-08-16
wdp_bdp_db_dlk_l1_msk_view,mm_mrch_rsl,2026-08-16,null_count,mccb_cd,0,2026-08-17
wdp_bdp_db_dlk_l1_msk_view,mm_mrch_rsl,2026-08-17,null_count,mccb_cd,0,2026-08-18
wdp_bdp_db_dlk_l1_msk_view,mm_mrch_rsl,2026-08-18,null_count,mccb_cd,0,2026-08-19
wdp_bdp_db_dlk_l1_msk_view,mm_mrch_rsl,2026-08-19,null_count,mccb_cd,0,2026-08-20
wdp_bdp_db_dlk_l1_msk_view,mm_mrch_rsl,2026-08-20,null_count,mccb_cd,0,2026-08-21
wdp_bdp_db_dlk_l1_msk_view,mm_mrch_rsl,2026-08-21,null_count,mccb_cd,0,2026-08-22
wdp_bdp_db_dlk_l1_msk_view,mm_mrch_rsl,2026-08-22,null_count,mccb_cd,0,2026-08-23
wdp_bdp_db_dlk_l1_msk_view,mm_mrch_rsl,2026-08-23,null_count,mccb_cd,0,2026-08-24
wdp_bdp_db_dlk_l1_msk_view,mm_mrch_rsl,2026-08-24,null_count,mccb_cd,0,2026-08-25
wdp_bdp_db_dlk_l1_msk_view,mm_mrch_rsl,2026-08-25,null_count,mccb_cd,0,2026-08-26
wdp_bdp_db_dlk_l1_msk_view,mm_mrch_rsl,2026-08-26,null_count,mccb_cd,0,2026-08-27
wdp_bdp_db_dlk_l1_msk_view,mm_mrch_rsl,2026-08-27,null_count,mccb_cd,0,2026-08-28
wdp_bdp_db_dlk_l1_msk_view,mm_mrch_rsl,2026-08-28,null_count,mccb_cd,0,2026-08-29
wdp_bdp_db_dlk_l1_msk_view,mm_mrch_rsl,2026-08-29,null_count,mccb_cd,0,2026-08-30
wdp_bdp_db_dlk_l1_msk_view,mm_mrch_rsl,2026-08-30,null_count,mccb_cd,0,2026-08-31
wdp_bdp_db_dlk_l1_msk_view,mm_mrch_rsl,2026-08-31,null_count,mccb_cd,0,2026-09-01
wdp_bdp_db_dlk_l1_msk_view,mm_mrch_rsl,2026-08-01,null_count,mcno,0,2026-08-02
wdp_bdp_db_dlk_l1_msk_view,mm_mrch_rsl,2026-08-02,null_count,mcno,0,2026-08-03
wdp_bdp_db_dlk_l1_msk_view,mm_mrch_rsl,2026-08-03,null_count,mcno,0,2026-08-04
wdp_bdp_db_dlk_l1_msk_view,mm_mrch_rsl,2026-08-04,null_count,mcno,0,2026-08-05
wdp_bdp_db_dlk_l1_msk_view,mm_mrch_rsl,2026-08-05,null_count,mcno,0,2026-08-06
wdp_bdp_db_dlk_l1_msk_view,mm_mrch_rsl,2026-08-06,null_count,mcno,0,2026-08-07
wdp_bdp_db_dlk_l1_msk_view,mm_mrch_rsl,2026-08-07,null_count,mcno,0,2026-08-08
wdp_bdp_db_dlk_l1_msk_view,mm_mrch_rsl,2026-08-08,null_count,mcno,0,2026-08-09
wdp_bdp_db_dlk_l1_msk_view,mm_mrch_rsl,2026-08-09,null_count,mcno,0,2026-08-10
wdp_bdp_db_dlk_l1_msk_view,mm_mrch_rsl,2026-08-10,null_count,mcno,0,2026-08-11
wdp_bdp_db_dlk_l1_msk_view,mm_mrch_rsl,2026-08-11,null_count,mcno,0,2026-08-12
wdp_bdp_db_dlk_l1_msk_view,mm_mrch_rsl,2026-08-12,null_count,mcno,0,2026-08-13
wdp_bdp_db_dlk_l1_msk_view,mm_mrch_rsl,2026-08-13,null_count,mcno,0,2026-08-14
wdp_bdp_db_dlk_l1_msk_view,mm_mrch_rsl,2026-08-14,null_count,mcno,0,2026-08-15
wdp_bdp_db_dlk_l1_msk_view,mm_mrch_rsl,2026-08-15,null_count,mcno,0,2026-08-16
wdp_bdp_db_dlk_l1_msk_view,mm_mrch_rsl,2026-08-16,null_count,mcno,0,2026-08-17
wdp_bdp_db_dlk_l1_msk_view,mm_mrch_rsl,2026-08-17,null_count,mcno,0,2026-08-18
wdp_bdp_db_dlk_l1_msk_view,mm_mrch_rsl,2026-08-18,null_count,mcno,0,2026-08-19
wdp_bdp_db_dlk_l1_msk_view,mm_mrch_rsl,2026-08-19,null_count,mcno,0,2026-08-20
wdp_bdp_db_dlk_l1_msk_view,mm_mrch_rsl,2026-08-20,null_count,mcno,0,2026-08-21
wdp_bdp_db_dlk_l1_msk_view,mm_mrch_rsl,2026-08-21,null_count,mcno,0,2026-08-22
wdp_bdp_db_dlk_l1_msk_view,mm_mrch_rsl,2026-08-22,null_count,mcno,0,2026-08-23
wdp_bdp_db_dlk_l1_msk_view,mm_mrch_rsl,2026-08-23,null_count,mcno,0,2026-08-24
wdp_bdp_db_dlk_l1_msk_view,mm_mrch_rsl,2026-08-24,null_count,mcno,0,2026-08-25
wdp_bdp_db_dlk_l1_msk_view,mm_mrch_rsl,2026-08-25,null_count,mcno,0,2026-08-26
wdp_bdp_db_dlk_l1_msk_view,mm_mrch_rsl,2026-08-26,null_count,mcno,0,2026-08-27
wdp_bdp_db_dlk_l1_msk_view,mm_mrch_rsl,2026-08-27,null_count,mcno,0,2026-08-28
wdp_bdp_db_dlk_l1_msk_view,mm_mrch_rsl,2026-08-28,null_count,mcno,0,2026-08-29
wdp_bdp_db_dlk_l1_msk_view,mm_mrch_rsl,2026-08-29,null_count,mcno,0,2026-08-30
wdp_bdp_db_dlk_l1_msk_view,mm_mrch_rsl,2026-08-30,null_count,mcno,0,2026-08-31
wdp_bdp_db_dlk_l1_msk_view,mm_mrch_rsl,2026-08-31,null_count,mcno,0,2026-09-01
wdp_bdp_db_dlk_l1_msk_view,mm_pld_use_rsl,2026-08-01,distinct_count,csno,6231880,2026-08-02
wdp_bdp_db_dlk_l1_msk_view,mm_pld_use_rsl,2026-08-02,distinct_count,csno,6231880,2026-08-03
wdp_bdp_db_dlk_l1_msk_view,mm_pld_use_rsl,2026-08-03,distinct_count,csno,6231880,2026-08-04
wdp_bdp_db_dlk_l1_msk_view,mm_pld_use_rsl,2026-08-04,distinct_count,csno,6231880,2026-08-05
wdp_bdp_db_dlk_l1_msk_view,mm_pld_use_rsl,2026-08-05,distinct_count,csno,6231880,2026-08-06
wdp_bdp_db_dlk_l1_msk_view,mm_pld_use_rsl,2026-08-06,distinct_count,csno,6231880,2026-08-07
wdp_bdp_db_dlk_l1_msk_view,mm_pld_use_rsl,2026-08-07,distinct_count,csno,6231880,2026-08-08
wdp_bdp_db_dlk_l1_msk_view,mm_pld_use_rsl,2026-08-08,distinct_count,csno,6231880,2026-08-09
wdp_bdp_db_dlk_l1_msk_view,mm_pld_use_rsl,2026-08-09,distinct_count,csno,6231880,2026-08-10
wdp_bdp_db_dlk_l1_msk_view,mm_pld_use_rsl,2026-08-10,distinct_count,csno,6231880,2026-08-11
wdp_bdp_db_dlk_l1_msk_view,mm_pld_use_rsl,2026-08-11,distinct_count,csno,6231880,2026-08-12
wdp_bdp_db_dlk_l1_msk_view,mm_pld_use_rsl,2026-08-12,distinct_count,csno,6231880,2026-08-13
wdp_bdp_db_dlk_l1_msk_view,mm_pld_use_rsl,2026-08-13,distinct_count,csno,6231880,2026-08-14
wdp_bdp_db_dlk_l1_msk_view,mm_pld_use_rsl,2026-08-14,distinct_count,csno,6231880,2026-08-15
wdp_bdp_db_dlk_l1_msk_view,mm_pld_use_rsl,2026-08-15,distinct_count,csno,6231880,2026-08-16
wdp_bdp_db_dlk_l1_msk_view,mm_pld_use_rsl,2026-08-16,distinct_count,csno,6231880,2026-08-17
wdp_bdp_db_dlk_l1_msk_view,mm_pld_use_rsl,2026-08-17,distinct_count,csno,6231880,2026-08-18
wdp_bdp_db_dlk_l1_msk_view,mm_pld_use_rsl,2026-08-18,distinct_count,csno,6231880,2026-08-19
wdp_bdp_db_dlk_l1_msk_view,mm_pld_use_rsl,2026-08-19,distinct_count,csno,6231880,2026-08-20
wdp_bdp_db_dlk_l1_msk_view,mm_pld_use_rsl,2026-08-20,distinct_count,csno,6231880,2026-08-21
wdp_bdp_db_dlk_l1_msk_view,mm_pld_use_rsl,2026-08-21,distinct_count,csno,6231880,2026-08-22
wdp_bdp_db_dlk_l1_msk_view,mm_pld_use_rsl,2026-08-22,distinct_count,csno,6231880,2026-08-23
wdp_bdp_db_dlk_l1_msk_view,mm_pld_use_rsl,2026-08-23,distinct_count,csno,6231880,2026-08-24
wdp_bdp_db_dlk_l1_msk_view,mm_pld_use_rsl,2026-08-24,distinct_count,csno,6231880,2026-08-25
wdp_bdp_db_dlk_l1_msk_view,mm_pld_use_rsl,2026-08-25,distinct_count,csno,6231880,2026-08-26
wdp_bdp_db_dlk_l1_msk_view,mm_pld_use_rsl,2026-08-26,distinct_count,csno,6231880,2026-08-27
wdp_bdp_db_dlk_l1_msk_view,mm_pld_use_rsl,2026-08-27,distinct_count,csno,6231880,2026-08-28
wdp_bdp_db_dlk_l1_msk_view,mm_pld_use_rsl,2026-08-28,distinct_count,csno,6231880,2026-08-29
wdp_bdp_db_dlk_l1_msk_view,mm_pld_use_rsl,2026-08-29,distinct_count,csno,6231880,2026-08-30
wdp_bdp_db_dlk_l1_msk_view,mm_pld_use_rsl,2026-08-30,distinct_count,csno,6231880,2026-08-31
wdp_bdp_db_dlk_l1_msk_view,mm_pld_use_rsl,2026-08-31,distinct_count,csno,6231880,2026-09-01
wdp_bdp_db_dlk_l1_msk_view,mm_pld_use_rsl,2026-08-01,null_count,csno,0,2026-08-02
wdp_bdp_db_dlk_l1_msk_view,mm_pld_use_rsl,2026-08-02,null_count,csno,0,2026-08-03
wdp_bdp_db_dlk_l1_msk_view,mm_pld_use_rsl,2026-08-03,null_count,csno,0,2026-08-04
wdp_bdp_db_dlk_l1_msk_view,mm_pld_use_rsl,2026-08-04,null_count,csno,0,2026-08-05
wdp_bdp_db_dlk_l1_msk_view,mm_pld_use_rsl,2026-08-05,null_count,csno,0,2026-08-06
wdp_bdp_db_dlk_l1_msk_view,mm_pld_use_rsl,2026-08-06,null_count,csno,0,2026-08-07
wdp_bdp_db_dlk_l1_msk_view,mm_pld_use_rsl,2026-08-07,null_count,csno,0,2026-08-08
wdp_bdp_db_dlk_l1_msk_view,mm_pld_use_rsl,2026-08-08,null_count,csno,0,2026-08-09
wdp_bdp_db_dlk_l1_msk_view,mm_pld_use_rsl,2026-08-09,null_count,csno,0,2026-08-10
wdp_bdp_db_dlk_l1_msk_view,mm_pld_use_rsl,2026-08-10,null_count,csno,0,2026-08-11
wdp_bdp_db_dlk_l1_msk_view,mm_pld_use_rsl,2026-08-11,null_count,csno,0,2026-08-12
wdp_bdp_db_dlk_l1_msk_view,mm_pld_use_rsl,2026-08-12,null_count,csno,0,2026-08-13
wdp_bdp_db_dlk_l1_msk_view,mm_pld_use_rsl,2026-08-13,null_count,csno,0,2026-08-14
wdp_bdp_db_dlk_l1_msk_view,mm_pld_use_rsl,2026-08-14,null_count,csno,0,2026-08-15
wdp_bdp_db_dlk_l1_msk_view,mm_pld_use_rsl,2026-08-15,null_count,csno,0,2026-08-16
wdp_bdp_db_dlk_l1_msk_view,mm_pld_use_rsl,2026-08-16,null_count,csno,0,2026-08-17
wdp_bdp_db_dlk_l1_msk_view,mm_pld_use_rsl,2026-08-17,null_count,csno,0,2026-08-18
wdp_bdp_db_dlk_l1_msk_view,mm_pld_use_rsl,2026-08-18,null_count,csno,0,2026-08-19
wdp_bdp_db_dlk_l1_msk_view,mm_pld_use_rsl,2026-08-19,null_count,csno,0,2026-08-20
wdp_bdp_db_dlk_l1_msk_view,mm_pld_use_rsl,2026-08-20,null_count,csno,0,2026-08-21
wdp_bdp_db_dlk_l1_msk_view,mm_pld_use_rsl,2026-08-21,null_count,csno,0,2026-08-22
wdp_bdp_db_dlk_l1_msk_view,mm_pld_use_rsl,2026-08-22,null_count,csno,0,2026-08-23
wdp_bdp_db_dlk_l1_msk_view,mm_pld_use_rsl,2026-08-23,null_count,csno,0,2026-08-24
wdp_bdp_db_dlk_l1_msk_view,mm_pld_use_rsl,2026-08-24,null_count,csno,0,2026-08-25
wdp_bdp_db_dlk_l1_msk_view,mm_pld_use_rsl,2026-08-25,null_count,csno,0,2026-08-26
wdp_bdp_db_dlk_l1_msk_view,mm_pld_use_rsl,2026-08-26,null_count,csno,0,2026-08-27
wdp_bdp_db_dlk_l1_msk_view,mm_pld_use_rsl,2026-08-27,null_count,csno,0,2026-08-28
wdp_bdp_db_dlk_l1_msk_view,mm_pld_use_rsl,2026-08-28,null_count,csno,0,2026-08-29
wdp_bdp_db_dlk_l1_msk_view,mm_pld_use_rsl,2026-08-29,null_count,csno,0,2026-08-30
wdp_bdp_db_dlk_l1_msk_view,mm_pld_use_rsl,2026-08-30,null_count,csno,0,2026-08-31
wdp_bdp_db_dlk_l1_msk_view,mm_pld_use_rsl,2026-08-31,null_count,csno,0,2026-09-01
wdp_bdp_db_dlk_l1_msk_view,ld_clm_ncob_clas_info,2026-08-01,distinct_count,clm_cd_nm,87,2026-08-02
wdp_bdp_db_dlk_l1_msk_view,ld_clm_ncob_clas_info,2026-08-02,distinct_count,clm_cd_nm,87,2026-08-03
wdp_bdp_db_dlk_l1_msk_view,ld_clm_ncob_clas_info,2026-08-03,distinct_count,clm_cd_nm,87,2026-08-04
wdp_bdp_db_dlk_l1_msk_view,ld_clm_ncob_clas_info,2026-08-04,distinct_count,clm_cd_nm,87,2026-08-05
wdp_bdp_db_dlk_l1_msk_view,ld_clm_ncob_clas_info,2026-08-05,distinct_count,clm_cd_nm,87,2026-08-06
wdp_bdp_db_dlk_l1_msk_view,ld_clm_ncob_clas_info,2026-08-06,distinct_count,clm_cd_nm,87,2026-08-07
wdp_bdp_db_dlk_l1_msk_view,ld_clm_ncob_clas_info,2026-08-07,distinct_count,clm_cd_nm,87,2026-08-08
wdp_bdp_db_dlk_l1_msk_view,ld_clm_ncob_clas_info,2026-08-08,distinct_count,clm_cd_nm,87,2026-08-09
wdp_bdp_db_dlk_l1_msk_view,ld_clm_ncob_clas_info,2026-08-09,distinct_count,clm_cd_nm,87,2026-08-10
wdp_bdp_db_dlk_l1_msk_view,ld_clm_ncob_clas_info,2026-08-10,distinct_count,clm_cd_nm,87,2026-08-11
wdp_bdp_db_dlk_l1_msk_view,ld_clm_ncob_clas_info,2026-08-11,distinct_count,clm_cd_nm,87,2026-08-12
wdp_bdp_db_dlk_l1_msk_view,ld_clm_ncob_clas_info,2026-08-12,distinct_count,clm_cd_nm,87,2026-08-13
wdp_bdp_db_dlk_l1_msk_view,ld_clm_ncob_clas_info,2026-08-13,distinct_count,clm_cd_nm,87,2026-08-14
wdp_bdp_db_dlk_l1_msk_view,ld_clm_ncob_clas_info,2026-08-14,distinct_count,clm_cd_nm,87,2026-08-15
wdp_bdp_db_dlk_l1_msk_view,ld_clm_ncob_clas_info,2026-08-15,distinct_count,clm_cd_nm,87,2026-08-16
wdp_bdp_db_dlk_l1_msk_view,ld_clm_ncob_clas_info,2026-08-16,distinct_count,clm_cd_nm,87,2026-08-17
wdp_bdp_db_dlk_l1_msk_view,ld_clm_ncob_clas_info,2026-08-17,distinct_count,clm_cd_nm,87,2026-08-18
wdp_bdp_db_dlk_l1_msk_view,ld_clm_ncob_clas_info,2026-08-18,distinct_count,clm_cd_nm,87,2026-08-19
wdp_bdp_db_dlk_l1_msk_view,ld_clm_ncob_clas_info,2026-08-19,distinct_count,clm_cd_nm,87,2026-08-20
wdp_bdp_db_dlk_l1_msk_view,ld_clm_ncob_clas_info,2026-08-20,distinct_count,clm_cd_nm,87,2026-08-21
wdp_bdp_db_dlk_l1_msk_view,ld_clm_ncob_clas_info,2026-08-21,distinct_count,clm_cd_nm,87,2026-08-22
wdp_bdp_db_dlk_l1_msk_view,ld_clm_ncob_clas_info,2026-08-22,distinct_count,clm_cd_nm,87,2026-08-23
wdp_bdp_db_dlk_l1_msk_view,ld_clm_ncob_clas_info,2026-08-23,distinct_count,clm_cd_nm,87,2026-08-24
wdp_bdp_db_dlk_l1_msk_view,ld_clm_ncob_clas_info,2026-08-24,distinct_count,clm_cd_nm,87,2026-08-25
wdp_bdp_db_dlk_l1_msk_view,ld_clm_ncob_clas_info,2026-08-25,distinct_count,clm_cd_nm,87,2026-08-26
wdp_bdp_db_dlk_l1_msk_view,ld_clm_ncob_clas_info,2026-08-26,distinct_count,clm_cd_nm,87,2026-08-27
wdp_bdp_db_dlk_l1_msk_view,ld_clm_ncob_clas_info,2026-08-27,distinct_count,clm_cd_nm,87,2026-08-28
wdp_bdp_db_dlk_l1_msk_view,ld_clm_ncob_clas_info,2026-08-28,distinct_count,clm_cd_nm,87,2026-08-29
wdp_bdp_db_dlk_l1_msk_view,ld_clm_ncob_clas_info,2026-08-29,distinct_count,clm_cd_nm,87,2026-08-30
wdp_bdp_db_dlk_l1_msk_view,ld_clm_ncob_clas_info,2026-08-30,distinct_count,clm_cd_nm,87,2026-08-31
wdp_bdp_db_dlk_l1_msk_view,ld_clm_ncob_clas_info,2026-08-31,distinct_count,clm_cd_nm,87,2026-09-01
wdp_bdp_db_dlk_l1_msk_view,ld_clm_ncob_clas_info,2026-08-01,distinct_count,mccb_cd,1868,2026-08-02
wdp_bdp_db_dlk_l1_msk_view,ld_clm_ncob_clas_info,2026-08-02,distinct_count,mccb_cd,1864,2026-08-03
wdp_bdp_db_dlk_l1_msk_view,ld_clm_ncob_clas_info,2026-08-03,distinct_count,mccb_cd,1868,2026-08-04
wdp_bdp_db_dlk_l1_msk_view,ld_clm_ncob_clas_info,2026-08-04,distinct_count,mccb_cd,1864,2026-08-05
wdp_bdp_db_dlk_l1_msk_view,ld_clm_ncob_clas_info,2026-08-05,distinct_count,mccb_cd,1867,2026-08-06
wdp_bdp_db_dlk_l1_msk_view,ld_clm_ncob_clas_info,2026-08-06,distinct_count,mccb_cd,1870,2026-08-07
wdp_bdp_db_dlk_l1_msk_view,ld_clm_ncob_clas_info,2026-08-07,distinct_count,mccb_cd,1869,2026-08-08
wdp_bdp_db_dlk_l1_msk_view,ld_clm_ncob_clas_info,2026-08-08,distinct_count,mccb_cd,1868,2026-08-09
wdp_bdp_db_dlk_l1_msk_view,ld_clm_ncob_clas_info,2026-08-09,distinct_count,mccb_cd,1870,2026-08-10
wdp_bdp_db_dlk_l1_msk_view,ld_clm_ncob_clas_info,2026-08-10,distinct_count,mccb_cd,1873,2026-08-11
wdp_bdp_db_dlk_l1_msk_view,ld_clm_ncob_clas_info,2026-08-11,distinct_count,mccb_cd,1868,2026-08-12
wdp_bdp_db_dlk_l1_msk_view,ld_clm_ncob_clas_info,2026-08-12,distinct_count,mccb_cd,1871,2026-08-13
wdp_bdp_db_dlk_l1_msk_view,ld_clm_ncob_clas_info,2026-08-13,distinct_count,mccb_cd,1872,2026-08-14
wdp_bdp_db_dlk_l1_msk_view,ld_clm_ncob_clas_info,2026-08-14,distinct_count,mccb_cd,1873,2026-08-15
wdp_bdp_db_dlk_l1_msk_view,ld_clm_ncob_clas_info,2026-08-15,distinct_count,mccb_cd,1872,2026-08-16
wdp_bdp_db_dlk_l1_msk_view,ld_clm_ncob_clas_info,2026-08-16,distinct_count,mccb_cd,1871,2026-08-17
wdp_bdp_db_dlk_l1_msk_view,ld_clm_ncob_clas_info,2026-08-17,distinct_count,mccb_cd,1870,2026-08-18
wdp_bdp_db_dlk_l1_msk_view,ld_clm_ncob_clas_info,2026-08-18,distinct_count,mccb_cd,1870,2026-08-19
wdp_bdp_db_dlk_l1_msk_view,ld_clm_ncob_clas_info,2026-08-19,distinct_count,mccb_cd,1872,2026-08-20
wdp_bdp_db_dlk_l1_msk_view,ld_clm_ncob_clas_info,2026-08-20,distinct_count,mccb_cd,1871,2026-08-21
wdp_bdp_db_dlk_l1_msk_view,ld_clm_ncob_clas_info,2026-08-21,distinct_count,mccb_cd,1870,2026-08-22
wdp_bdp_db_dlk_l1_msk_view,ld_clm_ncob_clas_info,2026-08-22,distinct_count,mccb_cd,1875,2026-08-23
wdp_bdp_db_dlk_l1_msk_view,ld_clm_ncob_clas_info,2026-08-23,distinct_count,mccb_cd,1877,2026-08-24
wdp_bdp_db_dlk_l1_msk_view,ld_clm_ncob_clas_info,2026-08-24,distinct_count,mccb_cd,1873,2026-08-25
wdp_bdp_db_dlk_l1_msk_view,ld_clm_ncob_clas_info,2026-08-25,distinct_count,mccb_cd,1875,2026-08-26
wdp_bdp_db_dlk_l1_msk_view,ld_clm_ncob_clas_info,2026-08-26,distinct_count,mccb_cd,1874,2026-08-27
wdp_bdp_db_dlk_l1_msk_view,ld_clm_ncob_clas_info,2026-08-27,distinct_count,mccb_cd,1879,2026-08-28
wdp_bdp_db_dlk_l1_msk_view,ld_clm_ncob_clas_info,2026-08-28,distinct_count,mccb_cd,1878,2026-08-29
wdp_bdp_db_dlk_l1_msk_view,ld_clm_ncob_clas_info,2026-08-29,distinct_count,mccb_cd,1877,2026-08-30
wdp_bdp_db_dlk_l1_msk_view,ld_clm_ncob_clas_info,2026-08-30,distinct_count,mccb_cd,1876,2026-08-31
wdp_bdp_db_dlk_l1_msk_view,ld_clm_ncob_clas_info,2026-08-31,distinct_count,mccb_cd,1881,2026-09-01
wdp_bdp_db_dlk_l1_msk_view,ld_clm_ncob_clas_info,2026-08-01,null_count,clm_cd_nm,0,2026-08-02
wdp_bdp_db_dlk_l1_msk_view,ld_clm_ncob_clas_info,2026-08-02,null_count,clm_cd_nm,0,2026-08-03
wdp_bdp_db_dlk_l1_msk_view,ld_clm_ncob_clas_info,2026-08-03,null_count,clm_cd_nm,0,2026-08-04
wdp_bdp_db_dlk_l1_msk_view,ld_clm_ncob_clas_info,2026-08-04,null_count,clm_cd_nm,0,2026-08-05
wdp_bdp_db_dlk_l1_msk_view,ld_clm_ncob_clas_info,2026-08-05,null_count,clm_cd_nm,0,2026-08-06
wdp_bdp_db_dlk_l1_msk_view,ld_clm_ncob_clas_info,2026-08-06,null_count,clm_cd_nm,0,2026-08-07
wdp_bdp_db_dlk_l1_msk_view,ld_clm_ncob_clas_info,2026-08-07,null_count,clm_cd_nm,0,2026-08-08
wdp_bdp_db_dlk_l1_msk_view,ld_clm_ncob_clas_info,2026-08-08,null_count,clm_cd_nm,0,2026-08-09
wdp_bdp_db_dlk_l1_msk_view,ld_clm_ncob_clas_info,2026-08-09,null_count,clm_cd_nm,0,2026-08-10
wdp_bdp_db_dlk_l1_msk_view,ld_clm_ncob_clas_info,2026-08-10,null_count,clm_cd_nm,0,2026-08-11
wdp_bdp_db_dlk_l1_msk_view,ld_clm_ncob_clas_info,2026-08-11,null_count,clm_cd_nm,0,2026-08-12
wdp_bdp_db_dlk_l1_msk_view,ld_clm_ncob_clas_info,2026-08-12,null_count,clm_cd_nm,0,2026-08-13
wdp_bdp_db_dlk_l1_msk_view,ld_clm_ncob_clas_info,2026-08-13,null_count,clm_cd_nm,0,2026-08-14
wdp_bdp_db_dlk_l1_msk_view,ld_clm_ncob_clas_info,2026-08-14,null_count,clm_cd_nm,0,2026-08-15
wdp_bdp_db_dlk_l1_msk_view,ld_clm_ncob_clas_info,2026-08-15,null_count,clm_cd_nm,0,2026-08-16
wdp_bdp_db_dlk_l1_msk_view,ld_clm_ncob_clas_info,2026-08-16,null_count,clm_cd_nm,0,2026-08-17
wdp_bdp_db_dlk_l1_msk_view,ld_clm_ncob_clas_info,2026-08-17,null_count,clm_cd_nm,0,2026-08-18
wdp_bdp_db_dlk_l1_msk_view,ld_clm_ncob_clas_info,2026-08-18,null_count,clm_cd_nm,0,2026-08-19
wdp_bdp_db_dlk_l1_msk_view,ld_clm_ncob_clas_info,2026-08-19,null_count,clm_cd_nm,0,2026-08-20
wdp_bdp_db_dlk_l1_msk_view,ld_clm_ncob_clas_info,2026-08-20,null_count,clm_cd_nm,0,2026-08-21
wdp_bdp_db_dlk_l1_msk_view,ld_clm_ncob_clas_info,2026-08-21,null_count,clm_cd_nm,0,2026-08-22
wdp_bdp_db_dlk_l1_msk_view,ld_clm_ncob_clas_info,2026-08-22,null_count,clm_cd_nm,0,2026-08-23
wdp_bdp_db_dlk_l1_msk_view,ld_clm_ncob_clas_info,2026-08-23,null_count,clm_cd_nm,0,2026-08-24
wdp_bdp_db_dlk_l1_msk_view,ld_clm_ncob_clas_info,2026-08-24,null_count,clm_cd_nm,0,2026-08-25
wdp_bdp_db_dlk_l1_msk_view,ld_clm_ncob_clas_info,2026-08-25,null_count,clm_cd_nm,0,2026-08-26
wdp_bdp_db_dlk_l1_msk_view,ld_clm_ncob_clas_info,2026-08-26,null_count,clm_cd_nm,0,2026-08-27
wdp_bdp_db_dlk_l1_msk_view,ld_clm_ncob_clas_info,2026-08-27,null_count,clm_cd_nm,0,2026-08-28
wdp_bdp_db_dlk_l1_msk_view,ld_clm_ncob_clas_info,2026-08-28,null_count,clm_cd_nm,0,2026-08-29
wdp_bdp_db_dlk_l1_msk_view,ld_clm_ncob_clas_info,2026-08-29,null_count,clm_cd_nm,0,2026-08-30
wdp_bdp_db_dlk_l1_msk_view,ld_clm_ncob_clas_info,2026-08-30,null_count,clm_cd_nm,0,2026-08-31
wdp_bdp_db_dlk_l1_msk_view,ld_clm_ncob_clas_info,2026-08-31,null_count,clm_cd_nm,0,2026-09-01
wdp_bdp_db_dlk_l1_msk_view,ld_clm_ncob_clas_info,2026-08-01,null_count,mccb_cd,0,2026-08-02
wdp_bdp_db_dlk_l1_msk_view,ld_clm_ncob_clas_info,2026-08-02,null_count,mccb_cd,0,2026-08-03
wdp_bdp_db_dlk_l1_msk_view,ld_clm_ncob_clas_info,2026-08-03,null_count,mccb_cd,0,2026-08-04
wdp_bdp_db_dlk_l1_msk_view,ld_clm_ncob_clas_info,2026-08-04,null_count,mccb_cd,0,2026-08-05
wdp_bdp_db_dlk_l1_msk_view,ld_clm_ncob_clas_info,2026-08-05,null_count,mccb_cd,0,2026-08-06
wdp_bdp_db_dlk_l1_msk_view,ld_clm_ncob_clas_info,2026-08-06,null_count,mccb_cd,0,2026-08-07
wdp_bdp_db_dlk_l1_msk_view,ld_clm_ncob_clas_info,2026-08-07,null_count,mccb_cd,0,2026-08-08
wdp_bdp_db_dlk_l1_msk_view,ld_clm_ncob_clas_info,2026-08-08,null_count,mccb_cd,0,2026-08-09
wdp_bdp_db_dlk_l1_msk_view,ld_clm_ncob_clas_info,2026-08-09,null_count,mccb_cd,0,2026-08-10
wdp_bdp_db_dlk_l1_msk_view,ld_clm_ncob_clas_info,2026-08-10,null_count,mccb_cd,0,2026-08-11
wdp_bdp_db_dlk_l1_msk_view,ld_clm_ncob_clas_info,2026-08-11,null_count,mccb_cd,0,2026-08-12
wdp_bdp_db_dlk_l1_msk_view,ld_clm_ncob_clas_info,2026-08-12,null_count,mccb_cd,0,2026-08-13
wdp_bdp_db_dlk_l1_msk_view,ld_clm_ncob_clas_info,2026-08-13,null_count,mccb_cd,0,2026-08-14
wdp_bdp_db_dlk_l1_msk_view,ld_clm_ncob_clas_info,2026-08-14,null_count,mccb_cd,0,2026-08-15
wdp_bdp_db_dlk_l1_msk_view,ld_clm_ncob_clas_info,2026-08-15,null_count,mccb_cd,0,2026-08-16
wdp_bdp_db_dlk_l1_msk_view,ld_clm_ncob_clas_info,2026-08-16,null_count,mccb_cd,0,2026-08-17
wdp_bdp_db_dlk_l1_msk_view,ld_clm_ncob_clas_info,2026-08-17,null_count,mccb_cd,0,2026-08-18
wdp_bdp_db_dlk_l1_msk_view,ld_clm_ncob_clas_info,2026-08-18,null_count,mccb_cd,0,2026-08-19
wdp_bdp_db_dlk_l1_msk_view,ld_clm_ncob_clas_info,2026-08-19,null_count,mccb_cd,0,2026-08-20
wdp_bdp_db_dlk_l1_msk_view,ld_clm_ncob_clas_info,2026-08-20,null_count,mccb_cd,0,2026-08-21
wdp_bdp_db_dlk_l1_msk_view,ld_clm_ncob_clas_info,2026-08-21,null_count,mccb_cd,0,2026-08-22
wdp_bdp_db_dlk_l1_msk_view,ld_clm_ncob_clas_info,2026-08-22,null_count,mccb_cd,0,2026-08-23
wdp_bdp_db_dlk_l1_msk_view,ld_clm_ncob_clas_info,2026-08-23,null_count,mccb_cd,0,2026-08-24
wdp_bdp_db_dlk_l1_msk_view,ld_clm_ncob_clas_info,2026-08-24,null_count,mccb_cd,0,2026-08-25
wdp_bdp_db_dlk_l1_msk_view,ld_clm_ncob_clas_info,2026-08-25,null_count,mccb_cd,0,2026-08-26
wdp_bdp_db_dlk_l1_msk_view,ld_clm_ncob_clas_info,2026-08-26,null_count,mccb_cd,0,2026-08-27
wdp_bdp_db_dlk_l1_msk_view,ld_clm_ncob_clas_info,2026-08-27,null_count,mccb_cd,0,2026-08-28
wdp_bdp_db_dlk_l1_msk_view,ld_clm_ncob_clas_info,2026-08-28,null_count,mccb_cd,0,2026-08-29
wdp_bdp_db_dlk_l1_msk_view,ld_clm_ncob_clas_info,2026-08-29,null_count,mccb_cd,0,2026-08-30
wdp_bdp_db_dlk_l1_msk_view,ld_clm_ncob_clas_info,2026-08-30,null_count,mccb_cd,0,2026-08-31
wdp_bdp_db_dlk_l1_msk_view,ld_clm_ncob_clas_info,2026-08-31,null_count,mccb_cd,0,2026-09-01
wdp_bdp_db_dlk_l2_msk_view,f13_camp_mrch_cond_cd,2026-08-01,distinct_count,camp_id,155,2026-08-02
wdp_bdp_db_dlk_l2_msk_view,f13_camp_mrch_cond_cd,2026-08-02,distinct_count,camp_id,245,2026-08-03
wdp_bdp_db_dlk_l2_msk_view,f13_camp_mrch_cond_cd,2026-08-03,distinct_count,camp_id,177,2026-08-04
wdp_bdp_db_dlk_l2_msk_view,f13_camp_mrch_cond_cd,2026-08-04,distinct_count,camp_id,215,2026-08-05
wdp_bdp_db_dlk_l2_msk_view,f13_camp_mrch_cond_cd,2026-08-05,distinct_count,camp_id,155,2026-08-06
wdp_bdp_db_dlk_l2_msk_view,f13_camp_mrch_cond_cd,2026-08-06,distinct_count,camp_id,235,2026-08-07
wdp_bdp_db_dlk_l2_msk_view,f13_camp_mrch_cond_cd,2026-08-07,distinct_count,camp_id,160,2026-08-08
wdp_bdp_db_dlk_l2_msk_view,f13_camp_mrch_cond_cd,2026-08-08,distinct_count,camp_id,199,2026-08-09
wdp_bdp_db_dlk_l2_msk_view,f13_camp_mrch_cond_cd,2026-08-09,distinct_count,camp_id,199,2026-08-10
wdp_bdp_db_dlk_l2_msk_view,f13_camp_mrch_cond_cd,2026-08-10,distinct_count,camp_id,198,2026-08-11
wdp_bdp_db_dlk_l2_msk_view,f13_camp_mrch_cond_cd,2026-08-11,distinct_count,camp_id,223,2026-08-12
wdp_bdp_db_dlk_l2_msk_view,f13_camp_mrch_cond_cd,2026-08-12,distinct_count,camp_id,202,2026-08-13
wdp_bdp_db_dlk_l2_msk_view,f13_camp_mrch_cond_cd,2026-08-13,distinct_count,camp_id,167,2026-08-14
wdp_bdp_db_dlk_l2_msk_view,f13_camp_mrch_cond_cd,2026-08-14,distinct_count,camp_id,187,2026-08-15
wdp_bdp_db_dlk_l2_msk_view,f13_camp_mrch_cond_cd,2026-08-15,distinct_count,camp_id,192,2026-08-16
wdp_bdp_db_dlk_l2_msk_view,f13_camp_mrch_cond_cd,2026-08-16,distinct_count,camp_id,235,2026-08-17
wdp_bdp_db_dlk_l2_msk_view,f13_camp_mrch_cond_cd,2026-08-17,distinct_count,camp_id,245,2026-08-18
wdp_bdp_db_dlk_l2_msk_view,f13_camp_mrch_cond_cd,2026-08-18,distinct_count,camp_id,240,2026-08-19
wdp_bdp_db_dlk_l2_msk_view,f13_camp_mrch_cond_cd,2026-08-19,distinct_count,camp_id,224,2026-08-20
wdp_bdp_db_dlk_l2_msk_view,f13_camp_mrch_cond_cd,2026-08-20,distinct_count,camp_id,240,2026-08-21
wdp_bdp_db_dlk_l2_msk_view,f13_camp_mrch_cond_cd,2026-08-21,distinct_count,camp_id,156,2026-08-22
wdp_bdp_db_dlk_l2_msk_view,f13_camp_mrch_cond_cd,2026-08-22,distinct_count,camp_id,225,2026-08-23
wdp_bdp_db_dlk_l2_msk_view,f13_camp_mrch_cond_cd,2026-08-23,distinct_count,camp_id,230,2026-08-24
wdp_bdp_db_dlk_l2_msk_view,f13_camp_mrch_cond_cd,2026-08-24,distinct_count,camp_id,197,2026-08-25
wdp_bdp_db_dlk_l2_msk_view,f13_camp_mrch_cond_cd,2026-08-25,distinct_count,camp_id,240,2026-08-26
wdp_bdp_db_dlk_l2_msk_view,f13_camp_mrch_cond_cd,2026-08-26,distinct_count,camp_id,197,2026-08-27
wdp_bdp_db_dlk_l2_msk_view,f13_camp_mrch_cond_cd,2026-08-27,distinct_count,camp_id,194,2026-08-28
wdp_bdp_db_dlk_l2_msk_view,f13_camp_mrch_cond_cd,2026-08-28,distinct_count,camp_id,246,2026-08-29
wdp_bdp_db_dlk_l2_msk_view,f13_camp_mrch_cond_cd,2026-08-29,distinct_count,camp_id,152,2026-08-30
wdp_bdp_db_dlk_l2_msk_view,f13_camp_mrch_cond_cd,2026-08-30,distinct_count,camp_id,233,2026-08-31
wdp_bdp_db_dlk_l2_msk_view,f13_camp_mrch_cond_cd,2026-08-31,distinct_count,camp_id,164,2026-09-01
wdp_bdp_db_dlk_l2_msk_view,f13_camp_mrch_cond_cd,2026-08-01,distinct_count,cntn_id,155,2026-08-02
wdp_bdp_db_dlk_l2_msk_view,f13_camp_mrch_cond_cd,2026-08-02,distinct_count,cntn_id,245,2026-08-03
wdp_bdp_db_dlk_l2_msk_view,f13_camp_mrch_cond_cd,2026-08-03,distinct_count,cntn_id,177,2026-08-04
wdp_bdp_db_dlk_l2_msk_view,f13_camp_mrch_cond_cd,2026-08-04,distinct_count,cntn_id,215,2026-08-05
wdp_bdp_db_dlk_l2_msk_view,f13_camp_mrch_cond_cd,2026-08-05,distinct_count,cntn_id,155,2026-08-06
wdp_bdp_db_dlk_l2_msk_view,f13_camp_mrch_cond_cd,2026-08-06,distinct_count,cntn_id,235,2026-08-07
wdp_bdp_db_dlk_l2_msk_view,f13_camp_mrch_cond_cd,2026-08-07,distinct_count,cntn_id,160,2026-08-08
wdp_bdp_db_dlk_l2_msk_view,f13_camp_mrch_cond_cd,2026-08-08,distinct_count,cntn_id,199,2026-08-09
wdp_bdp_db_dlk_l2_msk_view,f13_camp_mrch_cond_cd,2026-08-09,distinct_count,cntn_id,199,2026-08-10
wdp_bdp_db_dlk_l2_msk_view,f13_camp_mrch_cond_cd,2026-08-10,distinct_count,cntn_id,198,2026-08-11
wdp_bdp_db_dlk_l2_msk_view,f13_camp_mrch_cond_cd,2026-08-11,distinct_count,cntn_id,223,2026-08-12
wdp_bdp_db_dlk_l2_msk_view,f13_camp_mrch_cond_cd,2026-08-12,distinct_count,cntn_id,202,2026-08-13
wdp_bdp_db_dlk_l2_msk_view,f13_camp_mrch_cond_cd,2026-08-13,distinct_count,cntn_id,167,2026-08-14
wdp_bdp_db_dlk_l2_msk_view,f13_camp_mrch_cond_cd,2026-08-14,distinct_count,cntn_id,187,2026-08-15
wdp_bdp_db_dlk_l2_msk_view,f13_camp_mrch_cond_cd,2026-08-15,distinct_count,cntn_id,192,2026-08-16
wdp_bdp_db_dlk_l2_msk_view,f13_camp_mrch_cond_cd,2026-08-16,distinct_count,cntn_id,235,2026-08-17
wdp_bdp_db_dlk_l2_msk_view,f13_camp_mrch_cond_cd,2026-08-17,distinct_count,cntn_id,245,2026-08-18
wdp_bdp_db_dlk_l2_msk_view,f13_camp_mrch_cond_cd,2026-08-18,distinct_count,cntn_id,240,2026-08-19
wdp_bdp_db_dlk_l2_msk_view,f13_camp_mrch_cond_cd,2026-08-19,distinct_count,cntn_id,224,2026-08-20
wdp_bdp_db_dlk_l2_msk_view,f13_camp_mrch_cond_cd,2026-08-20,distinct_count,cntn_id,240,2026-08-21
wdp_bdp_db_dlk_l2_msk_view,f13_camp_mrch_cond_cd,2026-08-21,distinct_count,cntn_id,156,2026-08-22
wdp_bdp_db_dlk_l2_msk_view,f13_camp_mrch_cond_cd,2026-08-22,distinct_count,cntn_id,225,2026-08-23
wdp_bdp_db_dlk_l2_msk_view,f13_camp_mrch_cond_cd,2026-08-23,distinct_count,cntn_id,230,2026-08-24
wdp_bdp_db_dlk_l2_msk_view,f13_camp_mrch_cond_cd,2026-08-24,distinct_count,cntn_id,197,2026-08-25
wdp_bdp_db_dlk_l2_msk_view,f13_camp_mrch_cond_cd,2026-08-25,distinct_count,cntn_id,240,2026-08-26
wdp_bdp_db_dlk_l2_msk_view,f13_camp_mrch_cond_cd,2026-08-26,distinct_count,cntn_id,197,2026-08-27
wdp_bdp_db_dlk_l2_msk_view,f13_camp_mrch_cond_cd,2026-08-27,distinct_count,cntn_id,194,2026-08-28
wdp_bdp_db_dlk_l2_msk_view,f13_camp_mrch_cond_cd,2026-08-28,distinct_count,cntn_id,246,2026-08-29
wdp_bdp_db_dlk_l2_msk_view,f13_camp_mrch_cond_cd,2026-08-29,distinct_count,cntn_id,152,2026-08-30
wdp_bdp_db_dlk_l2_msk_view,f13_camp_mrch_cond_cd,2026-08-30,distinct_count,cntn_id,233,2026-08-31
wdp_bdp_db_dlk_l2_msk_view,f13_camp_mrch_cond_cd,2026-08-31,distinct_count,cntn_id,164,2026-09-01
wdp_bdp_db_dlk_l2_msk_view,f13_camp_mrch_cond_cd,2026-08-01,null_count,camp_id,0,2026-08-02
wdp_bdp_db_dlk_l2_msk_view,f13_camp_mrch_cond_cd,2026-08-02,null_count,camp_id,0,2026-08-03
wdp_bdp_db_dlk_l2_msk_view,f13_camp_mrch_cond_cd,2026-08-03,null_count,camp_id,0,2026-08-04
wdp_bdp_db_dlk_l2_msk_view,f13_camp_mrch_cond_cd,2026-08-04,null_count,camp_id,0,2026-08-05
wdp_bdp_db_dlk_l2_msk_view,f13_camp_mrch_cond_cd,2026-08-05,null_count,camp_id,0,2026-08-06
wdp_bdp_db_dlk_l2_msk_view,f13_camp_mrch_cond_cd,2026-08-06,null_count,camp_id,0,2026-08-07
wdp_bdp_db_dlk_l2_msk_view,f13_camp_mrch_cond_cd,2026-08-07,null_count,camp_id,0,2026-08-08
wdp_bdp_db_dlk_l2_msk_view,f13_camp_mrch_cond_cd,2026-08-08,null_count,camp_id,0,2026-08-09
wdp_bdp_db_dlk_l2_msk_view,f13_camp_mrch_cond_cd,2026-08-09,null_count,camp_id,0,2026-08-10
wdp_bdp_db_dlk_l2_msk_view,f13_camp_mrch_cond_cd,2026-08-10,null_count,camp_id,0,2026-08-11
wdp_bdp_db_dlk_l2_msk_view,f13_camp_mrch_cond_cd,2026-08-11,null_count,camp_id,0,2026-08-12
wdp_bdp_db_dlk_l2_msk_view,f13_camp_mrch_cond_cd,2026-08-12,null_count,camp_id,0,2026-08-13
wdp_bdp_db_dlk_l2_msk_view,f13_camp_mrch_cond_cd,2026-08-13,null_count,camp_id,0,2026-08-14
wdp_bdp_db_dlk_l2_msk_view,f13_camp_mrch_cond_cd,2026-08-14,null_count,camp_id,0,2026-08-15
wdp_bdp_db_dlk_l2_msk_view,f13_camp_mrch_cond_cd,2026-08-15,null_count,camp_id,0,2026-08-16
wdp_bdp_db_dlk_l2_msk_view,f13_camp_mrch_cond_cd,2026-08-16,null_count,camp_id,0,2026-08-17
wdp_bdp_db_dlk_l2_msk_view,f13_camp_mrch_cond_cd,2026-08-17,null_count,camp_id,0,2026-08-18
wdp_bdp_db_dlk_l2_msk_view,f13_camp_mrch_cond_cd,2026-08-18,null_count,camp_id,0,2026-08-19
wdp_bdp_db_dlk_l2_msk_view,f13_camp_mrch_cond_cd,2026-08-19,null_count,camp_id,0,2026-08-20
wdp_bdp_db_dlk_l2_msk_view,f13_camp_mrch_cond_cd,2026-08-20,null_count,camp_id,0,2026-08-21
wdp_bdp_db_dlk_l2_msk_view,f13_camp_mrch_cond_cd,2026-08-21,null_count,camp_id,0,2026-08-22
wdp_bdp_db_dlk_l2_msk_view,f13_camp_mrch_cond_cd,2026-08-22,null_count,camp_id,0,2026-08-23
wdp_bdp_db_dlk_l2_msk_view,f13_camp_mrch_cond_cd,2026-08-23,null_count,camp_id,0,2026-08-24
wdp_bdp_db_dlk_l2_msk_view,f13_camp_mrch_cond_cd,2026-08-24,null_count,camp_id,0,2026-08-25
wdp_bdp_db_dlk_l2_msk_view,f13_camp_mrch_cond_cd,2026-08-25,null_count,camp_id,0,2026-08-26
wdp_bdp_db_dlk_l2_msk_view,f13_camp_mrch_cond_cd,2026-08-26,null_count,camp_id,0,2026-08-27
wdp_bdp_db_dlk_l2_msk_view,f13_camp_mrch_cond_cd,2026-08-27,null_count,camp_id,0,2026-08-28
wdp_bdp_db_dlk_l2_msk_view,f13_camp_mrch_cond_cd,2026-08-28,null_count,camp_id,0,2026-08-29
wdp_bdp_db_dlk_l2_msk_view,f13_camp_mrch_cond_cd,2026-08-29,null_count,camp_id,0,2026-08-30
wdp_bdp_db_dlk_l2_msk_view,f13_camp_mrch_cond_cd,2026-08-30,null_count,camp_id,0,2026-08-31
wdp_bdp_db_dlk_l2_msk_view,f13_camp_mrch_cond_cd,2026-08-31,null_count,camp_id,0,2026-09-01
wdp_bdp_db_dlk_l2_msk_view,f13_camp_mrch_cond_cd,2026-08-01,null_count,cntn_id,0,2026-08-02
wdp_bdp_db_dlk_l2_msk_view,f13_camp_mrch_cond_cd,2026-08-02,null_count,cntn_id,0,2026-08-03
wdp_bdp_db_dlk_l2_msk_view,f13_camp_mrch_cond_cd,2026-08-03,null_count,cntn_id,0,2026-08-04
wdp_bdp_db_dlk_l2_msk_view,f13_camp_mrch_cond_cd,2026-08-04,null_count,cntn_id,0,2026-08-05
wdp_bdp_db_dlk_l2_msk_view,f13_camp_mrch_cond_cd,2026-08-05,null_count,cntn_id,0,2026-08-06
wdp_bdp_db_dlk_l2_msk_view,f13_camp_mrch_cond_cd,2026-08-06,null_count,cntn_id,0,2026-08-07
wdp_bdp_db_dlk_l2_msk_view,f13_camp_mrch_cond_cd,2026-08-07,null_count,cntn_id,0,2026-08-08
wdp_bdp_db_dlk_l2_msk_view,f13_camp_mrch_cond_cd,2026-08-08,null_count,cntn_id,0,2026-08-09
wdp_bdp_db_dlk_l2_msk_view,f13_camp_mrch_cond_cd,2026-08-09,null_count,cntn_id,0,2026-08-10
wdp_bdp_db_dlk_l2_msk_view,f13_camp_mrch_cond_cd,2026-08-10,null_count,cntn_id,0,2026-08-11
wdp_bdp_db_dlk_l2_msk_view,f13_camp_mrch_cond_cd,2026-08-11,null_count,cntn_id,0,2026-08-12
wdp_bdp_db_dlk_l2_msk_view,f13_camp_mrch_cond_cd,2026-08-12,null_count,cntn_id,0,2026-08-13
wdp_bdp_db_dlk_l2_msk_view,f13_camp_mrch_cond_cd,2026-08-13,null_count,cntn_id,0,2026-08-14
wdp_bdp_db_dlk_l2_msk_view,f13_camp_mrch_cond_cd,2026-08-14,null_count,cntn_id,0,2026-08-15
wdp_bdp_db_dlk_l2_msk_view,f13_camp_mrch_cond_cd,2026-08-15,null_count,cntn_id,0,2026-08-16
wdp_bdp_db_dlk_l2_msk_view,f13_camp_mrch_cond_cd,2026-08-16,null_count,cntn_id,0,2026-08-17
wdp_bdp_db_dlk_l2_msk_view,f13_camp_mrch_cond_cd,2026-08-17,null_count,cntn_id,0,2026-08-18
wdp_bdp_db_dlk_l2_msk_view,f13_camp_mrch_cond_cd,2026-08-18,null_count,cntn_id,0,2026-08-19
wdp_bdp_db_dlk_l2_msk_view,f13_camp_mrch_cond_cd,2026-08-19,null_count,cntn_id,0,2026-08-20
wdp_bdp_db_dlk_l2_msk_view,f13_camp_mrch_cond_cd,2026-08-20,null_count,cntn_id,0,2026-08-21
wdp_bdp_db_dlk_l2_msk_view,f13_camp_mrch_cond_cd,2026-08-21,null_count,cntn_id,0,2026-08-22
wdp_bdp_db_dlk_l2_msk_view,f13_camp_mrch_cond_cd,2026-08-22,null_count,cntn_id,0,2026-08-23
wdp_bdp_db_dlk_l2_msk_view,f13_camp_mrch_cond_cd,2026-08-23,null_count,cntn_id,0,2026-08-24
wdp_bdp_db_dlk_l2_msk_view,f13_camp_mrch_cond_cd,2026-08-24,null_count,cntn_id,0,2026-08-25
wdp_bdp_db_dlk_l2_msk_view,f13_camp_mrch_cond_cd,2026-08-25,null_count,cntn_id,0,2026-08-26
wdp_bdp_db_dlk_l2_msk_view,f13_camp_mrch_cond_cd,2026-08-26,null_count,cntn_id,0,2026-08-27
wdp_bdp_db_dlk_l2_msk_view,f13_camp_mrch_cond_cd,2026-08-27,null_count,cntn_id,0,2026-08-28
wdp_bdp_db_dlk_l2_msk_view,f13_camp_mrch_cond_cd,2026-08-28,null_count,cntn_id,0,2026-08-29
wdp_bdp_db_dlk_l2_msk_view,f13_camp_mrch_cond_cd,2026-08-29,null_count,cntn_id,0,2026-08-30
wdp_bdp_db_dlk_l2_msk_view,f13_camp_mrch_cond_cd,2026-08-30,null_count,cntn_id,0,2026-08-31
wdp_bdp_db_dlk_l2_msk_view,f13_camp_mrch_cond_cd,2026-08-31,null_count,cntn_id,0,2026-09-01
wdp_bdp_db_dlk_l2_msk_view,f13_svc_mrch_dict,2026-08-01,distinct_count,mcno,3214223,2026-08-02
wdp_bdp_db_dlk_l2_msk_view,f13_svc_mrch_dict,2026-08-02,distinct_count,mcno,3216877,2026-08-03
wdp_bdp_db_dlk_l2_msk_view,f13_svc_mrch_dict,2026-08-03,distinct_count,mcno,3216191,2026-08-04
wdp_bdp_db_dlk_l2_msk_view,f13_svc_mrch_dict,2026-08-04,distinct_count,mcno,3217043,2026-08-05
wdp_bdp_db_dlk_l2_msk_view,f13_svc_mrch_dict,2026-08-05,distinct_count,mcno,3217141,2026-08-06
wdp_bdp_db_dlk_l2_msk_view,f13_svc_mrch_dict,2026-08-06,distinct_count,mcno,3218599,2026-08-07
wdp_bdp_db_dlk_l2_msk_view,f13_svc_mrch_dict,2026-08-07,distinct_count,mcno,3217865,2026-08-08
wdp_bdp_db_dlk_l2_msk_view,f13_svc_mrch_dict,2026-08-08,distinct_count,mcno,3220333,2026-08-09
wdp_bdp_db_dlk_l2_msk_view,f13_svc_mrch_dict,2026-08-09,distinct_count,mcno,3221299,2026-08-10
wdp_bdp_db_dlk_l2_msk_view,f13_svc_mrch_dict,2026-08-10,distinct_count,mcno,3219531,2026-08-11
wdp_bdp_db_dlk_l2_msk_view,f13_svc_mrch_dict,2026-08-11,distinct_count,mcno,3220058,2026-08-12
wdp_bdp_db_dlk_l2_msk_view,f13_svc_mrch_dict,2026-08-12,distinct_count,mcno,3220851,2026-08-13
wdp_bdp_db_dlk_l2_msk_view,f13_svc_mrch_dict,2026-08-13,distinct_count,mcno,3221948,2026-08-14
wdp_bdp_db_dlk_l2_msk_view,f13_svc_mrch_dict,2026-08-14,distinct_count,mcno,3224217,2026-08-15
wdp_bdp_db_dlk_l2_msk_view,f13_svc_mrch_dict,2026-08-15,distinct_count,mcno,3224283,2026-08-16
wdp_bdp_db_dlk_l2_msk_view,f13_svc_mrch_dict,2026-08-16,distinct_count,mcno,3225955,2026-08-17
wdp_bdp_db_dlk_l2_msk_view,f13_svc_mrch_dict,2026-08-17,distinct_count,mcno,3225008,2026-08-18
wdp_bdp_db_dlk_l2_msk_view,f13_svc_mrch_dict,2026-08-18,distinct_count,mcno,3226422,2026-08-19
wdp_bdp_db_dlk_l2_msk_view,f13_svc_mrch_dict,2026-08-19,distinct_count,mcno,3225518,2026-08-20
wdp_bdp_db_dlk_l2_msk_view,f13_svc_mrch_dict,2026-08-20,distinct_count,mcno,3227438,2026-08-21
wdp_bdp_db_dlk_l2_msk_view,f13_svc_mrch_dict,2026-08-21,distinct_count,mcno,3226440,2026-08-22
wdp_bdp_db_dlk_l2_msk_view,f13_svc_mrch_dict,2026-08-22,distinct_count,mcno,3229812,2026-08-23
wdp_bdp_db_dlk_l2_msk_view,f13_svc_mrch_dict,2026-08-23,distinct_count,mcno,3230191,2026-08-24
wdp_bdp_db_dlk_l2_msk_view,f13_svc_mrch_dict,2026-08-24,distinct_count,mcno,3228439,2026-08-25
wdp_bdp_db_dlk_l2_msk_view,f13_svc_mrch_dict,2026-08-25,distinct_count,mcno,3231706,2026-08-26
wdp_bdp_db_dlk_l2_msk_view,f13_svc_mrch_dict,2026-08-26,distinct_count,mcno,3229983,2026-08-27
wdp_bdp_db_dlk_l2_msk_view,f13_svc_mrch_dict,2026-08-27,distinct_count,mcno,3233218,2026-08-28
wdp_bdp_db_dlk_l2_msk_view,f13_svc_mrch_dict,2026-08-28,distinct_count,mcno,3230917,2026-08-29
wdp_bdp_db_dlk_l2_msk_view,f13_svc_mrch_dict,2026-08-29,distinct_count,mcno,3232518,2026-08-30
wdp_bdp_db_dlk_l2_msk_view,f13_svc_mrch_dict,2026-08-30,distinct_count,mcno,3233869,2026-08-31
wdp_bdp_db_dlk_l2_msk_view,f13_svc_mrch_dict,2026-08-31,distinct_count,mcno,3234322,2026-09-01
wdp_bdp_db_dlk_l2_msk_view,f13_svc_mrch_dict,2026-08-01,null_count,mcno,0,2026-08-02
wdp_bdp_db_dlk_l2_msk_view,f13_svc_mrch_dict,2026-08-02,null_count,mcno,0,2026-08-03
wdp_bdp_db_dlk_l2_msk_view,f13_svc_mrch_dict,2026-08-03,null_count,mcno,0,2026-08-04
wdp_bdp_db_dlk_l2_msk_view,f13_svc_mrch_dict,2026-08-04,null_count,mcno,0,2026-08-05
wdp_bdp_db_dlk_l2_msk_view,f13_svc_mrch_dict,2026-08-05,null_count,mcno,0,2026-08-06
wdp_bdp_db_dlk_l2_msk_view,f13_svc_mrch_dict,2026-08-06,null_count,mcno,0,2026-08-07
wdp_bdp_db_dlk_l2_msk_view,f13_svc_mrch_dict,2026-08-07,null_count,mcno,0,2026-08-08
wdp_bdp_db_dlk_l2_msk_view,f13_svc_mrch_dict,2026-08-08,null_count,mcno,0,2026-08-09
wdp_bdp_db_dlk_l2_msk_view,f13_svc_mrch_dict,2026-08-09,null_count,mcno,0,2026-08-10
wdp_bdp_db_dlk_l2_msk_view,f13_svc_mrch_dict,2026-08-10,null_count,mcno,0,2026-08-11
wdp_bdp_db_dlk_l2_msk_view,f13_svc_mrch_dict,2026-08-11,null_count,mcno,0,2026-08-12
wdp_bdp_db_dlk_l2_msk_view,f13_svc_mrch_dict,2026-08-12,null_count,mcno,0,2026-08-13
wdp_bdp_db_dlk_l2_msk_view,f13_svc_mrch_dict,2026-08-13,null_count,mcno,0,2026-08-14
wdp_bdp_db_dlk_l2_msk_view,f13_svc_mrch_dict,2026-08-14,null_count,mcno,0,2026-08-15
wdp_bdp_db_dlk_l2_msk_view,f13_svc_mrch_dict,2026-08-15,null_count,mcno,0,2026-08-16
wdp_bdp_db_dlk_l2_msk_view,f13_svc_mrch_dict,2026-08-16,null_count,mcno,0,2026-08-17
wdp_bdp_db_dlk_l2_msk_view,f13_svc_mrch_dict,2026-08-17,null_count,mcno,0,2026-08-18
wdp_bdp_db_dlk_l2_msk_view,f13_svc_mrch_dict,2026-08-18,null_count,mcno,0,2026-08-19
wdp_bdp_db_dlk_l2_msk_view,f13_svc_mrch_dict,2026-08-19,null_count,mcno,0,2026-08-20
wdp_bdp_db_dlk_l2_msk_view,f13_svc_mrch_dict,2026-08-20,null_count,mcno,0,2026-08-21
wdp_bdp_db_dlk_l2_msk_view,f13_svc_mrch_dict,2026-08-21,null_count,mcno,0,2026-08-22
wdp_bdp_db_dlk_l2_msk_view,f13_svc_mrch_dict,2026-08-22,null_count,mcno,0,2026-08-23
wdp_bdp_db_dlk_l2_msk_view,f13_svc_mrch_dict,2026-08-23,null_count,mcno,0,2026-08-24
wdp_bdp_db_dlk_l2_msk_view,f13_svc_mrch_dict,2026-08-24,null_count,mcno,0,2026-08-25
wdp_bdp_db_dlk_l2_msk_view,f13_svc_mrch_dict,2026-08-25,null_count,mcno,0,2026-08-26
wdp_bdp_db_dlk_l2_msk_view,f13_svc_mrch_dict,2026-08-26,null_count,mcno,0,2026-08-27
wdp_bdp_db_dlk_l2_msk_view,f13_svc_mrch_dict,2026-08-27,null_count,mcno,0,2026-08-28
wdp_bdp_db_dlk_l2_msk_view,f13_svc_mrch_dict,2026-08-28,null_count,mcno,0,2026-08-29
wdp_bdp_db_dlk_l2_msk_view,f13_svc_mrch_dict,2026-08-29,null_count,mcno,0,2026-08-30
wdp_bdp_db_dlk_l2_msk_view,f13_svc_mrch_dict,2026-08-30,null_count,mcno,0,2026-08-31
wdp_bdp_db_dlk_l2_msk_view,f13_svc_mrch_dict,2026-08-31,null_count,mcno,0,2026-09-01
wdp_bdp_db_dlk_l1_msk_view,mccb_cd,2026-08-01,distinct_count,mccb_cd,1869,2026-08-02
wdp_bdp_db_dlk_l1_msk_view,mccb_cd,2026-08-02,distinct_count,mccb_cd,1869,2026-08-03
wdp_bdp_db_dlk_l1_msk_view,mccb_cd,2026-08-03,distinct_count,mccb_cd,1869,2026-08-04
wdp_bdp_db_dlk_l1_msk_view,mccb_cd,2026-08-04,distinct_count,mccb_cd,1870,2026-08-05
wdp_bdp_db_dlk_l1_msk_view,mccb_cd,2026-08-05,distinct_count,mccb_cd,1871,2026-08-06
wdp_bdp_db_dlk_l1_msk_view,mccb_cd,2026-08-06,distinct_count,mccb_cd,1872,2026-08-07
wdp_bdp_db_dlk_l1_msk_view,mccb_cd,2026-08-07,distinct_count,mccb_cd,1872,2026-08-08
wdp_bdp_db_dlk_l1_msk_view,mccb_cd,2026-08-08,distinct_count,mccb_cd,1873,2026-08-09
wdp_bdp_db_dlk_l1_msk_view,mccb_cd,2026-08-09,distinct_count,mccb_cd,1872,2026-08-10
wdp_bdp_db_dlk_l1_msk_view,mccb_cd,2026-08-10,distinct_count,mccb_cd,1873,2026-08-11
wdp_bdp_db_dlk_l1_msk_view,mccb_cd,2026-08-11,distinct_count,mccb_cd,1873,2026-08-12
wdp_bdp_db_dlk_l1_msk_view,mccb_cd,2026-08-12,distinct_count,mccb_cd,1874,2026-08-13
wdp_bdp_db_dlk_l1_msk_view,mccb_cd,2026-08-13,distinct_count,mccb_cd,1874,2026-08-14
wdp_bdp_db_dlk_l1_msk_view,mccb_cd,2026-08-14,distinct_count,mccb_cd,1875,2026-08-15
wdp_bdp_db_dlk_l1_msk_view,mccb_cd,2026-08-15,distinct_count,mccb_cd,1875,2026-08-16
wdp_bdp_db_dlk_l1_msk_view,mccb_cd,2026-08-16,distinct_count,mccb_cd,1875,2026-08-17
wdp_bdp_db_dlk_l1_msk_view,mccb_cd,2026-08-17,distinct_count,mccb_cd,1875,2026-08-18
wdp_bdp_db_dlk_l1_msk_view,mccb_cd,2026-08-18,distinct_count,mccb_cd,1876,2026-08-19
wdp_bdp_db_dlk_l1_msk_view,mccb_cd,2026-08-19,distinct_count,mccb_cd,1876,2026-08-20
wdp_bdp_db_dlk_l1_msk_view,mccb_cd,2026-08-20,distinct_count,mccb_cd,1877,2026-08-21
wdp_bdp_db_dlk_l1_msk_view,mccb_cd,2026-08-21,distinct_count,mccb_cd,1876,2026-08-22
wdp_bdp_db_dlk_l1_msk_view,mccb_cd,2026-08-22,distinct_count,mccb_cd,1877,2026-08-23
wdp_bdp_db_dlk_l1_msk_view,mccb_cd,2026-08-23,distinct_count,mccb_cd,1877,2026-08-24
wdp_bdp_db_dlk_l1_msk_view,mccb_cd,2026-08-24,distinct_count,mccb_cd,1878,2026-08-25
wdp_bdp_db_dlk_l1_msk_view,mccb_cd,2026-08-25,distinct_count,mccb_cd,1878,2026-08-26
wdp_bdp_db_dlk_l1_msk_view,mccb_cd,2026-08-26,distinct_count,mccb_cd,1879,2026-08-27
wdp_bdp_db_dlk_l1_msk_view,mccb_cd,2026-08-27,distinct_count,mccb_cd,1880,2026-08-28
wdp_bdp_db_dlk_l1_msk_view,mccb_cd,2026-08-28,distinct_count,mccb_cd,1880,2026-08-29
wdp_bdp_db_dlk_l1_msk_view,mccb_cd,2026-08-29,distinct_count,mccb_cd,1880,2026-08-30
wdp_bdp_db_dlk_l1_msk_view,mccb_cd,2026-08-30,distinct_count,mccb_cd,1880,2026-08-31
wdp_bdp_db_dlk_l1_msk_view,mccb_cd,2026-08-31,distinct_count,mccb_cd,1881,2026-09-01
wdp_bdp_db_dlk_l1_msk_view,mccb_cd,2026-08-01,null_count,mccb_cd,0,2026-08-02
wdp_bdp_db_dlk_l1_msk_view,mccb_cd,2026-08-02,null_count,mccb_cd,0,2026-08-03
wdp_bdp_db_dlk_l1_msk_view,mccb_cd,2026-08-03,null_count,mccb_cd,0,2026-08-04
wdp_bdp_db_dlk_l1_msk_view,mccb_cd,2026-08-04,null_count,mccb_cd,0,2026-08-05
wdp_bdp_db_dlk_l1_msk_view,mccb_cd,2026-08-05,null_count,mccb_cd,0,2026-08-06
wdp_bdp_db_dlk_l1_msk_view,mccb_cd,2026-08-06,null_count,mccb_cd,0,2026-08-07
wdp_bdp_db_dlk_l1_msk_view,mccb_cd,2026-08-07,null_count,mccb_cd,0,2026-08-08
wdp_bdp_db_dlk_l1_msk_view,mccb_cd,2026-08-08,null_count,mccb_cd,0,2026-08-09
wdp_bdp_db_dlk_l1_msk_view,mccb_cd,2026-08-09,null_count,mccb_cd,0,2026-08-10
wdp_bdp_db_dlk_l1_msk_view,mccb_cd,2026-08-10,null_count,mccb_cd,0,2026-08-11
wdp_bdp_db_dlk_l1_msk_view,mccb_cd,2026-08-11,null_count,mccb_cd,0,2026-08-12
wdp_bdp_db_dlk_l1_msk_view,mccb_cd,2026-08-12,null_count,mccb_cd,0,2026-08-13
wdp_bdp_db_dlk_l1_msk_view,mccb_cd,2026-08-13,null_count,mccb_cd,0,2026-08-14
wdp_bdp_db_dlk_l1_msk_view,mccb_cd,2026-08-14,null_count,mccb_cd,0,2026-08-15
wdp_bdp_db_dlk_l1_msk_view,mccb_cd,2026-08-15,null_count,mccb_cd,0,2026-08-16
wdp_bdp_db_dlk_l1_msk_view,mccb_cd,2026-08-16,null_count,mccb_cd,0,2026-08-17
wdp_bdp_db_dlk_l1_msk_view,mccb_cd,2026-08-17,null_count,mccb_cd,0,2026-08-18
wdp_bdp_db_dlk_l1_msk_view,mccb_cd,2026-08-18,null_count,mccb_cd,0,2026-08-19
wdp_bdp_db_dlk_l1_msk_view,mccb_cd,2026-08-19,null_count,mccb_cd,0,2026-08-20
wdp_bdp_db_dlk_l1_msk_view,mccb_cd,2026-08-20,null_count,mccb_cd,0,2026-08-21
wdp_bdp_db_dlk_l1_msk_view,mccb_cd,2026-08-21,null_count,mccb_cd,0,2026-08-22
wdp_bdp_db_dlk_l1_msk_view,mccb_cd,2026-08-22,null_count,mccb_cd,0,2026-08-23
wdp_bdp_db_dlk_l1_msk_view,mccb_cd,2026-08-23,null_count,mccb_cd,0,2026-08-24
wdp_bdp_db_dlk_l1_msk_view,mccb_cd,2026-08-24,null_count,mccb_cd,0,2026-08-25
wdp_bdp_db_dlk_l1_msk_view,mccb_cd,2026-08-25,null_count,mccb_cd,0,2026-08-26
wdp_bdp_db_dlk_l1_msk_view,mccb_cd,2026-08-26,null_count,mccb_cd,0,2026-08-27
wdp_bdp_db_dlk_l1_msk_view,mccb_cd,2026-08-27,null_count,mccb_cd,0,2026-08-28
wdp_bdp_db_dlk_l1_msk_view,mccb_cd,2026-08-28,null_count,mccb_cd,0,2026-08-29
wdp_bdp_db_dlk_l1_msk_view,mccb_cd,2026-08-29,null_count,mccb_cd,0,2026-08-30
wdp_bdp_db_dlk_l1_msk_view,mccb_cd,2026-08-30,null_count,mccb_cd,0,2026-08-31
wdp_bdp_db_dlk_l1_msk_view,mccb_cd,2026-08-31,null_count,mccb_cd,0,2026-09-01
wdp_bdp_db_dlk_l2_msk_view,f13_svc_brnd_mcno_dict,2026-08-01,distinct_count,mcno,5418163,2026-08-02
wdp_bdp_db_dlk_l2_msk_view,f13_svc_brnd_mcno_dict,2026-08-02,distinct_count,mcno,5421242,2026-08-03
wdp_bdp_db_dlk_l2_msk_view,f13_svc_brnd_mcno_dict,2026-08-03,distinct_count,mcno,5421902,2026-08-04
wdp_bdp_db_dlk_l2_msk_view,f13_svc_brnd_mcno_dict,2026-08-04,distinct_count,mcno,5425359,2026-08-05
wdp_bdp_db_dlk_l2_msk_view,f13_svc_brnd_mcno_dict,2026-08-05,distinct_count,mcno,5424434,2026-08-06
wdp_bdp_db_dlk_l2_msk_view,f13_svc_brnd_mcno_dict,2026-08-06,distinct_count,mcno,5425873,2026-08-07
wdp_bdp_db_dlk_l2_msk_view,f13_svc_brnd_mcno_dict,2026-08-07,distinct_count,mcno,5426001,2026-08-08
wdp_bdp_db_dlk_l2_msk_view,f13_svc_brnd_mcno_dict,2026-08-08,distinct_count,mcno,5427589,2026-08-09
wdp_bdp_db_dlk_l2_msk_view,f13_svc_brnd_mcno_dict,2026-08-09,distinct_count,mcno,5430915,2026-08-10
wdp_bdp_db_dlk_l2_msk_view,f13_svc_brnd_mcno_dict,2026-08-10,distinct_count,mcno,5427375,2026-08-11
wdp_bdp_db_dlk_l2_msk_view,f13_svc_brnd_mcno_dict,2026-08-11,distinct_count,mcno,5432474,2026-08-12
wdp_bdp_db_dlk_l2_msk_view,f13_svc_brnd_mcno_dict,2026-08-12,distinct_count,mcno,5431153,2026-08-13
wdp_bdp_db_dlk_l2_msk_view,f13_svc_brnd_mcno_dict,2026-08-13,distinct_count,mcno,5435292,2026-08-14
wdp_bdp_db_dlk_l2_msk_view,f13_svc_brnd_mcno_dict,2026-08-14,distinct_count,mcno,5436201,2026-08-15
wdp_bdp_db_dlk_l2_msk_view,f13_svc_brnd_mcno_dict,2026-08-15,distinct_count,mcno,5433319,2026-08-16
wdp_bdp_db_dlk_l2_msk_view,f13_svc_brnd_mcno_dict,2026-08-16,distinct_count,mcno,5436692,2026-08-17
wdp_bdp_db_dlk_l2_msk_view,f13_svc_brnd_mcno_dict,2026-08-17,distinct_count,mcno,5435472,2026-08-18
wdp_bdp_db_dlk_l2_msk_view,f13_svc_brnd_mcno_dict,2026-08-18,distinct_count,mcno,5436038,2026-08-19
wdp_bdp_db_dlk_l2_msk_view,f13_svc_brnd_mcno_dict,2026-08-19,distinct_count,mcno,5437092,2026-08-20
wdp_bdp_db_dlk_l2_msk_view,f13_svc_brnd_mcno_dict,2026-08-20,distinct_count,mcno,5440136,2026-08-21
wdp_bdp_db_dlk_l2_msk_view,f13_svc_brnd_mcno_dict,2026-08-21,distinct_count,mcno,5441498,2026-08-22
wdp_bdp_db_dlk_l2_msk_view,f13_svc_brnd_mcno_dict,2026-08-22,distinct_count,mcno,5442868,2026-08-23
wdp_bdp_db_dlk_l2_msk_view,f13_svc_brnd_mcno_dict,2026-08-23,distinct_count,mcno,5443097,2026-08-24
wdp_bdp_db_dlk_l2_msk_view,f13_svc_brnd_mcno_dict,2026-08-24,distinct_count,mcno,5446123,2026-08-25
wdp_bdp_db_dlk_l2_msk_view,f13_svc_brnd_mcno_dict,2026-08-25,distinct_count,mcno,5448320,2026-08-26
wdp_bdp_db_dlk_l2_msk_view,f13_svc_brnd_mcno_dict,2026-08-26,distinct_count,mcno,5447474,2026-08-27
wdp_bdp_db_dlk_l2_msk_view,f13_svc_brnd_mcno_dict,2026-08-27,distinct_count,mcno,5448215,2026-08-28
wdp_bdp_db_dlk_l2_msk_view,f13_svc_brnd_mcno_dict,2026-08-28,distinct_count,mcno,5448543,2026-08-29
wdp_bdp_db_dlk_l2_msk_view,f13_svc_brnd_mcno_dict,2026-08-29,distinct_count,mcno,5449792,2026-08-30
wdp_bdp_db_dlk_l2_msk_view,f13_svc_brnd_mcno_dict,2026-08-30,distinct_count,mcno,5452127,2026-08-31
wdp_bdp_db_dlk_l2_msk_view,f13_svc_brnd_mcno_dict,2026-08-31,distinct_count,mcno,5454536,2026-09-01
wdp_bdp_db_dlk_l2_msk_view,f13_svc_brnd_mcno_dict,2026-08-01,null_count,mcno,0,2026-08-02
wdp_bdp_db_dlk_l2_msk_view,f13_svc_brnd_mcno_dict,2026-08-02,null_count,mcno,0,2026-08-03
wdp_bdp_db_dlk_l2_msk_view,f13_svc_brnd_mcno_dict,2026-08-03,null_count,mcno,0,2026-08-04
wdp_bdp_db_dlk_l2_msk_view,f13_svc_brnd_mcno_dict,2026-08-04,null_count,mcno,0,2026-08-05
wdp_bdp_db_dlk_l2_msk_view,f13_svc_brnd_mcno_dict,2026-08-05,null_count,mcno,0,2026-08-06
wdp_bdp_db_dlk_l2_msk_view,f13_svc_brnd_mcno_dict,2026-08-06,null_count,mcno,0,2026-08-07
wdp_bdp_db_dlk_l2_msk_view,f13_svc_brnd_mcno_dict,2026-08-07,null_count,mcno,0,2026-08-08
wdp_bdp_db_dlk_l2_msk_view,f13_svc_brnd_mcno_dict,2026-08-08,null_count,mcno,0,2026-08-09
wdp_bdp_db_dlk_l2_msk_view,f13_svc_brnd_mcno_dict,2026-08-09,null_count,mcno,0,2026-08-10
wdp_bdp_db_dlk_l2_msk_view,f13_svc_brnd_mcno_dict,2026-08-10,null_count,mcno,0,2026-08-11
wdp_bdp_db_dlk_l2_msk_view,f13_svc_brnd_mcno_dict,2026-08-11,null_count,mcno,0,2026-08-12
wdp_bdp_db_dlk_l2_msk_view,f13_svc_brnd_mcno_dict,2026-08-12,null_count,mcno,0,2026-08-13
wdp_bdp_db_dlk_l2_msk_view,f13_svc_brnd_mcno_dict,2026-08-13,null_count,mcno,0,2026-08-14
wdp_bdp_db_dlk_l2_msk_view,f13_svc_brnd_mcno_dict,2026-08-14,null_count,mcno,0,2026-08-15
wdp_bdp_db_dlk_l2_msk_view,f13_svc_brnd_mcno_dict,2026-08-15,null_count,mcno,0,2026-08-16
wdp_bdp_db_dlk_l2_msk_view,f13_svc_brnd_mcno_dict,2026-08-16,null_count,mcno,0,2026-08-17
wdp_bdp_db_dlk_l2_msk_view,f13_svc_brnd_mcno_dict,2026-08-17,null_count,mcno,0,2026-08-18
wdp_bdp_db_dlk_l2_msk_view,f13_svc_brnd_mcno_dict,2026-08-18,null_count,mcno,0,2026-08-19
wdp_bdp_db_dlk_l2_msk_view,f13_svc_brnd_mcno_dict,2026-08-19,null_count,mcno,0,2026-08-20
wdp_bdp_db_dlk_l2_msk_view,f13_svc_brnd_mcno_dict,2026-08-20,null_count,mcno,0,2026-08-21
wdp_bdp_db_dlk_l2_msk_view,f13_svc_brnd_mcno_dict,2026-08-21,null_count,mcno,0,2026-08-22
wdp_bdp_db_dlk_l2_msk_view,f13_svc_brnd_mcno_dict,2026-08-22,null_count,mcno,0,2026-08-23
wdp_bdp_db_dlk_l2_msk_view,f13_svc_brnd_mcno_dict,2026-08-23,null_count,mcno,0,2026-08-24
wdp_bdp_db_dlk_l2_msk_view,f13_svc_brnd_mcno_dict,2026-08-24,null_count,mcno,0,2026-08-25
wdp_bdp_db_dlk_l2_msk_view,f13_svc_brnd_mcno_dict,2026-08-25,null_count,mcno,0,2026-08-26
wdp_bdp_db_dlk_l2_msk_view,f13_svc_brnd_mcno_dict,2026-08-26,null_count,mcno,0,2026-08-27
wdp_bdp_db_dlk_l2_msk_view,f13_svc_brnd_mcno_dict,2026-08-27,null_count,mcno,0,2026-08-28
wdp_bdp_db_dlk_l2_msk_view,f13_svc_brnd_mcno_dict,2026-08-28,null_count,mcno,0,2026-08-29
wdp_bdp_db_dlk_l2_msk_view,f13_svc_brnd_mcno_dict,2026-08-29,null_count,mcno,0,2026-08-30
wdp_bdp_db_dlk_l2_msk_view,f13_svc_brnd_mcno_dict,2026-08-30,null_count,mcno,0,2026-08-31
wdp_bdp_db_dlk_l2_msk_view,f13_svc_brnd_mcno_dict,2026-08-31,null_count,mcno,0,2026-09-01
wdp_bdp_db_dlk_l1_msk_view,hcc_cust_bhve_data,2026-08-01,distinct_count,cntn_id,205,2026-08-02
wdp_bdp_db_dlk_l1_msk_view,hcc_cust_bhve_data,2026-08-02,distinct_count,cntn_id,217,2026-08-03
wdp_bdp_db_dlk_l1_msk_view,hcc_cust_bhve_data,2026-08-03,distinct_count,cntn_id,159,2026-08-04
wdp_bdp_db_dlk_l1_msk_view,hcc_cust_bhve_data,2026-08-04,distinct_count,cntn_id,169,2026-08-05
wdp_bdp_db_dlk_l1_msk_view,hcc_cust_bhve_data,2026-08-05,distinct_count,cntn_id,238,2026-08-06
wdp_bdp_db_dlk_l1_msk_view,hcc_cust_bhve_data,2026-08-06,distinct_count,cntn_id,248,2026-08-07
wdp_bdp_db_dlk_l1_msk_view,hcc_cust_bhve_data,2026-08-07,distinct_count,cntn_id,225,2026-08-08
wdp_bdp_db_dlk_l1_msk_view,hcc_cust_bhve_data,2026-08-08,distinct_count,cntn_id,217,2026-08-09
wdp_bdp_db_dlk_l1_msk_view,hcc_cust_bhve_data,2026-08-09,distinct_count,cntn_id,240,2026-08-10
wdp_bdp_db_dlk_l1_msk_view,hcc_cust_bhve_data,2026-08-10,distinct_count,cntn_id,164,2026-08-11
wdp_bdp_db_dlk_l1_msk_view,hcc_cust_bhve_data,2026-08-11,distinct_count,cntn_id,177,2026-08-12
wdp_bdp_db_dlk_l1_msk_view,hcc_cust_bhve_data,2026-08-12,distinct_count,cntn_id,237,2026-08-13
wdp_bdp_db_dlk_l1_msk_view,hcc_cust_bhve_data,2026-08-13,distinct_count,cntn_id,187,2026-08-14
wdp_bdp_db_dlk_l1_msk_view,hcc_cust_bhve_data,2026-08-14,distinct_count,cntn_id,242,2026-08-15
wdp_bdp_db_dlk_l1_msk_view,hcc_cust_bhve_data,2026-08-15,distinct_count,cntn_id,212,2026-08-16
wdp_bdp_db_dlk_l1_msk_view,hcc_cust_bhve_data,2026-08-16,distinct_count,cntn_id,198,2026-08-17
wdp_bdp_db_dlk_l1_msk_view,hcc_cust_bhve_data,2026-08-17,distinct_count,cntn_id,212,2026-08-18
wdp_bdp_db_dlk_l1_msk_view,hcc_cust_bhve_data,2026-08-18,distinct_count,cntn_id,177,2026-08-19
wdp_bdp_db_dlk_l1_msk_view,hcc_cust_bhve_data,2026-08-19,distinct_count,cntn_id,159,2026-08-20
wdp_bdp_db_dlk_l1_msk_view,hcc_cust_bhve_data,2026-08-20,distinct_count,cntn_id,238,2026-08-21
wdp_bdp_db_dlk_l1_msk_view,hcc_cust_bhve_data,2026-08-21,distinct_count,cntn_id,169,2026-08-22
wdp_bdp_db_dlk_l1_msk_view,hcc_cust_bhve_data,2026-08-22,distinct_count,cntn_id,152,2026-08-23
wdp_bdp_db_dlk_l1_msk_view,hcc_cust_bhve_data,2026-08-23,distinct_count,cntn_id,199,2026-08-24
wdp_bdp_db_dlk_l1_msk_view,hcc_cust_bhve_data,2026-08-24,distinct_count,cntn_id,145,2026-08-25
wdp_bdp_db_dlk_l1_msk_view,hcc_cust_bhve_data,2026-08-25,distinct_count,cntn_id,212,2026-08-26
wdp_bdp_db_dlk_l1_msk_view,hcc_cust_bhve_data,2026-08-26,distinct_count,cntn_id,228,2026-08-27
wdp_bdp_db_dlk_l1_msk_view,hcc_cust_bhve_data,2026-08-27,distinct_count,cntn_id,231,2026-08-28
wdp_bdp_db_dlk_l1_msk_view,hcc_cust_bhve_data,2026-08-28,distinct_count,cntn_id,222,2026-08-29
wdp_bdp_db_dlk_l1_msk_view,hcc_cust_bhve_data,2026-08-29,distinct_count,cntn_id,211,2026-08-30
wdp_bdp_db_dlk_l1_msk_view,hcc_cust_bhve_data,2026-08-30,distinct_count,cntn_id,182,2026-08-31
wdp_bdp_db_dlk_l1_msk_view,hcc_cust_bhve_data,2026-08-31,distinct_count,cntn_id,177,2026-09-01
wdp_bdp_db_dlk_l1_msk_view,hcc_cust_bhve_data,2026-08-01,distinct_count,csno,6102509,2026-08-02
wdp_bdp_db_dlk_l1_msk_view,hcc_cust_bhve_data,2026-08-02,distinct_count,csno,6265716,2026-08-03
wdp_bdp_db_dlk_l1_msk_view,hcc_cust_bhve_data,2026-08-03,distinct_count,csno,6008367,2026-08-04
wdp_bdp_db_dlk_l1_msk_view,hcc_cust_bhve_data,2026-08-04,distinct_count,csno,5844542,2026-08-05
wdp_bdp_db_dlk_l1_msk_view,hcc_cust_bhve_data,2026-08-05,distinct_count,csno,6535359,2026-08-06
wdp_bdp_db_dlk_l1_msk_view,hcc_cust_bhve_data,2026-08-06,distinct_count,csno,5841106,2026-08-07
wdp_bdp_db_dlk_l1_msk_view,hcc_cust_bhve_data,2026-08-07,distinct_count,csno,6109031,2026-08-08
wdp_bdp_db_dlk_l1_msk_view,hcc_cust_bhve_data,2026-08-08,distinct_count,csno,5627375,2026-08-09
wdp_bdp_db_dlk_l1_msk_view,hcc_cust_bhve_data,2026-08-09,distinct_count,csno,5410154,2026-08-10
wdp_bdp_db_dlk_l1_msk_view,hcc_cust_bhve_data,2026-08-10,distinct_count,csno,6927861,2026-08-11
wdp_bdp_db_dlk_l1_msk_view,hcc_cust_bhve_data,2026-08-11,distinct_count,csno,6090556,2026-08-12
wdp_bdp_db_dlk_l1_msk_view,hcc_cust_bhve_data,2026-08-12,distinct_count,csno,6277025,2026-08-13
wdp_bdp_db_dlk_l1_msk_view,hcc_cust_bhve_data,2026-08-13,distinct_count,csno,6504252,2026-08-14
wdp_bdp_db_dlk_l1_msk_view,hcc_cust_bhve_data,2026-08-14,distinct_count,csno,6248153,2026-08-15
wdp_bdp_db_dlk_l1_msk_view,hcc_cust_bhve_data,2026-08-15,distinct_count,csno,5336571,2026-08-16
wdp_bdp_db_dlk_l1_msk_view,hcc_cust_bhve_data,2026-08-16,distinct_count,csno,5280992,2026-08-17
wdp_bdp_db_dlk_l1_msk_view,hcc_cust_bhve_data,2026-08-17,distinct_count,csno,6661280,2026-08-18
wdp_bdp_db_dlk_l1_msk_view,hcc_cust_bhve_data,2026-08-18,distinct_count,csno,6349153,2026-08-19
wdp_bdp_db_dlk_l1_msk_view,hcc_cust_bhve_data,2026-08-19,distinct_count,csno,6730807,2026-08-20
wdp_bdp_db_dlk_l1_msk_view,hcc_cust_bhve_data,2026-08-20,distinct_count,csno,3043906,2026-08-21
wdp_bdp_db_dlk_l1_msk_view,hcc_cust_bhve_data,2026-08-21,distinct_count,csno,6595557,2026-08-22
wdp_bdp_db_dlk_l1_msk_view,hcc_cust_bhve_data,2026-08-22,distinct_count,csno,5691960,2026-08-23
wdp_bdp_db_dlk_l1_msk_view,hcc_cust_bhve_data,2026-08-23,distinct_count,csno,6355326,2026-08-24
wdp_bdp_db_dlk_l1_msk_view,hcc_cust_bhve_data,2026-08-24,distinct_count,csno,5945957,2026-08-25
wdp_bdp_db_dlk_l1_msk_view,hcc_cust_bhve_data,2026-08-25,distinct_count,csno,6311444,2026-08-26
wdp_bdp_db_dlk_l1_msk_view,hcc_cust_bhve_data,2026-08-26,distinct_count,csno,6334192,2026-08-27
wdp_bdp_db_dlk_l1_msk_view,hcc_cust_bhve_data,2026-08-27,distinct_count,csno,6856238,2026-08-28
wdp_bdp_db_dlk_l1_msk_view,hcc_cust_bhve_data,2026-08-28,distinct_count,csno,6182856,2026-08-29
wdp_bdp_db_dlk_l1_msk_view,hcc_cust_bhve_data,2026-08-29,distinct_count,csno,6377665,2026-08-30
wdp_bdp_db_dlk_l1_msk_view,hcc_cust_bhve_data,2026-08-30,distinct_count,csno,6188323,2026-08-31
wdp_bdp_db_dlk_l1_msk_view,hcc_cust_bhve_data,2026-08-31,distinct_count,csno,6488971,2026-09-01
wdp_bdp_db_dlk_l1_msk_view,hcc_cust_bhve_data,2026-08-01,null_count,cntn_id,3394,2026-08-02
wdp_bdp_db_dlk_l1_msk_view,hcc_cust_bhve_data,2026-08-02,null_count,cntn_id,3803,2026-08-03
wdp_bdp_db_dlk_l1_msk_view,hcc_cust_bhve_data,2026-08-03,null_count,cntn_id,3047,2026-08-04
wdp_bdp_db_dlk_l1_msk_view,hcc_cust_bhve_data,2026-08-04,null_count,cntn_id,3750,2026-08-05
wdp_bdp_db_dlk_l1_msk_view,hcc_cust_bhve_data,2026-08-05,null_count,cntn_id,3751,2026-08-06
wdp_bdp_db_dlk_l1_msk_view,hcc_cust_bhve_data,2026-08-06,null_count,cntn_id,5601,2026-08-07
wdp_bdp_db_dlk_l1_msk_view,hcc_cust_bhve_data,2026-08-07,null_count,cntn_id,4311,2026-08-08
wdp_bdp_db_dlk_l1_msk_view,hcc_cust_bhve_data,2026-08-08,null_count,cntn_id,3068,2026-08-09
wdp_bdp_db_dlk_l1_msk_view,hcc_cust_bhve_data,2026-08-09,null_count,cntn_id,3348,2026-08-10
wdp_bdp_db_dlk_l1_msk_view,hcc_cust_bhve_data,2026-08-10,null_count,cntn_id,5619,2026-08-11
wdp_bdp_db_dlk_l1_msk_view,hcc_cust_bhve_data,2026-08-11,null_count,cntn_id,5194,2026-08-12
wdp_bdp_db_dlk_l1_msk_view,hcc_cust_bhve_data,2026-08-12,null_count,cntn_id,4414,2026-08-13
wdp_bdp_db_dlk_l1_msk_view,hcc_cust_bhve_data,2026-08-13,null_count,cntn_id,2880,2026-08-14
wdp_bdp_db_dlk_l1_msk_view,hcc_cust_bhve_data,2026-08-14,null_count,cntn_id,2976,2026-08-15
wdp_bdp_db_dlk_l1_msk_view,hcc_cust_bhve_data,2026-08-15,null_count,cntn_id,3689,2026-08-16
wdp_bdp_db_dlk_l1_msk_view,hcc_cust_bhve_data,2026-08-16,null_count,cntn_id,2794,2026-08-17
wdp_bdp_db_dlk_l1_msk_view,hcc_cust_bhve_data,2026-08-17,null_count,cntn_id,6013,2026-08-18
wdp_bdp_db_dlk_l1_msk_view,hcc_cust_bhve_data,2026-08-18,null_count,cntn_id,5218,2026-08-19
wdp_bdp_db_dlk_l1_msk_view,hcc_cust_bhve_data,2026-08-19,null_count,cntn_id,4660,2026-08-20
wdp_bdp_db_dlk_l1_msk_view,hcc_cust_bhve_data,2026-08-20,null_count,cntn_id,2283,2026-08-21
wdp_bdp_db_dlk_l1_msk_view,hcc_cust_bhve_data,2026-08-21,null_count,cntn_id,2692,2026-08-22
wdp_bdp_db_dlk_l1_msk_view,hcc_cust_bhve_data,2026-08-22,null_count,cntn_id,2313,2026-08-23
wdp_bdp_db_dlk_l1_msk_view,hcc_cust_bhve_data,2026-08-23,null_count,cntn_id,4411,2026-08-24
wdp_bdp_db_dlk_l1_msk_view,hcc_cust_bhve_data,2026-08-24,null_count,cntn_id,4054,2026-08-25
wdp_bdp_db_dlk_l1_msk_view,hcc_cust_bhve_data,2026-08-25,null_count,cntn_id,3961,2026-08-26
wdp_bdp_db_dlk_l1_msk_view,hcc_cust_bhve_data,2026-08-26,null_count,cntn_id,3772,2026-08-27
wdp_bdp_db_dlk_l1_msk_view,hcc_cust_bhve_data,2026-08-27,null_count,cntn_id,2605,2026-08-28
wdp_bdp_db_dlk_l1_msk_view,hcc_cust_bhve_data,2026-08-28,null_count,cntn_id,3020,2026-08-29
wdp_bdp_db_dlk_l1_msk_view,hcc_cust_bhve_data,2026-08-29,null_count,cntn_id,5977,2026-08-30
wdp_bdp_db_dlk_l1_msk_view,hcc_cust_bhve_data,2026-08-30,null_count,cntn_id,2271,2026-08-31
wdp_bdp_db_dlk_l1_msk_view,hcc_cust_bhve_data,2026-08-31,null_count,cntn_id,2316,2026-09-01
wdp_bdp_db_dlk_l1_msk_view,hcc_cust_bhve_data,2026-08-01,null_count,csno,88,2026-08-02
wdp_bdp_db_dlk_l1_msk_view,hcc_cust_bhve_data,2026-08-02,null_count,csno,23,2026-08-03
wdp_bdp_db_dlk_l1_msk_view,hcc_cust_bhve_data,2026-08-03,null_count,csno,108,2026-08-04
wdp_bdp_db_dlk_l1_msk_view,hcc_cust_bhve_data,2026-08-04,null_count,csno,60,2026-08-05
wdp_bdp_db_dlk_l1_msk_view,hcc_cust_bhve_data,2026-08-05,null_count,csno,111,2026-08-06
wdp_bdp_db_dlk_l1_msk_view,hcc_cust_bhve_data,2026-08-06,null_count,csno,71,2026-08-07
wdp_bdp_db_dlk_l1_msk_view,hcc_cust_bhve_data,2026-08-07,null_count,csno,111,2026-08-08
wdp_bdp_db_dlk_l1_msk_view,hcc_cust_bhve_data,2026-08-08,null_count,csno,66,2026-08-09
wdp_bdp_db_dlk_l1_msk_view,hcc_cust_bhve_data,2026-08-09,null_count,csno,71,2026-08-10
wdp_bdp_db_dlk_l1_msk_view,hcc_cust_bhve_data,2026-08-10,null_count,csno,28,2026-08-11
wdp_bdp_db_dlk_l1_msk_view,hcc_cust_bhve_data,2026-08-11,null_count,csno,42,2026-08-12
wdp_bdp_db_dlk_l1_msk_view,hcc_cust_bhve_data,2026-08-12,null_count,csno,63,2026-08-13
wdp_bdp_db_dlk_l1_msk_view,hcc_cust_bhve_data,2026-08-13,null_count,csno,81,2026-08-14
wdp_bdp_db_dlk_l1_msk_view,hcc_cust_bhve_data,2026-08-14,null_count,csno,59,2026-08-15
wdp_bdp_db_dlk_l1_msk_view,hcc_cust_bhve_data,2026-08-15,null_count,csno,40,2026-08-16
wdp_bdp_db_dlk_l1_msk_view,hcc_cust_bhve_data,2026-08-16,null_count,csno,72,2026-08-17
wdp_bdp_db_dlk_l1_msk_view,hcc_cust_bhve_data,2026-08-17,null_count,csno,119,2026-08-18
wdp_bdp_db_dlk_l1_msk_view,hcc_cust_bhve_data,2026-08-18,null_count,csno,37,2026-08-19
wdp_bdp_db_dlk_l1_msk_view,hcc_cust_bhve_data,2026-08-19,null_count,csno,70,2026-08-20
wdp_bdp_db_dlk_l1_msk_view,hcc_cust_bhve_data,2026-08-20,null_count,csno,46,2026-08-21
wdp_bdp_db_dlk_l1_msk_view,hcc_cust_bhve_data,2026-08-21,null_count,csno,87,2026-08-22
wdp_bdp_db_dlk_l1_msk_view,hcc_cust_bhve_data,2026-08-22,null_count,csno,39,2026-08-23
wdp_bdp_db_dlk_l1_msk_view,hcc_cust_bhve_data,2026-08-23,null_count,csno,43,2026-08-24
wdp_bdp_db_dlk_l1_msk_view,hcc_cust_bhve_data,2026-08-24,null_count,csno,110,2026-08-25
wdp_bdp_db_dlk_l1_msk_view,hcc_cust_bhve_data,2026-08-25,null_count,csno,105,2026-08-26
wdp_bdp_db_dlk_l1_msk_view,hcc_cust_bhve_data,2026-08-26,null_count,csno,115,2026-08-27
wdp_bdp_db_dlk_l1_msk_view,hcc_cust_bhve_data,2026-08-27,null_count,csno,105,2026-08-28
wdp_bdp_db_dlk_l1_msk_view,hcc_cust_bhve_data,2026-08-28,null_count,csno,34,2026-08-29
wdp_bdp_db_dlk_l1_msk_view,hcc_cust_bhve_data,2026-08-29,null_count,csno,94,2026-08-30
wdp_bdp_db_dlk_l1_msk_view,hcc_cust_bhve_data,2026-08-30,null_count,csno,76,2026-08-31
wdp_bdp_db_dlk_l1_msk_view,hcc_cust_bhve_data,2026-08-31,null_count,csno,64,2026-09-01
wdp_bdp_db_dlk_l2_msk_view,f13_svc_brnd_cndd_dict,2026-08-01,distinct_count,brnd_id,21358,2026-08-02
wdp_bdp_db_dlk_l2_msk_view,f13_svc_brnd_cndd_dict,2026-08-02,distinct_count,brnd_id,21360,2026-08-03
wdp_bdp_db_dlk_l2_msk_view,f13_svc_brnd_cndd_dict,2026-08-03,distinct_count,brnd_id,21365,2026-08-04
wdp_bdp_db_dlk_l2_msk_view,f13_svc_brnd_cndd_dict,2026-08-04,distinct_count,brnd_id,21372,2026-08-05
wdp_bdp_db_dlk_l2_msk_view,f13_svc_brnd_cndd_dict,2026-08-05,distinct_count,brnd_id,21358,2026-08-06
wdp_bdp_db_dlk_l2_msk_view,f13_svc_brnd_cndd_dict,2026-08-06,distinct_count,brnd_id,21376,2026-08-07
wdp_bdp_db_dlk_l2_msk_view,f13_svc_brnd_cndd_dict,2026-08-07,distinct_count,brnd_id,21381,2026-08-08
wdp_bdp_db_dlk_l2_msk_view,f13_svc_brnd_cndd_dict,2026-08-08,distinct_count,brnd_id,21373,2026-08-09
wdp_bdp_db_dlk_l2_msk_view,f13_svc_brnd_cndd_dict,2026-08-09,distinct_count,brnd_id,21377,2026-08-10
wdp_bdp_db_dlk_l2_msk_view,f13_svc_brnd_cndd_dict,2026-08-10,distinct_count,brnd_id,21391,2026-08-11
wdp_bdp_db_dlk_l2_msk_view,f13_svc_brnd_cndd_dict,2026-08-11,distinct_count,brnd_id,21386,2026-08-12
wdp_bdp_db_dlk_l2_msk_view,f13_svc_brnd_cndd_dict,2026-08-12,distinct_count,brnd_id,21387,2026-08-13
wdp_bdp_db_dlk_l2_msk_view,f13_svc_brnd_cndd_dict,2026-08-13,distinct_count,brnd_id,21399,2026-08-14
wdp_bdp_db_dlk_l2_msk_view,f13_svc_brnd_cndd_dict,2026-08-14,distinct_count,brnd_id,21396,2026-08-15
wdp_bdp_db_dlk_l2_msk_view,f13_svc_brnd_cndd_dict,2026-08-15,distinct_count,brnd_id,21403,2026-08-16
wdp_bdp_db_dlk_l2_msk_view,f13_svc_brnd_cndd_dict,2026-08-16,distinct_count,brnd_id,21411,2026-08-17
wdp_bdp_db_dlk_l2_msk_view,f13_svc_brnd_cndd_dict,2026-08-17,distinct_count,brnd_id,21411,2026-08-18
wdp_bdp_db_dlk_l2_msk_view,f13_svc_brnd_cndd_dict,2026-08-18,distinct_count,brnd_id,21425,2026-08-19
wdp_bdp_db_dlk_l2_msk_view,f13_svc_brnd_cndd_dict,2026-08-19,distinct_count,brnd_id,21419,2026-08-20
wdp_bdp_db_dlk_l2_msk_view,f13_svc_brnd_cndd_dict,2026-08-20,distinct_count,brnd_id,21422,2026-08-21
wdp_bdp_db_dlk_l2_msk_view,f13_svc_brnd_cndd_dict,2026-08-21,distinct_count,brnd_id,21432,2026-08-22
wdp_bdp_db_dlk_l2_msk_view,f13_svc_brnd_cndd_dict,2026-08-22,distinct_count,brnd_id,21447,2026-08-23
wdp_bdp_db_dlk_l2_msk_view,f13_svc_brnd_cndd_dict,2026-08-23,distinct_count,brnd_id,21447,2026-08-24
wdp_bdp_db_dlk_l2_msk_view,f13_svc_brnd_cndd_dict,2026-08-24,distinct_count,brnd_id,21446,2026-08-25
wdp_bdp_db_dlk_l2_msk_view,f13_svc_brnd_cndd_dict,2026-08-25,distinct_count,brnd_id,21460,2026-08-26
wdp_bdp_db_dlk_l2_msk_view,f13_svc_brnd_cndd_dict,2026-08-26,distinct_count,brnd_id,21454,2026-08-27
wdp_bdp_db_dlk_l2_msk_view,f13_svc_brnd_cndd_dict,2026-08-27,distinct_count,brnd_id,21467,2026-08-28
wdp_bdp_db_dlk_l2_msk_view,f13_svc_brnd_cndd_dict,2026-08-28,distinct_count,brnd_id,21469,2026-08-29
wdp_bdp_db_dlk_l2_msk_view,f13_svc_brnd_cndd_dict,2026-08-29,distinct_count,brnd_id,21469,2026-08-30
wdp_bdp_db_dlk_l2_msk_view,f13_svc_brnd_cndd_dict,2026-08-30,distinct_count,brnd_id,21484,2026-08-31
wdp_bdp_db_dlk_l2_msk_view,f13_svc_brnd_cndd_dict,2026-08-31,distinct_count,brnd_id,21471,2026-09-01
wdp_bdp_db_dlk_l2_msk_view,f13_svc_brnd_cndd_dict,2026-08-01,null_count,brnd_id,0,2026-08-02
wdp_bdp_db_dlk_l2_msk_view,f13_svc_brnd_cndd_dict,2026-08-02,null_count,brnd_id,0,2026-08-03
wdp_bdp_db_dlk_l2_msk_view,f13_svc_brnd_cndd_dict,2026-08-03,null_count,brnd_id,0,2026-08-04
wdp_bdp_db_dlk_l2_msk_view,f13_svc_brnd_cndd_dict,2026-08-04,null_count,brnd_id,0,2026-08-05
wdp_bdp_db_dlk_l2_msk_view,f13_svc_brnd_cndd_dict,2026-08-05,null_count,brnd_id,0,2026-08-06
wdp_bdp_db_dlk_l2_msk_view,f13_svc_brnd_cndd_dict,2026-08-06,null_count,brnd_id,0,2026-08-07
wdp_bdp_db_dlk_l2_msk_view,f13_svc_brnd_cndd_dict,2026-08-07,null_count,brnd_id,0,2026-08-08
wdp_bdp_db_dlk_l2_msk_view,f13_svc_brnd_cndd_dict,2026-08-08,null_count,brnd_id,0,2026-08-09
wdp_bdp_db_dlk_l2_msk_view,f13_svc_brnd_cndd_dict,2026-08-09,null_count,brnd_id,0,2026-08-10
wdp_bdp_db_dlk_l2_msk_view,f13_svc_brnd_cndd_dict,2026-08-10,null_count,brnd_id,0,2026-08-11
wdp_bdp_db_dlk_l2_msk_view,f13_svc_brnd_cndd_dict,2026-08-11,null_count,brnd_id,0,2026-08-12
wdp_bdp_db_dlk_l2_msk_view,f13_svc_brnd_cndd_dict,2026-08-12,null_count,brnd_id,0,2026-08-13
wdp_bdp_db_dlk_l2_msk_view,f13_svc_brnd_cndd_dict,2026-08-13,null_count,brnd_id,0,2026-08-14
wdp_bdp_db_dlk_l2_msk_view,f13_svc_brnd_cndd_dict,2026-08-14,null_count,brnd_id,0,2026-08-15
wdp_bdp_db_dlk_l2_msk_view,f13_svc_brnd_cndd_dict,2026-08-15,null_count,brnd_id,0,2026-08-16
wdp_bdp_db_dlk_l2_msk_view,f13_svc_brnd_cndd_dict,2026-08-16,null_count,brnd_id,0,2026-08-17
wdp_bdp_db_dlk_l2_msk_view,f13_svc_brnd_cndd_dict,2026-08-17,null_count,brnd_id,0,2026-08-18
wdp_bdp_db_dlk_l2_msk_view,f13_svc_brnd_cndd_dict,2026-08-18,null_count,brnd_id,0,2026-08-19
wdp_bdp_db_dlk_l2_msk_view,f13_svc_brnd_cndd_dict,2026-08-19,null_count,brnd_id,0,2026-08-20
wdp_bdp_db_dlk_l2_msk_view,f13_svc_brnd_cndd_dict,2026-08-20,null_count,brnd_id,0,2026-08-21
wdp_bdp_db_dlk_l2_msk_view,f13_svc_brnd_cndd_dict,2026-08-21,null_count,brnd_id,0,2026-08-22
wdp_bdp_db_dlk_l2_msk_view,f13_svc_brnd_cndd_dict,2026-08-22,null_count,brnd_id,0,2026-08-23
wdp_bdp_db_dlk_l2_msk_view,f13_svc_brnd_cndd_dict,2026-08-23,null_count,brnd_id,0,2026-08-24
wdp_bdp_db_dlk_l2_msk_view,f13_svc_brnd_cndd_dict,2026-08-24,null_count,brnd_id,0,2026-08-25
wdp_bdp_db_dlk_l2_msk_view,f13_svc_brnd_cndd_dict,2026-08-25,null_count,brnd_id,0,2026-08-26
wdp_bdp_db_dlk_l2_msk_view,f13_svc_brnd_cndd_dict,2026-08-26,null_count,brnd_id,0,2026-08-27
wdp_bdp_db_dlk_l2_msk_view,f13_svc_brnd_cndd_dict,2026-08-27,null_count,brnd_id,0,2026-08-28
wdp_bdp_db_dlk_l2_msk_view,f13_svc_brnd_cndd_dict,2026-08-28,null_count,brnd_id,0,2026-08-29
wdp_bdp_db_dlk_l2_msk_view,f13_svc_brnd_cndd_dict,2026-08-29,null_count,brnd_id,0,2026-08-30
wdp_bdp_db_dlk_l2_msk_view,f13_svc_brnd_cndd_dict,2026-08-30,null_count,brnd_id,0,2026-08-31
wdp_bdp_db_dlk_l2_msk_view,f13_svc_brnd_cndd_dict,2026-08-31,null_count,brnd_id,0,2026-09-01
wdp_bdp_db_dlk_l2_msk_view,f13_svc_gpcc_trgt,2026-08-01,distinct_count,cntn_id,213,2026-08-02
wdp_bdp_db_dlk_l2_msk_view,f13_svc_gpcc_trgt,2026-08-02,distinct_count,cntn_id,219,2026-08-03
wdp_bdp_db_dlk_l2_msk_view,f13_svc_gpcc_trgt,2026-08-03,distinct_count,cntn_id,159,2026-08-04
wdp_bdp_db_dlk_l2_msk_view,f13_svc_gpcc_trgt,2026-08-04,distinct_count,cntn_id,172,2026-08-05
wdp_bdp_db_dlk_l2_msk_view,f13_svc_gpcc_trgt,2026-08-05,distinct_count,cntn_id,242,2026-08-06
wdp_bdp_db_dlk_l2_msk_view,f13_svc_gpcc_trgt,2026-08-06,distinct_count,cntn_id,246,2026-08-07
wdp_bdp_db_dlk_l2_msk_view,f13_svc_gpcc_trgt,2026-08-07,distinct_count,cntn_id,226,2026-08-08
wdp_bdp_db_dlk_l2_msk_view,f13_svc_gpcc_trgt,2026-08-08,distinct_count,cntn_id,216,2026-08-09
wdp_bdp_db_dlk_l2_msk_view,f13_svc_gpcc_trgt,2026-08-09,distinct_count,cntn_id,242,2026-08-10
wdp_bdp_db_dlk_l2_msk_view,f13_svc_gpcc_trgt,2026-08-10,distinct_count,cntn_id,169,2026-08-11
wdp_bdp_db_dlk_l2_msk_view,f13_svc_gpcc_trgt,2026-08-11,distinct_count,cntn_id,183,2026-08-12
wdp_bdp_db_dlk_l2_msk_view,f13_svc_gpcc_trgt,2026-08-12,distinct_count,cntn_id,244,2026-08-13
wdp_bdp_db_dlk_l2_msk_view,f13_svc_gpcc_trgt,2026-08-13,distinct_count,cntn_id,193,2026-08-14
wdp_bdp_db_dlk_l2_msk_view,f13_svc_gpcc_trgt,2026-08-14,distinct_count,cntn_id,247,2026-08-15
wdp_bdp_db_dlk_l2_msk_view,f13_svc_gpcc_trgt,2026-08-15,distinct_count,cntn_id,218,2026-08-16
wdp_bdp_db_dlk_l2_msk_view,f13_svc_gpcc_trgt,2026-08-16,distinct_count,cntn_id,200,2026-08-17
wdp_bdp_db_dlk_l2_msk_view,f13_svc_gpcc_trgt,2026-08-17,distinct_count,cntn_id,216,2026-08-18
wdp_bdp_db_dlk_l2_msk_view,f13_svc_gpcc_trgt,2026-08-18,distinct_count,cntn_id,182,2026-08-19
wdp_bdp_db_dlk_l2_msk_view,f13_svc_gpcc_trgt,2026-08-19,distinct_count,cntn_id,167,2026-08-20
wdp_bdp_db_dlk_l2_msk_view,f13_svc_gpcc_trgt,2026-08-20,distinct_count,cntn_id,244,2026-08-21
wdp_bdp_db_dlk_l2_msk_view,f13_svc_gpcc_trgt,2026-08-21,distinct_count,cntn_id,171,2026-08-22
wdp_bdp_db_dlk_l2_msk_view,f13_svc_gpcc_trgt,2026-08-22,distinct_count,cntn_id,154,2026-08-23
wdp_bdp_db_dlk_l2_msk_view,f13_svc_gpcc_trgt,2026-08-23,distinct_count,cntn_id,200,2026-08-24
wdp_bdp_db_dlk_l2_msk_view,f13_svc_gpcc_trgt,2026-08-24,distinct_count,cntn_id,154,2026-08-25
wdp_bdp_db_dlk_l2_msk_view,f13_svc_gpcc_trgt,2026-08-25,distinct_count,cntn_id,213,2026-08-26
wdp_bdp_db_dlk_l2_msk_view,f13_svc_gpcc_trgt,2026-08-26,distinct_count,cntn_id,233,2026-08-27
wdp_bdp_db_dlk_l2_msk_view,f13_svc_gpcc_trgt,2026-08-27,distinct_count,cntn_id,229,2026-08-28
wdp_bdp_db_dlk_l2_msk_view,f13_svc_gpcc_trgt,2026-08-28,distinct_count,cntn_id,220,2026-08-29
wdp_bdp_db_dlk_l2_msk_view,f13_svc_gpcc_trgt,2026-08-29,distinct_count,cntn_id,217,2026-08-30
wdp_bdp_db_dlk_l2_msk_view,f13_svc_gpcc_trgt,2026-08-30,distinct_count,cntn_id,181,2026-08-31
wdp_bdp_db_dlk_l2_msk_view,f13_svc_gpcc_trgt,2026-08-31,distinct_count,cntn_id,182,2026-09-01
wdp_bdp_db_dlk_l2_msk_view,f13_svc_gpcc_trgt,2026-08-01,distinct_count,csno,8623139,2026-08-02
wdp_bdp_db_dlk_l2_msk_view,f13_svc_gpcc_trgt,2026-08-02,distinct_count,csno,8600904,2026-08-03
wdp_bdp_db_dlk_l2_msk_view,f13_svc_gpcc_trgt,2026-08-03,distinct_count,csno,8638414,2026-08-04
wdp_bdp_db_dlk_l2_msk_view,f13_svc_gpcc_trgt,2026-08-04,distinct_count,csno,8890564,2026-08-05
wdp_bdp_db_dlk_l2_msk_view,f13_svc_gpcc_trgt,2026-08-05,distinct_count,csno,8811528,2026-08-06
wdp_bdp_db_dlk_l2_msk_view,f13_svc_gpcc_trgt,2026-08-06,distinct_count,csno,8882482,2026-08-07
wdp_bdp_db_dlk_l2_msk_view,f13_svc_gpcc_trgt,2026-08-07,distinct_count,csno,8852519,2026-08-08
wdp_bdp_db_dlk_l2_msk_view,f13_svc_gpcc_trgt,2026-08-08,distinct_count,csno,8527548,2026-08-09
wdp_bdp_db_dlk_l2_msk_view,f13_svc_gpcc_trgt,2026-08-09,distinct_count,csno,8737740,2026-08-10
wdp_bdp_db_dlk_l2_msk_view,f13_svc_gpcc_trgt,2026-08-10,distinct_count,csno,8854159,2026-08-11
wdp_bdp_db_dlk_l2_msk_view,f13_svc_gpcc_trgt,2026-08-11,distinct_count,csno,8696756,2026-08-12
wdp_bdp_db_dlk_l2_msk_view,f13_svc_gpcc_trgt,2026-08-12,distinct_count,csno,8595678,2026-08-13
wdp_bdp_db_dlk_l2_msk_view,f13_svc_gpcc_trgt,2026-08-13,distinct_count,csno,8861252,2026-08-14
wdp_bdp_db_dlk_l2_msk_view,f13_svc_gpcc_trgt,2026-08-14,distinct_count,csno,5057900,2026-08-15
wdp_bdp_db_dlk_l2_msk_view,f13_svc_gpcc_trgt,2026-08-15,distinct_count,csno,8611060,2026-08-16
wdp_bdp_db_dlk_l2_msk_view,f13_svc_gpcc_trgt,2026-08-16,distinct_count,csno,8581832,2026-08-17
wdp_bdp_db_dlk_l2_msk_view,f13_svc_gpcc_trgt,2026-08-17,distinct_count,csno,8606943,2026-08-18
wdp_bdp_db_dlk_l2_msk_view,f13_svc_gpcc_trgt,2026-08-18,distinct_count,csno,8827316,2026-08-19
wdp_bdp_db_dlk_l2_msk_view,f13_svc_gpcc_trgt,2026-08-19,distinct_count,csno,8683861,2026-08-20
wdp_bdp_db_dlk_l2_msk_view,f13_svc_gpcc_trgt,2026-08-20,distinct_count,csno,8734229,2026-08-21
wdp_bdp_db_dlk_l2_msk_view,f13_svc_gpcc_trgt,2026-08-21,distinct_count,csno,8680636,2026-08-22
wdp_bdp_db_dlk_l2_msk_view,f13_svc_gpcc_trgt,2026-08-22,distinct_count,csno,8713590,2026-08-23
wdp_bdp_db_dlk_l2_msk_view,f13_svc_gpcc_trgt,2026-08-23,distinct_count,csno,8589649,2026-08-24
wdp_bdp_db_dlk_l2_msk_view,f13_svc_gpcc_trgt,2026-08-24,distinct_count,csno,8730267,2026-08-25
wdp_bdp_db_dlk_l2_msk_view,f13_svc_gpcc_trgt,2026-08-25,distinct_count,csno,8631806,2026-08-26
wdp_bdp_db_dlk_l2_msk_view,f13_svc_gpcc_trgt,2026-08-26,distinct_count,csno,8862095,2026-08-27
wdp_bdp_db_dlk_l2_msk_view,f13_svc_gpcc_trgt,2026-08-27,distinct_count,csno,8683584,2026-08-28
wdp_bdp_db_dlk_l2_msk_view,f13_svc_gpcc_trgt,2026-08-28,distinct_count,csno,8674659,2026-08-29
wdp_bdp_db_dlk_l2_msk_view,f13_svc_gpcc_trgt,2026-08-29,distinct_count,csno,8508013,2026-08-30
wdp_bdp_db_dlk_l2_msk_view,f13_svc_gpcc_trgt,2026-08-30,distinct_count,csno,8861091,2026-08-31
wdp_bdp_db_dlk_l2_msk_view,f13_svc_gpcc_trgt,2026-08-31,distinct_count,csno,8667382,2026-09-01
wdp_bdp_db_dlk_l2_msk_view,f13_svc_gpcc_trgt,2026-08-01,null_count,cntn_id,0,2026-08-02
wdp_bdp_db_dlk_l2_msk_view,f13_svc_gpcc_trgt,2026-08-02,null_count,cntn_id,0,2026-08-03
wdp_bdp_db_dlk_l2_msk_view,f13_svc_gpcc_trgt,2026-08-03,null_count,cntn_id,0,2026-08-04
wdp_bdp_db_dlk_l2_msk_view,f13_svc_gpcc_trgt,2026-08-04,null_count,cntn_id,0,2026-08-05
wdp_bdp_db_dlk_l2_msk_view,f13_svc_gpcc_trgt,2026-08-05,null_count,cntn_id,0,2026-08-06
wdp_bdp_db_dlk_l2_msk_view,f13_svc_gpcc_trgt,2026-08-06,null_count,cntn_id,0,2026-08-07
wdp_bdp_db_dlk_l2_msk_view,f13_svc_gpcc_trgt,2026-08-07,null_count,cntn_id,0,2026-08-08
wdp_bdp_db_dlk_l2_msk_view,f13_svc_gpcc_trgt,2026-08-08,null_count,cntn_id,0,2026-08-09
wdp_bdp_db_dlk_l2_msk_view,f13_svc_gpcc_trgt,2026-08-09,null_count,cntn_id,0,2026-08-10
wdp_bdp_db_dlk_l2_msk_view,f13_svc_gpcc_trgt,2026-08-10,null_count,cntn_id,0,2026-08-11
wdp_bdp_db_dlk_l2_msk_view,f13_svc_gpcc_trgt,2026-08-11,null_count,cntn_id,0,2026-08-12
wdp_bdp_db_dlk_l2_msk_view,f13_svc_gpcc_trgt,2026-08-12,null_count,cntn_id,0,2026-08-13
wdp_bdp_db_dlk_l2_msk_view,f13_svc_gpcc_trgt,2026-08-13,null_count,cntn_id,0,2026-08-14
wdp_bdp_db_dlk_l2_msk_view,f13_svc_gpcc_trgt,2026-08-14,null_count,cntn_id,0,2026-08-15
wdp_bdp_db_dlk_l2_msk_view,f13_svc_gpcc_trgt,2026-08-15,null_count,cntn_id,0,2026-08-16
wdp_bdp_db_dlk_l2_msk_view,f13_svc_gpcc_trgt,2026-08-16,null_count,cntn_id,0,2026-08-17
wdp_bdp_db_dlk_l2_msk_view,f13_svc_gpcc_trgt,2026-08-17,null_count,cntn_id,0,2026-08-18
wdp_bdp_db_dlk_l2_msk_view,f13_svc_gpcc_trgt,2026-08-18,null_count,cntn_id,0,2026-08-19
wdp_bdp_db_dlk_l2_msk_view,f13_svc_gpcc_trgt,2026-08-19,null_count,cntn_id,0,2026-08-20
wdp_bdp_db_dlk_l2_msk_view,f13_svc_gpcc_trgt,2026-08-20,null_count,cntn_id,0,2026-08-21
wdp_bdp_db_dlk_l2_msk_view,f13_svc_gpcc_trgt,2026-08-21,null_count,cntn_id,0,2026-08-22
wdp_bdp_db_dlk_l2_msk_view,f13_svc_gpcc_trgt,2026-08-22,null_count,cntn_id,0,2026-08-23
wdp_bdp_db_dlk_l2_msk_view,f13_svc_gpcc_trgt,2026-08-23,null_count,cntn_id,0,2026-08-24
wdp_bdp_db_dlk_l2_msk_view,f13_svc_gpcc_trgt,2026-08-24,null_count,cntn_id,0,2026-08-25
wdp_bdp_db_dlk_l2_msk_view,f13_svc_gpcc_trgt,2026-08-25,null_count,cntn_id,0,2026-08-26
wdp_bdp_db_dlk_l2_msk_view,f13_svc_gpcc_trgt,2026-08-26,null_count,cntn_id,0,2026-08-27
wdp_bdp_db_dlk_l2_msk_view,f13_svc_gpcc_trgt,2026-08-27,null_count,cntn_id,0,2026-08-28
wdp_bdp_db_dlk_l2_msk_view,f13_svc_gpcc_trgt,2026-08-28,null_count,cntn_id,0,2026-08-29
wdp_bdp_db_dlk_l2_msk_view,f13_svc_gpcc_trgt,2026-08-29,null_count,cntn_id,0,2026-08-30
wdp_bdp_db_dlk_l2_msk_view,f13_svc_gpcc_trgt,2026-08-30,null_count,cntn_id,0,2026-08-31
wdp_bdp_db_dlk_l2_msk_view,f13_svc_gpcc_trgt,2026-08-31,null_count,cntn_id,0,2026-09-01
wdp_bdp_db_dlk_l2_msk_view,f13_svc_gpcc_trgt,2026-08-01,null_count,csno,0,2026-08-02
wdp_bdp_db_dlk_l2_msk_view,f13_svc_gpcc_trgt,2026-08-02,null_count,csno,0,2026-08-03
wdp_bdp_db_dlk_l2_msk_view,f13_svc_gpcc_trgt,2026-08-03,null_count,csno,0,2026-08-04
wdp_bdp_db_dlk_l2_msk_view,f13_svc_gpcc_trgt,2026-08-04,null_count,csno,0,2026-08-05
wdp_bdp_db_dlk_l2_msk_view,f13_svc_gpcc_trgt,2026-08-05,null_count,csno,0,2026-08-06
wdp_bdp_db_dlk_l2_msk_view,f13_svc_gpcc_trgt,2026-08-06,null_count,csno,0,2026-08-07
wdp_bdp_db_dlk_l2_msk_view,f13_svc_gpcc_trgt,2026-08-07,null_count,csno,0,2026-08-08
wdp_bdp_db_dlk_l2_msk_view,f13_svc_gpcc_trgt,2026-08-08,null_count,csno,0,2026-08-09
wdp_bdp_db_dlk_l2_msk_view,f13_svc_gpcc_trgt,2026-08-09,null_count,csno,0,2026-08-10
wdp_bdp_db_dlk_l2_msk_view,f13_svc_gpcc_trgt,2026-08-10,null_count,csno,0,2026-08-11
wdp_bdp_db_dlk_l2_msk_view,f13_svc_gpcc_trgt,2026-08-11,null_count,csno,0,2026-08-12
wdp_bdp_db_dlk_l2_msk_view,f13_svc_gpcc_trgt,2026-08-12,null_count,csno,0,2026-08-13
wdp_bdp_db_dlk_l2_msk_view,f13_svc_gpcc_trgt,2026-08-13,null_count,csno,0,2026-08-14
wdp_bdp_db_dlk_l2_msk_view,f13_svc_gpcc_trgt,2026-08-14,null_count,csno,0,2026-08-15
wdp_bdp_db_dlk_l2_msk_view,f13_svc_gpcc_trgt,2026-08-15,null_count,csno,0,2026-08-16
wdp_bdp_db_dlk_l2_msk_view,f13_svc_gpcc_trgt,2026-08-16,null_count,csno,0,2026-08-17
wdp_bdp_db_dlk_l2_msk_view,f13_svc_gpcc_trgt,2026-08-17,null_count,csno,0,2026-08-18
wdp_bdp_db_dlk_l2_msk_view,f13_svc_gpcc_trgt,2026-08-18,null_count,csno,0,2026-08-19
wdp_bdp_db_dlk_l2_msk_view,f13_svc_gpcc_trgt,2026-08-19,null_count,csno,0,2026-08-20
wdp_bdp_db_dlk_l2_msk_view,f13_svc_gpcc_trgt,2026-08-20,null_count,csno,0,2026-08-21
wdp_bdp_db_dlk_l2_msk_view,f13_svc_gpcc_trgt,2026-08-21,null_count,csno,0,2026-08-22
wdp_bdp_db_dlk_l2_msk_view,f13_svc_gpcc_trgt,2026-08-22,null_count,csno,0,2026-08-23
wdp_bdp_db_dlk_l2_msk_view,f13_svc_gpcc_trgt,2026-08-23,null_count,csno,0,2026-08-24
wdp_bdp_db_dlk_l2_msk_view,f13_svc_gpcc_trgt,2026-08-24,null_count,csno,0,2026-08-25
wdp_bdp_db_dlk_l2_msk_view,f13_svc_gpcc_trgt,2026-08-25,null_count,csno,0,2026-08-26
wdp_bdp_db_dlk_l2_msk_view,f13_svc_gpcc_trgt,2026-08-26,null_count,csno,0,2026-08-27
wdp_bdp_db_dlk_l2_msk_view,f13_svc_gpcc_trgt,2026-08-27,null_count,csno,0,2026-08-28
wdp_bdp_db_dlk_l2_msk_view,f13_svc_gpcc_trgt,2026-08-28,null_count,csno,0,2026-08-29
wdp_bdp_db_dlk_l2_msk_view,f13_svc_gpcc_trgt,2026-08-29,null_count,csno,0,2026-08-30
wdp_bdp_db_dlk_l2_msk_view,f13_svc_gpcc_trgt,2026-08-30,null_count,csno,0,2026-08-31
wdp_bdp_db_dlk_l2_msk_view,f13_svc_gpcc_trgt,2026-08-31,null_count,csno,0,2026-09-01
wdp_bdp_db_dlk_l2_msk_view,mm_mrch_x_aggr_by_idx_by_id,2026-08-01,distinct_count,csno,8203204,2026-08-02
wdp_bdp_db_dlk_l2_msk_view,mm_mrch_x_aggr_by_idx_by_id,2026-08-02,distinct_count,csno,8199008,2026-08-03
wdp_bdp_db_dlk_l2_msk_view,mm_mrch_x_aggr_by_idx_by_id,2026-08-03,distinct_count,csno,8196111,2026-08-04
wdp_bdp_db_dlk_l2_msk_view,mm_mrch_x_aggr_by_idx_by_id,2026-08-04,distinct_count,csno,8201603,2026-08-05
wdp_bdp_db_dlk_l2_msk_view,mm_mrch_x_aggr_by_idx_by_id,2026-08-05,distinct_count,csno,8204093,2026-08-06
wdp_bdp_db_dlk_l2_msk_view,mm_mrch_x_aggr_by_idx_by_id,2026-08-06,distinct_count,csno,8203245,2026-08-07
wdp_bdp_db_dlk_l2_msk_view,mm_mrch_x_aggr_by_idx_by_id,2026-08-07,distinct_count,csno,8197726,2026-08-08
wdp_bdp_db_dlk_l2_msk_view,mm_mrch_x_aggr_by_idx_by_id,2026-08-08,distinct_count,csno,8198497,2026-08-09
wdp_bdp_db_dlk_l2_msk_view,mm_mrch_x_aggr_by_idx_by_id,2026-08-09,distinct_count,csno,8198072,2026-08-10
wdp_bdp_db_dlk_l2_msk_view,mm_mrch_x_aggr_by_idx_by_id,2026-08-10,distinct_count,csno,8197754,2026-08-11
wdp_bdp_db_dlk_l2_msk_view,mm_mrch_x_aggr_by_idx_by_id,2026-08-11,distinct_count,csno,8204002,2026-08-12
wdp_bdp_db_dlk_l2_msk_view,mm_mrch_x_aggr_by_idx_by_id,2026-08-12,distinct_count,csno,8200368,2026-08-13
wdp_bdp_db_dlk_l2_msk_view,mm_mrch_x_aggr_by_idx_by_id,2026-08-13,distinct_count,csno,8202094,2026-08-14
wdp_bdp_db_dlk_l2_msk_view,mm_mrch_x_aggr_by_idx_by_id,2026-08-14,distinct_count,csno,8202373,2026-08-15
wdp_bdp_db_dlk_l2_msk_view,mm_mrch_x_aggr_by_idx_by_id,2026-08-15,distinct_count,csno,8197125,2026-08-16
wdp_bdp_db_dlk_l2_msk_view,mm_mrch_x_aggr_by_idx_by_id,2026-08-16,distinct_count,csno,8199668,2026-08-17
wdp_bdp_db_dlk_l2_msk_view,mm_mrch_x_aggr_by_idx_by_id,2026-08-17,distinct_count,csno,8197527,2026-08-18
wdp_bdp_db_dlk_l2_msk_view,mm_mrch_x_aggr_by_idx_by_id,2026-08-18,distinct_count,csno,8198621,2026-08-19
wdp_bdp_db_dlk_l2_msk_view,mm_mrch_x_aggr_by_idx_by_id,2026-08-19,distinct_count,csno,8197149,2026-08-20
wdp_bdp_db_dlk_l2_msk_view,mm_mrch_x_aggr_by_idx_by_id,2026-08-20,distinct_count,csno,8196753,2026-08-21
wdp_bdp_db_dlk_l2_msk_view,mm_mrch_x_aggr_by_idx_by_id,2026-08-21,distinct_count,csno,8202013,2026-08-22
wdp_bdp_db_dlk_l2_msk_view,mm_mrch_x_aggr_by_idx_by_id,2026-08-22,distinct_count,csno,8198125,2026-08-23
wdp_bdp_db_dlk_l2_msk_view,mm_mrch_x_aggr_by_idx_by_id,2026-08-23,distinct_count,csno,8197136,2026-08-24
wdp_bdp_db_dlk_l2_msk_view,mm_mrch_x_aggr_by_idx_by_id,2026-08-24,distinct_count,csno,8198478,2026-08-25
wdp_bdp_db_dlk_l2_msk_view,mm_mrch_x_aggr_by_idx_by_id,2026-08-25,distinct_count,csno,8202675,2026-08-26
wdp_bdp_db_dlk_l2_msk_view,mm_mrch_x_aggr_by_idx_by_id,2026-08-26,distinct_count,csno,8199188,2026-08-27
wdp_bdp_db_dlk_l2_msk_view,mm_mrch_x_aggr_by_idx_by_id,2026-08-27,distinct_count,csno,8200491,2026-08-28
wdp_bdp_db_dlk_l2_msk_view,mm_mrch_x_aggr_by_idx_by_id,2026-08-28,distinct_count,csno,8201481,2026-08-29
wdp_bdp_db_dlk_l2_msk_view,mm_mrch_x_aggr_by_idx_by_id,2026-08-29,distinct_count,csno,8197018,2026-08-30
wdp_bdp_db_dlk_l2_msk_view,mm_mrch_x_aggr_by_idx_by_id,2026-08-30,distinct_count,csno,8203235,2026-08-31
wdp_bdp_db_dlk_l2_msk_view,mm_mrch_x_aggr_by_idx_by_id,2026-08-31,distinct_count,csno,8198640,2026-09-01
wdp_bdp_db_dlk_l2_msk_view,mm_mrch_x_aggr_by_idx_by_id,2026-08-01,distinct_count,mcno,2410780,2026-08-02
wdp_bdp_db_dlk_l2_msk_view,mm_mrch_x_aggr_by_idx_by_id,2026-08-02,distinct_count,mcno,2409615,2026-08-03
wdp_bdp_db_dlk_l2_msk_view,mm_mrch_x_aggr_by_idx_by_id,2026-08-03,distinct_count,mcno,2409351,2026-08-04
wdp_bdp_db_dlk_l2_msk_view,mm_mrch_x_aggr_by_idx_by_id,2026-08-04,distinct_count,mcno,2410553,2026-08-05
wdp_bdp_db_dlk_l2_msk_view,mm_mrch_x_aggr_by_idx_by_id,2026-08-05,distinct_count,mcno,2409815,2026-08-06
wdp_bdp_db_dlk_l2_msk_view,mm_mrch_x_aggr_by_idx_by_id,2026-08-06,distinct_count,mcno,2410156,2026-08-07
wdp_bdp_db_dlk_l2_msk_view,mm_mrch_x_aggr_by_idx_by_id,2026-08-07,distinct_count,mcno,2409016,2026-08-08
wdp_bdp_db_dlk_l2_msk_view,mm_mrch_x_aggr_by_idx_by_id,2026-08-08,distinct_count,mcno,2410645,2026-08-09
wdp_bdp_db_dlk_l2_msk_view,mm_mrch_x_aggr_by_idx_by_id,2026-08-09,distinct_count,mcno,2410377,2026-08-10
wdp_bdp_db_dlk_l2_msk_view,mm_mrch_x_aggr_by_idx_by_id,2026-08-10,distinct_count,mcno,2410105,2026-08-11
wdp_bdp_db_dlk_l2_msk_view,mm_mrch_x_aggr_by_idx_by_id,2026-08-11,distinct_count,mcno,2410125,2026-08-12
wdp_bdp_db_dlk_l2_msk_view,mm_mrch_x_aggr_by_idx_by_id,2026-08-12,distinct_count,mcno,2410144,2026-08-13
wdp_bdp_db_dlk_l2_msk_view,mm_mrch_x_aggr_by_idx_by_id,2026-08-13,distinct_count,mcno,2411120,2026-08-14
wdp_bdp_db_dlk_l2_msk_view,mm_mrch_x_aggr_by_idx_by_id,2026-08-14,distinct_count,mcno,2410317,2026-08-15
wdp_bdp_db_dlk_l2_msk_view,mm_mrch_x_aggr_by_idx_by_id,2026-08-15,distinct_count,mcno,2410461,2026-08-16
wdp_bdp_db_dlk_l2_msk_view,mm_mrch_x_aggr_by_idx_by_id,2026-08-16,distinct_count,mcno,2409499,2026-08-17
wdp_bdp_db_dlk_l2_msk_view,mm_mrch_x_aggr_by_idx_by_id,2026-08-17,distinct_count,mcno,2410825,2026-08-18
wdp_bdp_db_dlk_l2_msk_view,mm_mrch_x_aggr_by_idx_by_id,2026-08-18,distinct_count,mcno,2410174,2026-08-19
wdp_bdp_db_dlk_l2_msk_view,mm_mrch_x_aggr_by_idx_by_id,2026-08-19,distinct_count,mcno,2410181,2026-08-20
wdp_bdp_db_dlk_l2_msk_view,mm_mrch_x_aggr_by_idx_by_id,2026-08-20,distinct_count,mcno,2410392,2026-08-21
wdp_bdp_db_dlk_l2_msk_view,mm_mrch_x_aggr_by_idx_by_id,2026-08-21,distinct_count,mcno,2410781,2026-08-22
wdp_bdp_db_dlk_l2_msk_view,mm_mrch_x_aggr_by_idx_by_id,2026-08-22,distinct_count,mcno,2410759,2026-08-23
wdp_bdp_db_dlk_l2_msk_view,mm_mrch_x_aggr_by_idx_by_id,2026-08-23,distinct_count,mcno,2410275,2026-08-24
wdp_bdp_db_dlk_l2_msk_view,mm_mrch_x_aggr_by_idx_by_id,2026-08-24,distinct_count,mcno,2410030,2026-08-25
wdp_bdp_db_dlk_l2_msk_view,mm_mrch_x_aggr_by_idx_by_id,2026-08-25,distinct_count,mcno,2409149,2026-08-26
wdp_bdp_db_dlk_l2_msk_view,mm_mrch_x_aggr_by_idx_by_id,2026-08-26,distinct_count,mcno,2410935,2026-08-27
wdp_bdp_db_dlk_l2_msk_view,mm_mrch_x_aggr_by_idx_by_id,2026-08-27,distinct_count,mcno,2410593,2026-08-28
wdp_bdp_db_dlk_l2_msk_view,mm_mrch_x_aggr_by_idx_by_id,2026-08-28,distinct_count,mcno,2411097,2026-08-29
wdp_bdp_db_dlk_l2_msk_view,mm_mrch_x_aggr_by_idx_by_id,2026-08-29,distinct_count,mcno,2410854,2026-08-30
wdp_bdp_db_dlk_l2_msk_view,mm_mrch_x_aggr_by_idx_by_id,2026-08-30,distinct_count,mcno,2410139,2026-08-31
wdp_bdp_db_dlk_l2_msk_view,mm_mrch_x_aggr_by_idx_by_id,2026-08-31,distinct_count,mcno,2410446,2026-09-01
wdp_bdp_db_dlk_l2_msk_view,mm_mrch_x_aggr_by_idx_by_id,2026-08-01,null_count,csno,0,2026-08-02
wdp_bdp_db_dlk_l2_msk_view,mm_mrch_x_aggr_by_idx_by_id,2026-08-02,null_count,csno,0,2026-08-03
wdp_bdp_db_dlk_l2_msk_view,mm_mrch_x_aggr_by_idx_by_id,2026-08-03,null_count,csno,0,2026-08-04
wdp_bdp_db_dlk_l2_msk_view,mm_mrch_x_aggr_by_idx_by_id,2026-08-04,null_count,csno,0,2026-08-05
wdp_bdp_db_dlk_l2_msk_view,mm_mrch_x_aggr_by_idx_by_id,2026-08-05,null_count,csno,0,2026-08-06
wdp_bdp_db_dlk_l2_msk_view,mm_mrch_x_aggr_by_idx_by_id,2026-08-06,null_count,csno,0,2026-08-07
wdp_bdp_db_dlk_l2_msk_view,mm_mrch_x_aggr_by_idx_by_id,2026-08-07,null_count,csno,0,2026-08-08
wdp_bdp_db_dlk_l2_msk_view,mm_mrch_x_aggr_by_idx_by_id,2026-08-08,null_count,csno,0,2026-08-09
wdp_bdp_db_dlk_l2_msk_view,mm_mrch_x_aggr_by_idx_by_id,2026-08-09,null_count,csno,0,2026-08-10
wdp_bdp_db_dlk_l2_msk_view,mm_mrch_x_aggr_by_idx_by_id,2026-08-10,null_count,csno,0,2026-08-11
wdp_bdp_db_dlk_l2_msk_view,mm_mrch_x_aggr_by_idx_by_id,2026-08-11,null_count,csno,0,2026-08-12
wdp_bdp_db_dlk_l2_msk_view,mm_mrch_x_aggr_by_idx_by_id,2026-08-12,null_count,csno,0,2026-08-13
wdp_bdp_db_dlk_l2_msk_view,mm_mrch_x_aggr_by_idx_by_id,2026-08-13,null_count,csno,0,2026-08-14
wdp_bdp_db_dlk_l2_msk_view,mm_mrch_x_aggr_by_idx_by_id,2026-08-14,null_count,csno,0,2026-08-15
wdp_bdp_db_dlk_l2_msk_view,mm_mrch_x_aggr_by_idx_by_id,2026-08-15,null_count,csno,0,2026-08-16
wdp_bdp_db_dlk_l2_msk_view,mm_mrch_x_aggr_by_idx_by_id,2026-08-16,null_count,csno,0,2026-08-17
wdp_bdp_db_dlk_l2_msk_view,mm_mrch_x_aggr_by_idx_by_id,2026-08-17,null_count,csno,0,2026-08-18
wdp_bdp_db_dlk_l2_msk_view,mm_mrch_x_aggr_by_idx_by_id,2026-08-18,null_count,csno,0,2026-08-19
wdp_bdp_db_dlk_l2_msk_view,mm_mrch_x_aggr_by_idx_by_id,2026-08-19,null_count,csno,0,2026-08-20
wdp_bdp_db_dlk_l2_msk_view,mm_mrch_x_aggr_by_idx_by_id,2026-08-20,null_count,csno,0,2026-08-21
wdp_bdp_db_dlk_l2_msk_view,mm_mrch_x_aggr_by_idx_by_id,2026-08-21,null_count,csno,0,2026-08-22
wdp_bdp_db_dlk_l2_msk_view,mm_mrch_x_aggr_by_idx_by_id,2026-08-22,null_count,csno,0,2026-08-23
wdp_bdp_db_dlk_l2_msk_view,mm_mrch_x_aggr_by_idx_by_id,2026-08-23,null_count,csno,0,2026-08-24
wdp_bdp_db_dlk_l2_msk_view,mm_mrch_x_aggr_by_idx_by_id,2026-08-24,null_count,csno,0,2026-08-25
wdp_bdp_db_dlk_l2_msk_view,mm_mrch_x_aggr_by_idx_by_id,2026-08-25,null_count,csno,0,2026-08-26
wdp_bdp_db_dlk_l2_msk_view,mm_mrch_x_aggr_by_idx_by_id,2026-08-26,null_count,csno,0,2026-08-27
wdp_bdp_db_dlk_l2_msk_view,mm_mrch_x_aggr_by_idx_by_id,2026-08-27,null_count,csno,0,2026-08-28
wdp_bdp_db_dlk_l2_msk_view,mm_mrch_x_aggr_by_idx_by_id,2026-08-28,null_count,csno,0,2026-08-29
wdp_bdp_db_dlk_l2_msk_view,mm_mrch_x_aggr_by_idx_by_id,2026-08-29,null_count,csno,0,2026-08-30
wdp_bdp_db_dlk_l2_msk_view,mm_mrch_x_aggr_by_idx_by_id,2026-08-30,null_count,csno,0,2026-08-31
wdp_bdp_db_dlk_l2_msk_view,mm_mrch_x_aggr_by_idx_by_id,2026-08-31,null_count,csno,0,2026-09-01
wdp_bdp_db_dlk_l2_msk_view,mm_mrch_x_aggr_by_idx_by_id,2026-08-01,null_count,mcno,0,2026-08-02
wdp_bdp_db_dlk_l2_msk_view,mm_mrch_x_aggr_by_idx_by_id,2026-08-02,null_count,mcno,0,2026-08-03
wdp_bdp_db_dlk_l2_msk_view,mm_mrch_x_aggr_by_idx_by_id,2026-08-03,null_count,mcno,0,2026-08-04
wdp_bdp_db_dlk_l2_msk_view,mm_mrch_x_aggr_by_idx_by_id,2026-08-04,null_count,mcno,0,2026-08-05
wdp_bdp_db_dlk_l2_msk_view,mm_mrch_x_aggr_by_idx_by_id,2026-08-05,null_count,mcno,0,2026-08-06
wdp_bdp_db_dlk_l2_msk_view,mm_mrch_x_aggr_by_idx_by_id,2026-08-06,null_count,mcno,0,2026-08-07
wdp_bdp_db_dlk_l2_msk_view,mm_mrch_x_aggr_by_idx_by_id,2026-08-07,null_count,mcno,0,2026-08-08
wdp_bdp_db_dlk_l2_msk_view,mm_mrch_x_aggr_by_idx_by_id,2026-08-08,null_count,mcno,0,2026-08-09
wdp_bdp_db_dlk_l2_msk_view,mm_mrch_x_aggr_by_idx_by_id,2026-08-09,null_count,mcno,0,2026-08-10
wdp_bdp_db_dlk_l2_msk_view,mm_mrch_x_aggr_by_idx_by_id,2026-08-10,null_count,mcno,0,2026-08-11
wdp_bdp_db_dlk_l2_msk_view,mm_mrch_x_aggr_by_idx_by_id,2026-08-11,null_count,mcno,0,2026-08-12
wdp_bdp_db_dlk_l2_msk_view,mm_mrch_x_aggr_by_idx_by_id,2026-08-12,null_count,mcno,0,2026-08-13
wdp_bdp_db_dlk_l2_msk_view,mm_mrch_x_aggr_by_idx_by_id,2026-08-13,null_count,mcno,0,2026-08-14
wdp_bdp_db_dlk_l2_msk_view,mm_mrch_x_aggr_by_idx_by_id,2026-08-14,null_count,mcno,0,2026-08-15
wdp_bdp_db_dlk_l2_msk_view,mm_mrch_x_aggr_by_idx_by_id,2026-08-15,null_count,mcno,0,2026-08-16
wdp_bdp_db_dlk_l2_msk_view,mm_mrch_x_aggr_by_idx_by_id,2026-08-16,null_count,mcno,0,2026-08-17
wdp_bdp_db_dlk_l2_msk_view,mm_mrch_x_aggr_by_idx_by_id,2026-08-17,null_count,mcno,0,2026-08-18
wdp_bdp_db_dlk_l2_msk_view,mm_mrch_x_aggr_by_idx_by_id,2026-08-18,null_count,mcno,0,2026-08-19
wdp_bdp_db_dlk_l2_msk_view,mm_mrch_x_aggr_by_idx_by_id,2026-08-19,null_count,mcno,0,2026-08-20
wdp_bdp_db_dlk_l2_msk_view,mm_mrch_x_aggr_by_idx_by_id,2026-08-20,null_count,mcno,0,2026-08-21
wdp_bdp_db_dlk_l2_msk_view,mm_mrch_x_aggr_by_idx_by_id,2026-08-21,null_count,mcno,0,2026-08-22
wdp_bdp_db_dlk_l2_msk_view,mm_mrch_x_aggr_by_idx_by_id,2026-08-22,null_count,mcno,0,2026-08-23
wdp_bdp_db_dlk_l2_msk_view,mm_mrch_x_aggr_by_idx_by_id,2026-08-23,null_count,mcno,0,2026-08-24
wdp_bdp_db_dlk_l2_msk_view,mm_mrch_x_aggr_by_idx_by_id,2026-08-24,null_count,mcno,0,2026-08-25
wdp_bdp_db_dlk_l2_msk_view,mm_mrch_x_aggr_by_idx_by_id,2026-08-25,null_count,mcno,0,2026-08-26
wdp_bdp_db_dlk_l2_msk_view,mm_mrch_x_aggr_by_idx_by_id,2026-08-26,null_count,mcno,0,2026-08-27
wdp_bdp_db_dlk_l2_msk_view,mm_mrch_x_aggr_by_idx_by_id,2026-08-27,null_count,mcno,0,2026-08-28
wdp_bdp_db_dlk_l2_msk_view,mm_mrch_x_aggr_by_idx_by_id,2026-08-28,null_count,mcno,0,2026-08-29
wdp_bdp_db_dlk_l2_msk_view,mm_mrch_x_aggr_by_idx_by_id,2026-08-29,null_count,mcno,0,2026-08-30
wdp_bdp_db_dlk_l2_msk_view,mm_mrch_x_aggr_by_idx_by_id,2026-08-30,null_count,mcno,0,2026-08-31
wdp_bdp_db_dlk_l2_msk_view,mm_mrch_x_aggr_by_idx_by_id,2026-08-31,null_count,mcno,0,2026-09-01
wdp_bdp_db_dlk_l2_msk_view,f13_mrch_grp_mrch_rel,2026-08-01,distinct_count,mcno,3182844,2026-08-02
wdp_bdp_db_dlk_l2_msk_view,f13_mrch_grp_mrch_rel,2026-08-02,distinct_count,mcno,3185021,2026-08-03
wdp_bdp_db_dlk_l2_msk_view,f13_mrch_grp_mrch_rel,2026-08-03,distinct_count,mcno,3185648,2026-08-04
wdp_bdp_db_dlk_l2_msk_view,f13_mrch_grp_mrch_rel,2026-08-04,distinct_count,mcno,3185822,2026-08-05
wdp_bdp_db_dlk_l2_msk_view,f13_mrch_grp_mrch_rel,2026-08-05,distinct_count,mcno,3186839,2026-08-06
wdp_bdp_db_dlk_l2_msk_view,f13_mrch_grp_mrch_rel,2026-08-06,distinct_count,mcno,3185750,2026-08-07
wdp_bdp_db_dlk_l2_msk_view,f13_mrch_grp_mrch_rel,2026-08-07,distinct_count,mcno,3187010,2026-08-08
wdp_bdp_db_dlk_l2_msk_view,f13_mrch_grp_mrch_rel,2026-08-08,distinct_count,mcno,3188811,2026-08-09
wdp_bdp_db_dlk_l2_msk_view,f13_mrch_grp_mrch_rel,2026-08-09,distinct_count,mcno,3189502,2026-08-10
wdp_bdp_db_dlk_l2_msk_view,f13_mrch_grp_mrch_rel,2026-08-10,distinct_count,mcno,3189732,2026-08-11
wdp_bdp_db_dlk_l2_msk_view,f13_mrch_grp_mrch_rel,2026-08-11,distinct_count,mcno,3189824,2026-08-12
wdp_bdp_db_dlk_l2_msk_view,f13_mrch_grp_mrch_rel,2026-08-12,distinct_count,mcno,3191471,2026-08-13
wdp_bdp_db_dlk_l2_msk_view,f13_mrch_grp_mrch_rel,2026-08-13,distinct_count,mcno,3190287,2026-08-14
wdp_bdp_db_dlk_l2_msk_view,f13_mrch_grp_mrch_rel,2026-08-14,distinct_count,mcno,3192260,2026-08-15
wdp_bdp_db_dlk_l2_msk_view,f13_mrch_grp_mrch_rel,2026-08-15,distinct_count,mcno,3191476,2026-08-16
wdp_bdp_db_dlk_l2_msk_view,f13_mrch_grp_mrch_rel,2026-08-16,distinct_count,mcno,3192046,2026-08-17
wdp_bdp_db_dlk_l2_msk_view,f13_mrch_grp_mrch_rel,2026-08-17,distinct_count,mcno,3195042,2026-08-18
wdp_bdp_db_dlk_l2_msk_view,f13_mrch_grp_mrch_rel,2026-08-18,distinct_count,mcno,3195454,2026-08-19
wdp_bdp_db_dlk_l2_msk_view,f13_mrch_grp_mrch_rel,2026-08-19,distinct_count,mcno,3196111,2026-08-20
wdp_bdp_db_dlk_l2_msk_view,f13_mrch_grp_mrch_rel,2026-08-20,distinct_count,mcno,3194944,2026-08-21
wdp_bdp_db_dlk_l2_msk_view,f13_mrch_grp_mrch_rel,2026-08-21,distinct_count,mcno,3196640,2026-08-22
wdp_bdp_db_dlk_l2_msk_view,f13_mrch_grp_mrch_rel,2026-08-22,distinct_count,mcno,3197412,2026-08-23
wdp_bdp_db_dlk_l2_msk_view,f13_mrch_grp_mrch_rel,2026-08-23,distinct_count,mcno,3199472,2026-08-24
wdp_bdp_db_dlk_l2_msk_view,f13_mrch_grp_mrch_rel,2026-08-24,distinct_count,mcno,3197272,2026-08-25
wdp_bdp_db_dlk_l2_msk_view,f13_mrch_grp_mrch_rel,2026-08-25,distinct_count,mcno,3198065,2026-08-26
wdp_bdp_db_dlk_l2_msk_view,f13_mrch_grp_mrch_rel,2026-08-26,distinct_count,mcno,3199341,2026-08-27
wdp_bdp_db_dlk_l2_msk_view,f13_mrch_grp_mrch_rel,2026-08-27,distinct_count,mcno,3200218,2026-08-28
wdp_bdp_db_dlk_l2_msk_view,f13_mrch_grp_mrch_rel,2026-08-28,distinct_count,mcno,3201926,2026-08-29
wdp_bdp_db_dlk_l2_msk_view,f13_mrch_grp_mrch_rel,2026-08-29,distinct_count,mcno,3201455,2026-08-30
wdp_bdp_db_dlk_l2_msk_view,f13_mrch_grp_mrch_rel,2026-08-30,distinct_count,mcno,3201757,2026-08-31
wdp_bdp_db_dlk_l2_msk_view,f13_mrch_grp_mrch_rel,2026-08-31,distinct_count,mcno,3201847,2026-09-01
wdp_bdp_db_dlk_l2_msk_view,f13_mrch_grp_mrch_rel,2026-08-01,distinct_count,mrch_grp_no,71228,2026-08-02
wdp_bdp_db_dlk_l2_msk_view,f13_mrch_grp_mrch_rel,2026-08-02,distinct_count,mrch_grp_no,71218,2026-08-03
wdp_bdp_db_dlk_l2_msk_view,f13_mrch_grp_mrch_rel,2026-08-03,distinct_count,mrch_grp_no,71214,2026-08-04
wdp_bdp_db_dlk_l2_msk_view,f13_mrch_grp_mrch_rel,2026-08-04,distinct_count,mrch_grp_no,71185,2026-08-05
wdp_bdp_db_dlk_l2_msk_view,f13_mrch_grp_mrch_rel,2026-08-05,distinct_count,mrch_grp_no,71108,2026-08-06
wdp_bdp_db_dlk_l2_msk_view,f13_mrch_grp_mrch_rel,2026-08-06,distinct_count,mrch_grp_no,71182,2026-08-07
wdp_bdp_db_dlk_l2_msk_view,f13_mrch_grp_mrch_rel,2026-08-07,distinct_count,mrch_grp_no,71114,2026-08-08
wdp_bdp_db_dlk_l2_msk_view,f13_mrch_grp_mrch_rel,2026-08-08,distinct_count,mrch_grp_no,71080,2026-08-09
wdp_bdp_db_dlk_l2_msk_view,f13_mrch_grp_mrch_rel,2026-08-09,distinct_count,mrch_grp_no,71099,2026-08-10
wdp_bdp_db_dlk_l2_msk_view,f13_mrch_grp_mrch_rel,2026-08-10,distinct_count,mrch_grp_no,71203,2026-08-11
wdp_bdp_db_dlk_l2_msk_view,f13_mrch_grp_mrch_rel,2026-08-11,distinct_count,mrch_grp_no,71145,2026-08-12
wdp_bdp_db_dlk_l2_msk_view,f13_mrch_grp_mrch_rel,2026-08-12,distinct_count,mrch_grp_no,71211,2026-08-13
wdp_bdp_db_dlk_l2_msk_view,f13_mrch_grp_mrch_rel,2026-08-13,distinct_count,mrch_grp_no,71108,2026-08-14
wdp_bdp_db_dlk_l2_msk_view,f13_mrch_grp_mrch_rel,2026-08-14,distinct_count,mrch_grp_no,71328,2026-08-15
wdp_bdp_db_dlk_l2_msk_view,f13_mrch_grp_mrch_rel,2026-08-15,distinct_count,mrch_grp_no,71194,2026-08-16
wdp_bdp_db_dlk_l2_msk_view,f13_mrch_grp_mrch_rel,2026-08-16,distinct_count,mrch_grp_no,71236,2026-08-17
wdp_bdp_db_dlk_l2_msk_view,f13_mrch_grp_mrch_rel,2026-08-17,distinct_count,mrch_grp_no,71185,2026-08-18
wdp_bdp_db_dlk_l2_msk_view,f13_mrch_grp_mrch_rel,2026-08-18,distinct_count,mrch_grp_no,71303,2026-08-19
wdp_bdp_db_dlk_l2_msk_view,f13_mrch_grp_mrch_rel,2026-08-19,distinct_count,mrch_grp_no,71161,2026-08-20
wdp_bdp_db_dlk_l2_msk_view,f13_mrch_grp_mrch_rel,2026-08-20,distinct_count,mrch_grp_no,71103,2026-08-21
wdp_bdp_db_dlk_l2_msk_view,f13_mrch_grp_mrch_rel,2026-08-21,distinct_count,mrch_grp_no,71137,2026-08-22
wdp_bdp_db_dlk_l2_msk_view,f13_mrch_grp_mrch_rel,2026-08-22,distinct_count,mrch_grp_no,71251,2026-08-23
wdp_bdp_db_dlk_l2_msk_view,f13_mrch_grp_mrch_rel,2026-08-23,distinct_count,mrch_grp_no,71108,2026-08-24
wdp_bdp_db_dlk_l2_msk_view,f13_mrch_grp_mrch_rel,2026-08-24,distinct_count,mrch_grp_no,71268,2026-08-25
wdp_bdp_db_dlk_l2_msk_view,f13_mrch_grp_mrch_rel,2026-08-25,distinct_count,mrch_grp_no,71064,2026-08-26
wdp_bdp_db_dlk_l2_msk_view,f13_mrch_grp_mrch_rel,2026-08-26,distinct_count,mrch_grp_no,71295,2026-08-27
wdp_bdp_db_dlk_l2_msk_view,f13_mrch_grp_mrch_rel,2026-08-27,distinct_count,mrch_grp_no,71274,2026-08-28
wdp_bdp_db_dlk_l2_msk_view,f13_mrch_grp_mrch_rel,2026-08-28,distinct_count,mrch_grp_no,71197,2026-08-29
wdp_bdp_db_dlk_l2_msk_view,f13_mrch_grp_mrch_rel,2026-08-29,distinct_count,mrch_grp_no,71223,2026-08-30
wdp_bdp_db_dlk_l2_msk_view,f13_mrch_grp_mrch_rel,2026-08-30,distinct_count,mrch_grp_no,71261,2026-08-31
wdp_bdp_db_dlk_l2_msk_view,f13_mrch_grp_mrch_rel,2026-08-31,distinct_count,mrch_grp_no,71249,2026-09-01
wdp_bdp_db_dlk_l2_msk_view,f13_mrch_grp_mrch_rel,2026-08-01,null_count,mcno,0,2026-08-02
wdp_bdp_db_dlk_l2_msk_view,f13_mrch_grp_mrch_rel,2026-08-02,null_count,mcno,0,2026-08-03
wdp_bdp_db_dlk_l2_msk_view,f13_mrch_grp_mrch_rel,2026-08-03,null_count,mcno,0,2026-08-04
wdp_bdp_db_dlk_l2_msk_view,f13_mrch_grp_mrch_rel,2026-08-04,null_count,mcno,0,2026-08-05
wdp_bdp_db_dlk_l2_msk_view,f13_mrch_grp_mrch_rel,2026-08-05,null_count,mcno,0,2026-08-06
wdp_bdp_db_dlk_l2_msk_view,f13_mrch_grp_mrch_rel,2026-08-06,null_count,mcno,0,2026-08-07
wdp_bdp_db_dlk_l2_msk_view,f13_mrch_grp_mrch_rel,2026-08-07,null_count,mcno,0,2026-08-08
wdp_bdp_db_dlk_l2_msk_view,f13_mrch_grp_mrch_rel,2026-08-08,null_count,mcno,0,2026-08-09
wdp_bdp_db_dlk_l2_msk_view,f13_mrch_grp_mrch_rel,2026-08-09,null_count,mcno,0,2026-08-10
wdp_bdp_db_dlk_l2_msk_view,f13_mrch_grp_mrch_rel,2026-08-10,null_count,mcno,0,2026-08-11
wdp_bdp_db_dlk_l2_msk_view,f13_mrch_grp_mrch_rel,2026-08-11,null_count,mcno,0,2026-08-12
wdp_bdp_db_dlk_l2_msk_view,f13_mrch_grp_mrch_rel,2026-08-12,null_count,mcno,0,2026-08-13
wdp_bdp_db_dlk_l2_msk_view,f13_mrch_grp_mrch_rel,2026-08-13,null_count,mcno,0,2026-08-14
wdp_bdp_db_dlk_l2_msk_view,f13_mrch_grp_mrch_rel,2026-08-14,null_count,mcno,0,2026-08-15
wdp_bdp_db_dlk_l2_msk_view,f13_mrch_grp_mrch_rel,2026-08-15,null_count,mcno,0,2026-08-16
wdp_bdp_db_dlk_l2_msk_view,f13_mrch_grp_mrch_rel,2026-08-16,null_count,mcno,0,2026-08-17
wdp_bdp_db_dlk_l2_msk_view,f13_mrch_grp_mrch_rel,2026-08-17,null_count,mcno,0,2026-08-18
wdp_bdp_db_dlk_l2_msk_view,f13_mrch_grp_mrch_rel,2026-08-18,null_count,mcno,0,2026-08-19
wdp_bdp_db_dlk_l2_msk_view,f13_mrch_grp_mrch_rel,2026-08-19,null_count,mcno,0,2026-08-20
wdp_bdp_db_dlk_l2_msk_view,f13_mrch_grp_mrch_rel,2026-08-20,null_count,mcno,0,2026-08-21
wdp_bdp_db_dlk_l2_msk_view,f13_mrch_grp_mrch_rel,2026-08-21,null_count,mcno,0,2026-08-22
wdp_bdp_db_dlk_l2_msk_view,f13_mrch_grp_mrch_rel,2026-08-22,null_count,mcno,0,2026-08-23
wdp_bdp_db_dlk_l2_msk_view,f13_mrch_grp_mrch_rel,2026-08-23,null_count,mcno,0,2026-08-24
wdp_bdp_db_dlk_l2_msk_view,f13_mrch_grp_mrch_rel,2026-08-24,null_count,mcno,0,2026-08-25
wdp_bdp_db_dlk_l2_msk_view,f13_mrch_grp_mrch_rel,2026-08-25,null_count,mcno,0,2026-08-26
wdp_bdp_db_dlk_l2_msk_view,f13_mrch_grp_mrch_rel,2026-08-26,null_count,mcno,0,2026-08-27
wdp_bdp_db_dlk_l2_msk_view,f13_mrch_grp_mrch_rel,2026-08-27,null_count,mcno,0,2026-08-28
wdp_bdp_db_dlk_l2_msk_view,f13_mrch_grp_mrch_rel,2026-08-28,null_count,mcno,0,2026-08-29
wdp_bdp_db_dlk_l2_msk_view,f13_mrch_grp_mrch_rel,2026-08-29,null_count,mcno,0,2026-08-30
wdp_bdp_db_dlk_l2_msk_view,f13_mrch_grp_mrch_rel,2026-08-30,null_count,mcno,0,2026-08-31
wdp_bdp_db_dlk_l2_msk_view,f13_mrch_grp_mrch_rel,2026-08-31,null_count,mcno,0,2026-09-01
wdp_bdp_db_dlk_l2_msk_view,f13_mrch_grp_mrch_rel,2026-08-01,null_count,mrch_grp_no,0,2026-08-02
wdp_bdp_db_dlk_l2_msk_view,f13_mrch_grp_mrch_rel,2026-08-02,null_count,mrch_grp_no,0,2026-08-03
wdp_bdp_db_dlk_l2_msk_view,f13_mrch_grp_mrch_rel,2026-08-03,null_count,mrch_grp_no,0,2026-08-04
wdp_bdp_db_dlk_l2_msk_view,f13_mrch_grp_mrch_rel,2026-08-04,null_count,mrch_grp_no,0,2026-08-05
wdp_bdp_db_dlk_l2_msk_view,f13_mrch_grp_mrch_rel,2026-08-05,null_count,mrch_grp_no,0,2026-08-06
wdp_bdp_db_dlk_l2_msk_view,f13_mrch_grp_mrch_rel,2026-08-06,null_count,mrch_grp_no,0,2026-08-07
wdp_bdp_db_dlk_l2_msk_view,f13_mrch_grp_mrch_rel,2026-08-07,null_count,mrch_grp_no,0,2026-08-08
wdp_bdp_db_dlk_l2_msk_view,f13_mrch_grp_mrch_rel,2026-08-08,null_count,mrch_grp_no,0,2026-08-09
wdp_bdp_db_dlk_l2_msk_view,f13_mrch_grp_mrch_rel,2026-08-09,null_count,mrch_grp_no,0,2026-08-10
wdp_bdp_db_dlk_l2_msk_view,f13_mrch_grp_mrch_rel,2026-08-10,null_count,mrch_grp_no,0,2026-08-11
wdp_bdp_db_dlk_l2_msk_view,f13_mrch_grp_mrch_rel,2026-08-11,null_count,mrch_grp_no,0,2026-08-12
wdp_bdp_db_dlk_l2_msk_view,f13_mrch_grp_mrch_rel,2026-08-12,null_count,mrch_grp_no,0,2026-08-13
wdp_bdp_db_dlk_l2_msk_view,f13_mrch_grp_mrch_rel,2026-08-13,null_count,mrch_grp_no,0,2026-08-14
wdp_bdp_db_dlk_l2_msk_view,f13_mrch_grp_mrch_rel,2026-08-14,null_count,mrch_grp_no,0,2026-08-15
wdp_bdp_db_dlk_l2_msk_view,f13_mrch_grp_mrch_rel,2026-08-15,null_count,mrch_grp_no,0,2026-08-16
wdp_bdp_db_dlk_l2_msk_view,f13_mrch_grp_mrch_rel,2026-08-16,null_count,mrch_grp_no,0,2026-08-17
wdp_bdp_db_dlk_l2_msk_view,f13_mrch_grp_mrch_rel,2026-08-17,null_count,mrch_grp_no,0,2026-08-18
wdp_bdp_db_dlk_l2_msk_view,f13_mrch_grp_mrch_rel,2026-08-18,null_count,mrch_grp_no,0,2026-08-19
wdp_bdp_db_dlk_l2_msk_view,f13_mrch_grp_mrch_rel,2026-08-19,null_count,mrch_grp_no,0,2026-08-20
wdp_bdp_db_dlk_l2_msk_view,f13_mrch_grp_mrch_rel,2026-08-20,null_count,mrch_grp_no,0,2026-08-21
wdp_bdp_db_dlk_l2_msk_view,f13_mrch_grp_mrch_rel,2026-08-21,null_count,mrch_grp_no,0,2026-08-22
wdp_bdp_db_dlk_l2_msk_view,f13_mrch_grp_mrch_rel,2026-08-22,null_count,mrch_grp_no,0,2026-08-23
wdp_bdp_db_dlk_l2_msk_view,f13_mrch_grp_mrch_rel,2026-08-23,null_count,mrch_grp_no,0,2026-08-24
wdp_bdp_db_dlk_l2_msk_view,f13_mrch_grp_mrch_rel,2026-08-24,null_count,mrch_grp_no,0,2026-08-25
wdp_bdp_db_dlk_l2_msk_view,f13_mrch_grp_mrch_rel,2026-08-25,null_count,mrch_grp_no,0,2026-08-26
wdp_bdp_db_dlk_l2_msk_view,f13_mrch_grp_mrch_rel,2026-08-26,null_count,mrch_grp_no,0,2026-08-27
wdp_bdp_db_dlk_l2_msk_view,f13_mrch_grp_mrch_rel,2026-08-27,null_count,mrch_grp_no,0,2026-08-28
wdp_bdp_db_dlk_l2_msk_view,f13_mrch_grp_mrch_rel,2026-08-28,null_count,mrch_grp_no,0,2026-08-29
wdp_bdp_db_dlk_l2_msk_view,f13_mrch_grp_mrch_rel,2026-08-29,null_count,mrch_grp_no,0,2026-08-30
wdp_bdp_db_dlk_l2_msk_view,f13_mrch_grp_mrch_rel,2026-08-30,null_count,mrch_grp_no,0,2026-08-31
wdp_bdp_db_dlk_l2_msk_view,f13_mrch_grp_mrch_rel,2026-08-31,null_count,mrch_grp_no,0,2026-09-01
wdp_bdp_db_dlk_l1_msk_view,mrch_bsis,2026-08-01,distinct_count,mcno,3216472,2026-08-02
wdp_bdp_db_dlk_l1_msk_view,mrch_bsis,2026-08-02,distinct_count,mcno,3217139,2026-08-03
wdp_bdp_db_dlk_l1_msk_view,mrch_bsis,2026-08-03,distinct_count,mcno,3216751,2026-08-04
wdp_bdp_db_dlk_l1_msk_view,mrch_bsis,2026-08-04,distinct_count,mcno,3217990,2026-08-05
wdp_bdp_db_dlk_l1_msk_view,mrch_bsis,2026-08-05,distinct_count,mcno,3218137,2026-08-06
wdp_bdp_db_dlk_l1_msk_view,mrch_bsis,2026-08-06,distinct_count,mcno,3219145,2026-08-07
wdp_bdp_db_dlk_l1_msk_view,mrch_bsis,2026-08-07,distinct_count,mcno,3219418,2026-08-08
wdp_bdp_db_dlk_l1_msk_view,mrch_bsis,2026-08-08,distinct_count,mcno,3219496,2026-08-09
wdp_bdp_db_dlk_l1_msk_view,mrch_bsis,2026-08-09,distinct_count,mcno,3218621,2026-08-10
wdp_bdp_db_dlk_l1_msk_view,mrch_bsis,2026-08-10,distinct_count,mcno,3219986,2026-08-11
wdp_bdp_db_dlk_l1_msk_view,mrch_bsis,2026-08-11,distinct_count,mcno,3221839,2026-08-12
wdp_bdp_db_dlk_l1_msk_view,mrch_bsis,2026-08-12,distinct_count,mcno,3222386,2026-08-13
wdp_bdp_db_dlk_l1_msk_view,mrch_bsis,2026-08-13,distinct_count,mcno,3221671,2026-08-14
wdp_bdp_db_dlk_l1_msk_view,mrch_bsis,2026-08-14,distinct_count,mcno,3223395,2026-08-15
wdp_bdp_db_dlk_l1_msk_view,mrch_bsis,2026-08-15,distinct_count,mcno,3224281,2026-08-16
wdp_bdp_db_dlk_l1_msk_view,mrch_bsis,2026-08-16,distinct_count,mcno,3225039,2026-08-17
wdp_bdp_db_dlk_l1_msk_view,mrch_bsis,2026-08-17,distinct_count,mcno,3225678,2026-08-18
wdp_bdp_db_dlk_l1_msk_view,mrch_bsis,2026-08-18,distinct_count,mcno,3225651,2026-08-19
wdp_bdp_db_dlk_l1_msk_view,mrch_bsis,2026-08-19,distinct_count,mcno,3227163,2026-08-20
wdp_bdp_db_dlk_l1_msk_view,mrch_bsis,2026-08-20,distinct_count,mcno,3228347,2026-08-21
wdp_bdp_db_dlk_l1_msk_view,mrch_bsis,2026-08-21,distinct_count,mcno,3227621,2026-08-22
wdp_bdp_db_dlk_l1_msk_view,mrch_bsis,2026-08-22,distinct_count,mcno,3227610,2026-08-23
wdp_bdp_db_dlk_l1_msk_view,mrch_bsis,2026-08-23,distinct_count,mcno,3228350,2026-08-24
wdp_bdp_db_dlk_l1_msk_view,mrch_bsis,2026-08-24,distinct_count,mcno,3230018,2026-08-25
wdp_bdp_db_dlk_l1_msk_view,mrch_bsis,2026-08-25,distinct_count,mcno,3229839,2026-08-26
wdp_bdp_db_dlk_l1_msk_view,mrch_bsis,2026-08-26,distinct_count,mcno,3231222,2026-08-27
wdp_bdp_db_dlk_l1_msk_view,mrch_bsis,2026-08-27,distinct_count,mcno,3232404,2026-08-28
wdp_bdp_db_dlk_l1_msk_view,mrch_bsis,2026-08-28,distinct_count,mcno,3233278,2026-08-29
wdp_bdp_db_dlk_l1_msk_view,mrch_bsis,2026-08-29,distinct_count,mcno,3233000,2026-08-30
wdp_bdp_db_dlk_l1_msk_view,mrch_bsis,2026-08-30,distinct_count,mcno,3234123,2026-08-31
wdp_bdp_db_dlk_l1_msk_view,mrch_bsis,2026-08-31,distinct_count,mcno,3233419,2026-09-01
wdp_bdp_db_dlk_l1_msk_view,mrch_bsis,2026-08-01,null_count,mcno,0,2026-08-02
wdp_bdp_db_dlk_l1_msk_view,mrch_bsis,2026-08-02,null_count,mcno,0,2026-08-03
wdp_bdp_db_dlk_l1_msk_view,mrch_bsis,2026-08-03,null_count,mcno,0,2026-08-04
wdp_bdp_db_dlk_l1_msk_view,mrch_bsis,2026-08-04,null_count,mcno,0,2026-08-05
wdp_bdp_db_dlk_l1_msk_view,mrch_bsis,2026-08-05,null_count,mcno,0,2026-08-06
wdp_bdp_db_dlk_l1_msk_view,mrch_bsis,2026-08-06,null_count,mcno,0,2026-08-07
wdp_bdp_db_dlk_l1_msk_view,mrch_bsis,2026-08-07,null_count,mcno,0,2026-08-08
wdp_bdp_db_dlk_l1_msk_view,mrch_bsis,2026-08-08,null_count,mcno,0,2026-08-09
wdp_bdp_db_dlk_l1_msk_view,mrch_bsis,2026-08-09,null_count,mcno,0,2026-08-10
wdp_bdp_db_dlk_l1_msk_view,mrch_bsis,2026-08-10,null_count,mcno,0,2026-08-11
wdp_bdp_db_dlk_l1_msk_view,mrch_bsis,2026-08-11,null_count,mcno,0,2026-08-12
wdp_bdp_db_dlk_l1_msk_view,mrch_bsis,2026-08-12,null_count,mcno,0,2026-08-13
wdp_bdp_db_dlk_l1_msk_view,mrch_bsis,2026-08-13,null_count,mcno,0,2026-08-14
wdp_bdp_db_dlk_l1_msk_view,mrch_bsis,2026-08-14,null_count,mcno,0,2026-08-15
wdp_bdp_db_dlk_l1_msk_view,mrch_bsis,2026-08-15,null_count,mcno,0,2026-08-16
wdp_bdp_db_dlk_l1_msk_view,mrch_bsis,2026-08-16,null_count,mcno,0,2026-08-17
wdp_bdp_db_dlk_l1_msk_view,mrch_bsis,2026-08-17,null_count,mcno,0,2026-08-18
wdp_bdp_db_dlk_l1_msk_view,mrch_bsis,2026-08-18,null_count,mcno,0,2026-08-19
wdp_bdp_db_dlk_l1_msk_view,mrch_bsis,2026-08-19,null_count,mcno,0,2026-08-20
wdp_bdp_db_dlk_l1_msk_view,mrch_bsis,2026-08-20,null_count,mcno,0,2026-08-21
wdp_bdp_db_dlk_l1_msk_view,mrch_bsis,2026-08-21,null_count,mcno,0,2026-08-22
wdp_bdp_db_dlk_l1_msk_view,mrch_bsis,2026-08-22,null_count,mcno,0,2026-08-23
wdp_bdp_db_dlk_l1_msk_view,mrch_bsis,2026-08-23,null_count,mcno,0,2026-08-24
wdp_bdp_db_dlk_l1_msk_view,mrch_bsis,2026-08-24,null_count,mcno,0,2026-08-25
wdp_bdp_db_dlk_l1_msk_view,mrch_bsis,2026-08-25,null_count,mcno,0,2026-08-26
wdp_bdp_db_dlk_l1_msk_view,mrch_bsis,2026-08-26,null_count,mcno,0,2026-08-27
wdp_bdp_db_dlk_l1_msk_view,mrch_bsis,2026-08-27,null_count,mcno,0,2026-08-28
wdp_bdp_db_dlk_l1_msk_view,mrch_bsis,2026-08-28,null_count,mcno,0,2026-08-29
wdp_bdp_db_dlk_l1_msk_view,mrch_bsis,2026-08-29,null_count,mcno,0,2026-08-30
wdp_bdp_db_dlk_l1_msk_view,mrch_bsis,2026-08-30,null_count,mcno,0,2026-08-31
wdp_bdp_db_dlk_l1_msk_view,mrch_bsis,2026-08-31,null_count,mcno,0,2026-09-01
wdp_bdp_db_dlk_l2_msk_view,f13_svc_brnd_ctgr_dict,2026-08-01,distinct_count,brnd_ctgr_cd,862,2026-08-02
wdp_bdp_db_dlk_l2_msk_view,f13_svc_brnd_ctgr_dict,2026-08-02,distinct_count,brnd_ctgr_cd,861,2026-08-03
wdp_bdp_db_dlk_l2_msk_view,f13_svc_brnd_ctgr_dict,2026-08-03,distinct_count,brnd_ctgr_cd,862,2026-08-04
wdp_bdp_db_dlk_l2_msk_view,f13_svc_brnd_ctgr_dict,2026-08-04,distinct_count,brnd_ctgr_cd,862,2026-08-05
wdp_bdp_db_dlk_l2_msk_view,f13_svc_brnd_ctgr_dict,2026-08-05,distinct_count,brnd_ctgr_cd,862,2026-08-06
wdp_bdp_db_dlk_l2_msk_view,f13_svc_brnd_ctgr_dict,2026-08-06,distinct_count,brnd_ctgr_cd,862,2026-08-07
wdp_bdp_db_dlk_l2_msk_view,f13_svc_brnd_ctgr_dict,2026-08-07,distinct_count,brnd_ctgr_cd,862,2026-08-08
wdp_bdp_db_dlk_l2_msk_view,f13_svc_brnd_ctgr_dict,2026-08-08,distinct_count,brnd_ctgr_cd,863,2026-08-09
wdp_bdp_db_dlk_l2_msk_view,f13_svc_brnd_ctgr_dict,2026-08-09,distinct_count,brnd_ctgr_cd,863,2026-08-10
wdp_bdp_db_dlk_l2_msk_view,f13_svc_brnd_ctgr_dict,2026-08-10,distinct_count,brnd_ctgr_cd,863,2026-08-11
wdp_bdp_db_dlk_l2_msk_view,f13_svc_brnd_ctgr_dict,2026-08-11,distinct_count,brnd_ctgr_cd,863,2026-08-12
wdp_bdp_db_dlk_l2_msk_view,f13_svc_brnd_ctgr_dict,2026-08-12,distinct_count,brnd_ctgr_cd,863,2026-08-13
wdp_bdp_db_dlk_l2_msk_view,f13_svc_brnd_ctgr_dict,2026-08-13,distinct_count,brnd_ctgr_cd,863,2026-08-14
wdp_bdp_db_dlk_l2_msk_view,f13_svc_brnd_ctgr_dict,2026-08-14,distinct_count,brnd_ctgr_cd,864,2026-08-15
wdp_bdp_db_dlk_l2_msk_view,f13_svc_brnd_ctgr_dict,2026-08-15,distinct_count,brnd_ctgr_cd,864,2026-08-16
wdp_bdp_db_dlk_l2_msk_view,f13_svc_brnd_ctgr_dict,2026-08-16,distinct_count,brnd_ctgr_cd,864,2026-08-17
wdp_bdp_db_dlk_l2_msk_view,f13_svc_brnd_ctgr_dict,2026-08-17,distinct_count,brnd_ctgr_cd,864,2026-08-18
wdp_bdp_db_dlk_l2_msk_view,f13_svc_brnd_ctgr_dict,2026-08-18,distinct_count,brnd_ctgr_cd,864,2026-08-19
wdp_bdp_db_dlk_l2_msk_view,f13_svc_brnd_ctgr_dict,2026-08-19,distinct_count,brnd_ctgr_cd,865,2026-08-20
wdp_bdp_db_dlk_l2_msk_view,f13_svc_brnd_ctgr_dict,2026-08-20,distinct_count,brnd_ctgr_cd,865,2026-08-21
wdp_bdp_db_dlk_l2_msk_view,f13_svc_brnd_ctgr_dict,2026-08-21,distinct_count,brnd_ctgr_cd,865,2026-08-22
wdp_bdp_db_dlk_l2_msk_view,f13_svc_brnd_ctgr_dict,2026-08-22,distinct_count,brnd_ctgr_cd,865,2026-08-23
wdp_bdp_db_dlk_l2_msk_view,f13_svc_brnd_ctgr_dict,2026-08-23,distinct_count,brnd_ctgr_cd,865,2026-08-24
wdp_bdp_db_dlk_l2_msk_view,f13_svc_brnd_ctgr_dict,2026-08-24,distinct_count,brnd_ctgr_cd,866,2026-08-25
wdp_bdp_db_dlk_l2_msk_view,f13_svc_brnd_ctgr_dict,2026-08-25,distinct_count,brnd_ctgr_cd,866,2026-08-26
wdp_bdp_db_dlk_l2_msk_view,f13_svc_brnd_ctgr_dict,2026-08-26,distinct_count,brnd_ctgr_cd,866,2026-08-27
wdp_bdp_db_dlk_l2_msk_view,f13_svc_brnd_ctgr_dict,2026-08-27,distinct_count,brnd_ctgr_cd,866,2026-08-28
wdp_bdp_db_dlk_l2_msk_view,f13_svc_brnd_ctgr_dict,2026-08-28,distinct_count,brnd_ctgr_cd,867,2026-08-29
wdp_bdp_db_dlk_l2_msk_view,f13_svc_brnd_ctgr_dict,2026-08-29,distinct_count,brnd_ctgr_cd,866,2026-08-30
wdp_bdp_db_dlk_l2_msk_view,f13_svc_brnd_ctgr_dict,2026-08-30,distinct_count,brnd_ctgr_cd,867,2026-08-31
wdp_bdp_db_dlk_l2_msk_view,f13_svc_brnd_ctgr_dict,2026-08-31,distinct_count,brnd_ctgr_cd,867,2026-09-01
wdp_bdp_db_dlk_l2_msk_view,f13_svc_brnd_ctgr_dict,2026-08-01,null_count,brnd_ctgr_cd,0,2026-08-02
wdp_bdp_db_dlk_l2_msk_view,f13_svc_brnd_ctgr_dict,2026-08-02,null_count,brnd_ctgr_cd,0,2026-08-03
wdp_bdp_db_dlk_l2_msk_view,f13_svc_brnd_ctgr_dict,2026-08-03,null_count,brnd_ctgr_cd,0,2026-08-04
wdp_bdp_db_dlk_l2_msk_view,f13_svc_brnd_ctgr_dict,2026-08-04,null_count,brnd_ctgr_cd,0,2026-08-05
wdp_bdp_db_dlk_l2_msk_view,f13_svc_brnd_ctgr_dict,2026-08-05,null_count,brnd_ctgr_cd,0,2026-08-06
wdp_bdp_db_dlk_l2_msk_view,f13_svc_brnd_ctgr_dict,2026-08-06,null_count,brnd_ctgr_cd,0,2026-08-07
wdp_bdp_db_dlk_l2_msk_view,f13_svc_brnd_ctgr_dict,2026-08-07,null_count,brnd_ctgr_cd,0,2026-08-08
wdp_bdp_db_dlk_l2_msk_view,f13_svc_brnd_ctgr_dict,2026-08-08,null_count,brnd_ctgr_cd,0,2026-08-09
wdp_bdp_db_dlk_l2_msk_view,f13_svc_brnd_ctgr_dict,2026-08-09,null_count,brnd_ctgr_cd,0,2026-08-10
wdp_bdp_db_dlk_l2_msk_view,f13_svc_brnd_ctgr_dict,2026-08-10,null_count,brnd_ctgr_cd,0,2026-08-11
wdp_bdp_db_dlk_l2_msk_view,f13_svc_brnd_ctgr_dict,2026-08-11,null_count,brnd_ctgr_cd,0,2026-08-12
wdp_bdp_db_dlk_l2_msk_view,f13_svc_brnd_ctgr_dict,2026-08-12,null_count,brnd_ctgr_cd,0,2026-08-13
wdp_bdp_db_dlk_l2_msk_view,f13_svc_brnd_ctgr_dict,2026-08-13,null_count,brnd_ctgr_cd,0,2026-08-14
wdp_bdp_db_dlk_l2_msk_view,f13_svc_brnd_ctgr_dict,2026-08-14,null_count,brnd_ctgr_cd,0,2026-08-15
wdp_bdp_db_dlk_l2_msk_view,f13_svc_brnd_ctgr_dict,2026-08-15,null_count,brnd_ctgr_cd,0,2026-08-16
wdp_bdp_db_dlk_l2_msk_view,f13_svc_brnd_ctgr_dict,2026-08-16,null_count,brnd_ctgr_cd,0,2026-08-17
wdp_bdp_db_dlk_l2_msk_view,f13_svc_brnd_ctgr_dict,2026-08-17,null_count,brnd_ctgr_cd,0,2026-08-18
wdp_bdp_db_dlk_l2_msk_view,f13_svc_brnd_ctgr_dict,2026-08-18,null_count,brnd_ctgr_cd,0,2026-08-19
wdp_bdp_db_dlk_l2_msk_view,f13_svc_brnd_ctgr_dict,2026-08-19,null_count,brnd_ctgr_cd,0,2026-08-20
wdp_bdp_db_dlk_l2_msk_view,f13_svc_brnd_ctgr_dict,2026-08-20,null_count,brnd_ctgr_cd,0,2026-08-21
wdp_bdp_db_dlk_l2_msk_view,f13_svc_brnd_ctgr_dict,2026-08-21,null_count,brnd_ctgr_cd,0,2026-08-22
wdp_bdp_db_dlk_l2_msk_view,f13_svc_brnd_ctgr_dict,2026-08-22,null_count,brnd_ctgr_cd,0,2026-08-23
wdp_bdp_db_dlk_l2_msk_view,f13_svc_brnd_ctgr_dict,2026-08-23,null_count,brnd_ctgr_cd,0,2026-08-24
wdp_bdp_db_dlk_l2_msk_view,f13_svc_brnd_ctgr_dict,2026-08-24,null_count,brnd_ctgr_cd,0,2026-08-25
wdp_bdp_db_dlk_l2_msk_view,f13_svc_brnd_ctgr_dict,2026-08-25,null_count,brnd_ctgr_cd,0,2026-08-26
wdp_bdp_db_dlk_l2_msk_view,f13_svc_brnd_ctgr_dict,2026-08-26,null_count,brnd_ctgr_cd,0,2026-08-27
wdp_bdp_db_dlk_l2_msk_view,f13_svc_brnd_ctgr_dict,2026-08-27,null_count,brnd_ctgr_cd,0,2026-08-28
wdp_bdp_db_dlk_l2_msk_view,f13_svc_brnd_ctgr_dict,2026-08-28,null_count,brnd_ctgr_cd,0,2026-08-29
wdp_bdp_db_dlk_l2_msk_view,f13_svc_brnd_ctgr_dict,2026-08-29,null_count,brnd_ctgr_cd,0,2026-08-30
wdp_bdp_db_dlk_l2_msk_view,f13_svc_brnd_ctgr_dict,2026-08-30,null_count,brnd_ctgr_cd,0,2026-08-31
wdp_bdp_db_dlk_l2_msk_view,f13_svc_brnd_ctgr_dict,2026-08-31,null_count,brnd_ctgr_cd,0,2026-09-01
wdp_bdp_db_dlk_l2_msk_view,f13_svc_mccb_ctgr_dict,2026-08-01,distinct_count,mccb_ctgr_cd,1413,2026-08-02
wdp_bdp_db_dlk_l2_msk_view,f13_svc_mccb_ctgr_dict,2026-08-02,distinct_count,mccb_ctgr_cd,1412,2026-08-03
wdp_bdp_db_dlk_l2_msk_view,f13_svc_mccb_ctgr_dict,2026-08-03,distinct_count,mccb_ctgr_cd,1414,2026-08-04
wdp_bdp_db_dlk_l2_msk_view,f13_svc_mccb_ctgr_dict,2026-08-04,distinct_count,mccb_ctgr_cd,1414,2026-08-05
wdp_bdp_db_dlk_l2_msk_view,f13_svc_mccb_ctgr_dict,2026-08-05,distinct_count,mccb_ctgr_cd,1414,2026-08-06
wdp_bdp_db_dlk_l2_msk_view,f13_svc_mccb_ctgr_dict,2026-08-06,distinct_count,mccb_ctgr_cd,1415,2026-08-07
wdp_bdp_db_dlk_l2_msk_view,f13_svc_mccb_ctgr_dict,2026-08-07,distinct_count,mccb_ctgr_cd,1414,2026-08-08
wdp_bdp_db_dlk_l2_msk_view,f13_svc_mccb_ctgr_dict,2026-08-08,distinct_count,mccb_ctgr_cd,1415,2026-08-09
wdp_bdp_db_dlk_l2_msk_view,f13_svc_mccb_ctgr_dict,2026-08-09,distinct_count,mccb_ctgr_cd,1415,2026-08-10
wdp_bdp_db_dlk_l2_msk_view,f13_svc_mccb_ctgr_dict,2026-08-10,distinct_count,mccb_ctgr_cd,1415,2026-08-11
wdp_bdp_db_dlk_l2_msk_view,f13_svc_mccb_ctgr_dict,2026-08-11,distinct_count,mccb_ctgr_cd,1415,2026-08-12
wdp_bdp_db_dlk_l2_msk_view,f13_svc_mccb_ctgr_dict,2026-08-12,distinct_count,mccb_ctgr_cd,1416,2026-08-13
wdp_bdp_db_dlk_l2_msk_view,f13_svc_mccb_ctgr_dict,2026-08-13,distinct_count,mccb_ctgr_cd,1416,2026-08-14
wdp_bdp_db_dlk_l2_msk_view,f13_svc_mccb_ctgr_dict,2026-08-14,distinct_count,mccb_ctgr_cd,1417,2026-08-15
wdp_bdp_db_dlk_l2_msk_view,f13_svc_mccb_ctgr_dict,2026-08-15,distinct_count,mccb_ctgr_cd,1416,2026-08-16
wdp_bdp_db_dlk_l2_msk_view,f13_svc_mccb_ctgr_dict,2026-08-16,distinct_count,mccb_ctgr_cd,1417,2026-08-17
wdp_bdp_db_dlk_l2_msk_view,f13_svc_mccb_ctgr_dict,2026-08-17,distinct_count,mccb_ctgr_cd,1416,2026-08-18
wdp_bdp_db_dlk_l2_msk_view,f13_svc_mccb_ctgr_dict,2026-08-18,distinct_count,mccb_ctgr_cd,1417,2026-08-19
wdp_bdp_db_dlk_l2_msk_view,f13_svc_mccb_ctgr_dict,2026-08-19,distinct_count,mccb_ctgr_cd,1417,2026-08-20
wdp_bdp_db_dlk_l2_msk_view,f13_svc_mccb_ctgr_dict,2026-08-20,distinct_count,mccb_ctgr_cd,1418,2026-08-21
wdp_bdp_db_dlk_l2_msk_view,f13_svc_mccb_ctgr_dict,2026-08-21,distinct_count,mccb_ctgr_cd,1418,2026-08-22
wdp_bdp_db_dlk_l2_msk_view,f13_svc_mccb_ctgr_dict,2026-08-22,distinct_count,mccb_ctgr_cd,1418,2026-08-23
wdp_bdp_db_dlk_l2_msk_view,f13_svc_mccb_ctgr_dict,2026-08-23,distinct_count,mccb_ctgr_cd,1418,2026-08-24
wdp_bdp_db_dlk_l2_msk_view,f13_svc_mccb_ctgr_dict,2026-08-24,distinct_count,mccb_ctgr_cd,1419,2026-08-25
wdp_bdp_db_dlk_l2_msk_view,f13_svc_mccb_ctgr_dict,2026-08-25,distinct_count,mccb_ctgr_cd,1420,2026-08-26
wdp_bdp_db_dlk_l2_msk_view,f13_svc_mccb_ctgr_dict,2026-08-26,distinct_count,mccb_ctgr_cd,1419,2026-08-27
wdp_bdp_db_dlk_l2_msk_view,f13_svc_mccb_ctgr_dict,2026-08-27,distinct_count,mccb_ctgr_cd,1420,2026-08-28
wdp_bdp_db_dlk_l2_msk_view,f13_svc_mccb_ctgr_dict,2026-08-28,distinct_count,mccb_ctgr_cd,1421,2026-08-29
wdp_bdp_db_dlk_l2_msk_view,f13_svc_mccb_ctgr_dict,2026-08-29,distinct_count,mccb_ctgr_cd,1421,2026-08-30
wdp_bdp_db_dlk_l2_msk_view,f13_svc_mccb_ctgr_dict,2026-08-30,distinct_count,mccb_ctgr_cd,1421,2026-08-31
wdp_bdp_db_dlk_l2_msk_view,f13_svc_mccb_ctgr_dict,2026-08-31,distinct_count,mccb_ctgr_cd,1421,2026-09-01
wdp_bdp_db_dlk_l2_msk_view,f13_svc_mccb_ctgr_dict,2026-08-01,null_count,mccb_ctgr_cd,0,2026-08-02
wdp_bdp_db_dlk_l2_msk_view,f13_svc_mccb_ctgr_dict,2026-08-02,null_count,mccb_ctgr_cd,0,2026-08-03
wdp_bdp_db_dlk_l2_msk_view,f13_svc_mccb_ctgr_dict,2026-08-03,null_count,mccb_ctgr_cd,0,2026-08-04
wdp_bdp_db_dlk_l2_msk_view,f13_svc_mccb_ctgr_dict,2026-08-04,null_count,mccb_ctgr_cd,0,2026-08-05
wdp_bdp_db_dlk_l2_msk_view,f13_svc_mccb_ctgr_dict,2026-08-05,null_count,mccb_ctgr_cd,0,2026-08-06
wdp_bdp_db_dlk_l2_msk_view,f13_svc_mccb_ctgr_dict,2026-08-06,null_count,mccb_ctgr_cd,0,2026-08-07
wdp_bdp_db_dlk_l2_msk_view,f13_svc_mccb_ctgr_dict,2026-08-07,null_count,mccb_ctgr_cd,0,2026-08-08
wdp_bdp_db_dlk_l2_msk_view,f13_svc_mccb_ctgr_dict,2026-08-08,null_count,mccb_ctgr_cd,0,2026-08-09
wdp_bdp_db_dlk_l2_msk_view,f13_svc_mccb_ctgr_dict,2026-08-09,null_count,mccb_ctgr_cd,0,2026-08-10
wdp_bdp_db_dlk_l2_msk_view,f13_svc_mccb_ctgr_dict,2026-08-10,null_count,mccb_ctgr_cd,0,2026-08-11
wdp_bdp_db_dlk_l2_msk_view,f13_svc_mccb_ctgr_dict,2026-08-11,null_count,mccb_ctgr_cd,0,2026-08-12
wdp_bdp_db_dlk_l2_msk_view,f13_svc_mccb_ctgr_dict,2026-08-12,null_count,mccb_ctgr_cd,0,2026-08-13
wdp_bdp_db_dlk_l2_msk_view,f13_svc_mccb_ctgr_dict,2026-08-13,null_count,mccb_ctgr_cd,0,2026-08-14
wdp_bdp_db_dlk_l2_msk_view,f13_svc_mccb_ctgr_dict,2026-08-14,null_count,mccb_ctgr_cd,0,2026-08-15
wdp_bdp_db_dlk_l2_msk_view,f13_svc_mccb_ctgr_dict,2026-08-15,null_count,mccb_ctgr_cd,0,2026-08-16
wdp_bdp_db_dlk_l2_msk_view,f13_svc_mccb_ctgr_dict,2026-08-16,null_count,mccb_ctgr_cd,0,2026-08-17
wdp_bdp_db_dlk_l2_msk_view,f13_svc_mccb_ctgr_dict,2026-08-17,null_count,mccb_ctgr_cd,0,2026-08-18
wdp_bdp_db_dlk_l2_msk_view,f13_svc_mccb_ctgr_dict,2026-08-18,null_count,mccb_ctgr_cd,0,2026-08-19
wdp_bdp_db_dlk_l2_msk_view,f13_svc_mccb_ctgr_dict,2026-08-19,null_count,mccb_ctgr_cd,0,2026-08-20
wdp_bdp_db_dlk_l2_msk_view,f13_svc_mccb_ctgr_dict,2026-08-20,null_count,mccb_ctgr_cd,0,2026-08-21
wdp_bdp_db_dlk_l2_msk_view,f13_svc_mccb_ctgr_dict,2026-08-21,null_count,mccb_ctgr_cd,0,2026-08-22
wdp_bdp_db_dlk_l2_msk_view,f13_svc_mccb_ctgr_dict,2026-08-22,null_count,mccb_ctgr_cd,0,2026-08-23
wdp_bdp_db_dlk_l2_msk_view,f13_svc_mccb_ctgr_dict,2026-08-23,null_count,mccb_ctgr_cd,0,2026-08-24
wdp_bdp_db_dlk_l2_msk_view,f13_svc_mccb_ctgr_dict,2026-08-24,null_count,mccb_ctgr_cd,0,2026-08-25
wdp_bdp_db_dlk_l2_msk_view,f13_svc_mccb_ctgr_dict,2026-08-25,null_count,mccb_ctgr_cd,0,2026-08-26
wdp_bdp_db_dlk_l2_msk_view,f13_svc_mccb_ctgr_dict,2026-08-26,null_count,mccb_ctgr_cd,0,2026-08-27
wdp_bdp_db_dlk_l2_msk_view,f13_svc_mccb_ctgr_dict,2026-08-27,null_count,mccb_ctgr_cd,0,2026-08-28
wdp_bdp_db_dlk_l2_msk_view,f13_svc_mccb_ctgr_dict,2026-08-28,null_count,mccb_ctgr_cd,0,2026-08-29
wdp_bdp_db_dlk_l2_msk_view,f13_svc_mccb_ctgr_dict,2026-08-29,null_count,mccb_ctgr_cd,0,2026-08-30
wdp_bdp_db_dlk_l2_msk_view,f13_svc_mccb_ctgr_dict,2026-08-30,null_count,mccb_ctgr_cd,0,2026-08-31
wdp_bdp_db_dlk_l2_msk_view,f13_svc_mccb_ctgr_dict,2026-08-31,null_count,mccb_ctgr_cd,0,2026-09-01
