service_id,workflow_id,task_id,query_name,row_count,part_dt
3f,GPCC_mthly_rec_result,load_rec_target,rec_trgt,399913403,2026-08-01
3f,GPCC_stage1_item_feature,load_item_meta,camp_meta_with_mrch_cond,155,2026-08-01
3f,GPCC_stage1_item_feature,load_item_meta,mrch_grp_info,3182844,2026-08-01
3f,GPCC_stage1_item_feature,load_item_meta,mccb_cd,3216472,2026-08-01
3f,GPCC_stage1_item_feature,load_item_meta,mcno_spd_sary,2148560,2026-08-01
3f,GPCC_stage1_item_feature,load_item_meta,camp_meta,215,2026-08-01
3f,GPCC_stage1_item_feature,load_item_meta,ld_clm_ncob_clas_info,12482,2026-08-01
3f,GPCC_stage1_item_feature,load_item_meta,mrch_dict,3214223,2026-08-01
3f,GPCC_stage1_item_feature,load_item_meta,camp_meta_for_brd,215,2026-08-01
3f,GPCC_stage1_item_feature,load_item_meta,mrch_cond_meta_for_brd,155,2026-08-01
3f,GPCC_stage1_item_feature,load_item_meta,mccb_meta_for_brd,1869,2026-08-01
3f,GPCC_stage1_item_feature,load_item_meta,mrch_info_for_brd,3216472,2026-08-01
3f,GPCC_stage1_item_feature,load_item_meta,brnd_mcno_dict,5418163,2026-08-01
3f,GPCC_stage1_item_feature,load_item_meta,brnd_cndd_dict,21358,2026-08-01
3f,GPCC_stage1_item_feature,load_item_meta,brnd_ctgr_dict,862,2026-08-01
3f,GPCC_stage1_item_feature,load_item_meta,mccb_ctgr_dict,1413,2026-08-01
3f,GPCC_stage1_item_feature,load_log_parser,log_raw,470870669,2026-08-01
3f,GPCC_stage1_item_feature,load_log_parser,rec_result,394569394,2026-08-01
3f,GPCC_stage1_item_feature,load_log_parser,item_meta,215,2026-08-01
3f,GPCC_stage1_item_feature,load_item_feature,ifeature_ptag,2410780,2026-08-01
3f,GPCC_stage1_item_feature,load_item_feature,ifeature_mm_mrch_rsl_date,1,2026-08-01
3f,GPCC_stage1_item_feature,load_item_feature,ifeature_mm_ts_card_pchs_date,1,2026-08-01
3f,GPCC_stage1_item_feature,load_item_feature,feature_mm_pld_use_rsl_date,1,2026-08-01
3f,GPCC_stage1_item_feature,load_item_feature,ifeature_mrch_rsl_ftr,2148560,2026-08-01
3f,GPCC_stage1_item_feature,load_item_feature,ifeature_ts_card_pchs,8612340,2026-08-01
3f,GPCC_stage1_item_feature,load_item_feature,ifeature_sow_high,6231880,2026-08-01
3f,GPCC_stage2_select,load_user_features,user_features,6102509,2026-08-01
3f,GPCC_stage2_select,load_dv_features,dv_features,8624513,2026-08-01
3f,GPCC_stage2_select,load_user_lgcn_embs,user_lgcn_embs,8899921,2026-08-01
3f,GPCC_stage2_select,load_item_meta,item_meta,215,2026-08-01
3f,GPCC_stage2_select,load_item_emb_feat,item_emb_feat,215,2026-08-01
3f,GPCC_stage2_select,load_item_lgcn_embs,item_lgcn_embs,215,2026-08-01
3f,GPCC_stage3_interaction_feautre,load_interaction_feature,uifeature_mm_mrch_rsl_date,1,2026-08-01
3f,GPCC_stage3_interaction_feautre,load_interaction_feature,uifeature_mm_ts_card_pchs_date,1,2026-08-01
3f,GPCC_stage3_interaction_feautre,load_interaction_feature,uifeature_mm_pld_use_rsl_date,1,2026-08-01
3f,GPCC_stage3_interaction_feautre,load_interaction_feature,uifeature_ts_card_pchs,8612340,2026-08-01
3f,GPCC_stage3_interaction_feautre,load_interaction_feature,uifeature_cntn_mcno_all,731528,2026-08-01
3f,GPCC_stage3_interaction_feautre,load_interaction_feature,uifeature_cntn_mrch_spd,669085,2026-08-01
3f,GPCC_stage3_interaction_feautre,load_interaction_feature,uifeature_3rs_svc_bhve_mrt_v3,6102509,2026-08-01
3f,GPCC_stage3_interaction_feautre,load_interaction_feature,uifeature_csno,8950576,2026-08-01
3f,GPCC_stage3_interaction_feautre,load_interaction_feature,uifeature_rec_result,394423148,2026-08-01
3f,GPCC_stage3_interaction_feautre,load_interaction_feature,uifeature_cntn,215,2026-08-01
3f,GPCC_stage3_interaction_feautre,load_interaction_feature,uifeature_usr_cntn_hstr_usr,145019958,2026-08-01
3f,GPCC_stage3_interaction_feautre,load_interaction_feature,uifeature_usr_cntn_hstr_uc,260297443,2026-08-01
3f,GPCC_stage3_interaction_feautre,load_interaction_feature,uifeature_usr_cntn_hstr_ucm,169150174,2026-08-01
3f,GPCC_stage3_interaction_feautre,load_interaction_feature,uifeature_usr_cntn_hstr_ucc,127193942,2026-08-01
3f,GPCC_stage3_interaction_feautre,load_interaction_feature,uifeature_usr_cntn_hstr_uct,37916673,2026-08-01
3f,GPCC_stage3_interaction_feautre,load_interaction_feature,uifeature_usr_cntn_hstr_ucp,42552693,2026-08-01
3f,GPCC_stage3_interaction_feautre,load_rec_target,ft_rec_trgt,399913403,2026-08-01
3f,GPCC_stage3_interaction_feautre,unload_shared_ft_features,f13_cntn_tgps_bsis,399913403,2026-08-01
3f,GPCC_stage3_interaction_feautre,unload_shared_ft_features,f13_cntn_info,215,2026-08-01
3f,GPCC_stage3_interaction_feautre,unload_shared_ft_features,f13_cust_bhve_info,387636001,2026-08-01
3f,GPCC_stage4_post_proc,load_rec_result,rec_trgt,399913403,2026-08-01
3f,GPCC_stage4_post_proc,load_rec_result,ft_raw_result,395528532,2026-08-01
3f,GPCC_stage4_post_proc,load_rec_result,applied_contents,215,2026-08-01
3f,GPCC_stage4_post_proc,load_rec_result,applied_contents_type,215,2026-08-01
3f,gpcc_dd_transfer,unload_oo3f_rec_benefit_result,oo3f_rec_bnft_rslt,393992470,2026-08-01
3f,GPCC_mthly_rec_result,load_rec_target,rec_trgt,390274030,2026-08-02
3f,GPCC_stage1_item_feature,load_item_meta,camp_meta_with_mrch_cond,245,2026-08-02
3f,GPCC_stage1_item_feature,load_item_meta,mrch_grp_info,3185021,2026-08-02
3f,GPCC_stage1_item_feature,load_item_meta,mccb_cd,3217139,2026-08-02
3f,GPCC_stage1_item_feature,load_item_meta,mcno_spd_sary,2148560,2026-08-02
3f,GPCC_stage1_item_feature,load_item_meta,camp_meta,219,2026-08-02
3f,GPCC_stage1_item_feature,load_item_meta,ld_clm_ncob_clas_info,12482,2026-08-02
3f,GPCC_stage1_item_feature,load_item_meta,mrch_dict,3216877,2026-08-02
3f,GPCC_stage1_item_feature,load_item_meta,camp_meta_for_brd,219,2026-08-02
3f,GPCC_stage1_item_feature,load_item_meta,mrch_cond_meta_for_brd,245,2026-08-02
3f,GPCC_stage1_item_feature,load_item_meta,mccb_meta_for_brd,1869,2026-08-02
3f,GPCC_stage1_item_feature,load_item_meta,mrch_info_for_brd,3217139,2026-08-02
3f,GPCC_stage1_item_feature,load_item_meta,brnd_mcno_dict,5421242,2026-08-02
3f,GPCC_stage1_item_feature,load_item_meta,brnd_cndd_dict,21360,2026-08-02
3f,GPCC_stage1_item_feature,load_item_meta,brnd_ctgr_dict,861,2026-08-02
3f,GPCC_stage1_item_feature,load_item_meta,mccb_ctgr_dict,1412,2026-08-02
3f,GPCC_stage1_item_feature,load_log_parser,log_raw,488214325,2026-08-02
3f,GPCC_stage1_item_feature,load_log_parser,rec_result,392789253,2026-08-02
3f,GPCC_stage1_item_feature,load_log_parser,item_meta,219,2026-08-02
3f,GPCC_stage1_item_feature,load_item_feature,ifeature_ptag,2409615,2026-08-02
3f,GPCC_stage1_item_feature,load_item_feature,ifeature_mm_mrch_rsl_date,1,2026-08-02
3f,GPCC_stage1_item_feature,load_item_feature,ifeature_mm_ts_card_pchs_date,1,2026-08-02
3f,GPCC_stage1_item_feature,load_item_feature,feature_mm_pld_use_rsl_date,1,2026-08-02
3f,GPCC_stage1_item_feature,load_item_feature,ifeature_mrch_rsl_ftr,2148560,2026-08-02
3f,GPCC_stage1_item_feature,load_item_feature,ifeature_ts_card_pchs,8612340,2026-08-02
3f,GPCC_stage1_item_feature,load_item_feature,ifeature_sow_high,6231880,2026-08-02
3f,GPCC_stage2_select,load_user_features,user_features,6265716,2026-08-02
3f,GPCC_stage2_select,load_dv_features,dv_features,8598680,2026-08-02
3f,GPCC_stage2_select,load_user_lgcn_embs,user_lgcn_embs,8894326,2026-08-02
3f,GPCC_stage2_select,load_item_meta,item_meta,219,2026-08-02
3f,GPCC_stage2_select,load_item_emb_feat,item_emb_feat,219,2026-08-02
3f,GPCC_stage2_select,load_item_lgcn_embs,item_lgcn_embs,219,2026-08-02
3f,GPCC_stage3_interaction_feautre,load_interaction_feature,uifeature_mm_mrch_rsl_date,1,2026-08-02
3f,GPCC_stage3_interaction_feautre,load_interaction_feature,uifeature_mm_ts_card_pchs_date,1,2026-08-02
3f,GPCC_stage3_interaction_feautre,load_interaction_feature,uifeature_mm_pld_use_rsl_date,1,2026-08-02
3f,GPCC_stage3_interaction_feautre,load_interaction_feature,uifeature_ts_card_pchs,8612340,2026-08-02
3f,GPCC_stage3_interaction_feautre,load_interaction_feature,uifeature_cntn_mcno_all,740939,2026-08-02
3f,GPCC_stage3_interaction_feautre,load_interaction_feature,uifeature_cntn_mrch_spd,673469,2026-08-02
3f,GPCC_stage3_interaction_feautre,load_interaction_feature,uifeature_3rs_svc_bhve_mrt_v3,6265716,2026-08-02
3f,GPCC_stage3_interaction_feautre,load_interaction_feature,uifeature_csno,8950320,2026-08-02
3f,GPCC_stage3_interaction_feautre,load_interaction_feature,uifeature_rec_result,393512426,2026-08-02
3f,GPCC_stage3_interaction_feautre,load_interaction_feature,uifeature_cntn,219,2026-08-02
3f,GPCC_stage3_interaction_feautre,load_interaction_feature,uifeature_usr_cntn_hstr_usr,150216632,2026-08-02
3f,GPCC_stage3_interaction_feautre,load_interaction_feature,uifeature_usr_cntn_hstr_uc,266610629,2026-08-02
3f,GPCC_stage3_interaction_feautre,load_interaction_feature,uifeature_usr_cntn_hstr_ucm,175382895,2026-08-02
3f,GPCC_stage3_interaction_feautre,load_interaction_feature,uifeature_usr_cntn_hstr_ucc,131447390,2026-08-02
3f,GPCC_stage3_interaction_feautre,load_interaction_feature,uifeature_usr_cntn_hstr_uct,38833824,2026-08-02
3f,GPCC_stage3_interaction_feautre,load_interaction_feature,uifeature_usr_cntn_hstr_ucp,43718661,2026-08-02
3f,GPCC_stage3_interaction_feautre,load_rec_target,ft_rec_trgt,390274030,2026-08-02
3f,GPCC_stage3_interaction_feautre,unload_shared_ft_features,f13_cntn_tgps_bsis,390274030,2026-08-02
3f,GPCC_stage3_interaction_feautre,unload_shared_ft_features,f13_cntn_info,219,2026-08-02
3f,GPCC_stage3_interaction_feautre,unload_shared_ft_features,f13_cust_bhve_info,386043015,2026-08-02
3f,GPCC_stage4_post_proc,load_rec_result,rec_trgt,390274030,2026-08-02
3f,GPCC_stage4_post_proc,load_rec_result,ft_raw_result,393605826,2026-08-02
3f,GPCC_stage4_post_proc,load_rec_result,applied_contents,219,2026-08-02
3f,GPCC_stage4_post_proc,load_rec_result,applied_contents_type,219,2026-08-02
3f,gpcc_dd_transfer,unload_oo3f_rec_benefit_result,oo3f_rec_bnft_rslt,393093317,2026-08-02
3f,GPCC_mthly_rec_result,load_rec_target,rec_trgt,395433069,2026-08-03
3f,GPCC_stage1_item_feature,load_item_meta,camp_meta_with_mrch_cond,177,2026-08-03
3f,GPCC_stage1_item_feature,load_item_meta,mrch_grp_info,3185648,2026-08-03
3f,GPCC_stage1_item_feature,load_item_meta,mccb_cd,3216751,2026-08-03
3f,GPCC_stage1_item_feature,load_item_meta,mcno_spd_sary,2148560,2026-08-03
3f,GPCC_stage1_item_feature,load_item_meta,camp_meta,162,2026-08-03
3f,GPCC_stage1_item_feature,load_item_meta,ld_clm_ncob_clas_info,12489,2026-08-03
3f,GPCC_stage1_item_feature,load_item_meta,mrch_dict,3216191,2026-08-03
3f,GPCC_stage1_item_feature,load_item_meta,camp_meta_for_brd,162,2026-08-03
3f,GPCC_stage1_item_feature,load_item_meta,mrch_cond_meta_for_brd,177,2026-08-03
3f,GPCC_stage1_item_feature,load_item_meta,mccb_meta_for_brd,1869,2026-08-03
3f,GPCC_stage1_item_feature,load_item_meta,mrch_info_for_brd,3216751,2026-08-03
3f,GPCC_stage1_item_feature,load_item_meta,brnd_mcno_dict,5421902,2026-08-03
3f,GPCC_stage1_item_feature,load_item_meta,brnd_cndd_dict,21365,2026-08-03
3f,GPCC_stage1_item_feature,load_item_meta,brnd_ctgr_dict,862,2026-08-03
3f,GPCC_stage1_item_feature,load_item_meta,mccb_ctgr_dict,1414,2026-08-03
3f,GPCC_stage1_item_feature,load_log_parser,log_raw,464601308,2026-08-03
3f,GPCC_stage1_item_feature,load_log_parser,rec_result,387320777,2026-08-03
3f,GPCC_stage1_item_feature,load_log_parser,item_meta,162,2026-08-03
3f,GPCC_stage1_item_feature,load_item_feature,ifeature_ptag,2409351,2026-08-03
3f,GPCC_stage1_item_feature,load_item_feature,ifeature_mm_mrch_rsl_date,1,2026-08-03
3f,GPCC_stage1_item_feature,load_item_feature,ifeature_mm_ts_card_pchs_date,1,2026-08-03
3f,GPCC_stage1_item_feature,load_item_feature,feature_mm_pld_use_rsl_date,1,2026-08-03
3f,GPCC_stage1_item_feature,load_item_feature,ifeature_mrch_rsl_ftr,2148560,2026-08-03
3f,GPCC_stage1_item_feature,load_item_feature,ifeature_ts_card_pchs,8612340,2026-08-03
3f,GPCC_stage1_item_feature,load_item_feature,ifeature_sow_high,6231880,2026-08-03
3f,GPCC_stage2_select,load_user_features,user_features,6008367,2026-08-03
3f,GPCC_stage2_select,load_dv_features,dv_features,8640331,2026-08-03
3f,GPCC_stage2_select,load_user_lgcn_embs,user_lgcn_embs,8917556,2026-08-03
3f,GPCC_stage2_select,load_item_meta,item_meta,162,2026-08-03
3f,GPCC_stage2_select,load_item_emb_feat,item_emb_feat,162,2026-08-03
3f,GPCC_stage2_select,load_item_lgcn_embs,item_lgcn_embs,162,2026-08-03
3f,GPCC_stage3_interaction_feautre,load_interaction_feature,uifeature_mm_mrch_rsl_date,1,2026-08-03
3f,GPCC_stage3_interaction_feautre,load_interaction_feature,uifeature_mm_ts_card_pchs_date,1,2026-08-03
3f,GPCC_stage3_interaction_feautre,load_interaction_feature,uifeature_mm_pld_use_rsl_date,1,2026-08-03
3f,GPCC_stage3_interaction_feautre,load_interaction_feature,uifeature_ts_card_pchs,8612340,2026-08-03
3f,GPCC_stage3_interaction_feautre,load_interaction_feature,uifeature_cntn_mcno_all,551076,2026-08-03
3f,GPCC_stage3_interaction_feautre,load_interaction_feature,uifeature_cntn_mrch_spd,499159,2026-08-03
3f,GPCC_stage3_interaction_feautre,load_interaction_feature,uifeature_3rs_svc_bhve_mrt_v3,6008367,2026-08-03
3f,GPCC_stage3_interaction_feautre,load_interaction_feature,uifeature_csno,8938649,2026-08-03
3f,GPCC_stage3_interaction_feautre,load_interaction_feature,uifeature_rec_result,386484425,2026-08-03
3f,GPCC_stage3_interaction_feautre,load_interaction_feature,uifeature_cntn,162,2026-08-03
3f,GPCC_stage3_interaction_feautre,load_interaction_feature,uifeature_usr_cntn_hstr_usr,143731334,2026-08-03
3f,GPCC_stage3_interaction_feautre,load_interaction_feature,uifeature_usr_cntn_hstr_uc,253944552,2026-08-03
3f,GPCC_stage3_interaction_feautre,load_interaction_feature,uifeature_usr_cntn_hstr_ucm,167729296,2026-08-03
3f,GPCC_stage3_interaction_feautre,load_interaction_feature,uifeature_usr_cntn_hstr_ucc,126277164,2026-08-03
3f,GPCC_stage3_interaction_feautre,load_interaction_feature,uifeature_usr_cntn_hstr_uct,36906535,2026-08-03
3f,GPCC_stage3_interaction_feautre,load_interaction_feature,uifeature_usr_cntn_hstr_ucp,41753436,2026-08-03
3f,GPCC_stage3_interaction_feautre,load_rec_target,ft_rec_trgt,395433069,2026-08-03
3f,GPCC_stage3_interaction_feautre,unload_shared_ft_features,f13_cntn_tgps_bsis,395433069,2026-08-03
3f,GPCC_stage3_interaction_feautre,unload_shared_ft_features,f13_cntn_info,162,2026-08-03
3f,GPCC_stage3_interaction_feautre,unload_shared_ft_features,f13_cust_bhve_info,380188332,2026-08-03
3f,GPCC_stage4_post_proc,load_rec_result,rec_trgt,395433069,2026-08-03
3f,GPCC_stage4_post_proc,load_rec_result,ft_raw_result,387459990,2026-08-03
3f,GPCC_stage4_post_proc,load_rec_result,applied_contents,162,2026-08-03
3f,GPCC_stage4_post_proc,load_rec_result,applied_contents_type,162,2026-08-03
3f,GPCC_train,load_user_features_inf,user_features_inf,6008367,2026-08-03
3f,GPCC_train,load_user_features,user_features,143102719,2026-08-03
3f,GPCC_train,load_item_emb_feat,item_emb_feat,162,2026-08-03
3f,GPCC_train,load_item_meta,item_meta,162,2026-08-03
3f,GPCC_train,load_interaction,interaction,379427429,2026-08-03
3f,gpcc_dd_transfer,unload_oo3f_rec_benefit_result,oo3f_rec_bnft_rslt,387178995,2026-08-03
3f,GPCC_mthly_rec_result,load_rec_target,rec_trgt,392862837,2026-08-04
3f,GPCC_stage1_item_feature,load_item_meta,camp_meta_with_mrch_cond,215,2026-08-04
3f,GPCC_stage1_item_feature,load_item_meta,mrch_grp_info,3185822,2026-08-04
3f,GPCC_stage1_item_feature,load_item_meta,mccb_cd,3217990,2026-08-04
3f,GPCC_stage1_item_feature,load_item_meta,mcno_spd_sary,2148560,2026-08-04
3f,GPCC_stage1_item_feature,load_item_meta,camp_meta,175,2026-08-04
3f,GPCC_stage1_item_feature,load_item_meta,ld_clm_ncob_clas_info,12483,2026-08-04
3f,GPCC_stage1_item_feature,load_item_meta,mrch_dict,3217043,2026-08-04
3f,GPCC_stage1_item_feature,load_item_meta,camp_meta_for_brd,175,2026-08-04
3f,GPCC_stage1_item_feature,load_item_meta,mrch_cond_meta_for_brd,215,2026-08-04
3f,GPCC_stage1_item_feature,load_item_meta,mccb_meta_for_brd,1870,2026-08-04
3f,GPCC_stage1_item_feature,load_item_meta,mrch_info_for_brd,3217990,2026-08-04
3f,GPCC_stage1_item_feature,load_item_meta,brnd_mcno_dict,5425359,2026-08-04
3f,GPCC_stage1_item_feature,load_item_meta,brnd_cndd_dict,21372,2026-08-04
3f,GPCC_stage1_item_feature,load_item_meta,brnd_ctgr_dict,862,2026-08-04
3f,GPCC_stage1_item_feature,load_item_meta,mccb_ctgr_dict,1414,2026-08-04
3f,GPCC_stage1_item_feature,load_log_parser,log_raw,461512152,2026-08-04
3f,GPCC_stage1_item_feature,load_log_parser,rec_result,390513572,2026-08-04
3f,GPCC_stage1_item_feature,load_log_parser,item_meta,175,2026-08-04
3f,GPCC_stage1_item_feature,load_item_feature,ifeature_ptag,2410553,2026-08-04
3f,GPCC_stage1_item_feature,load_item_feature,ifeature_mm_mrch_rsl_date,1,2026-08-04
3f,GPCC_stage1_item_feature,load_item_feature,ifeature_mm_ts_card_pchs_date,1,2026-08-04
3f,GPCC_stage1_item_feature,load_item_feature,feature_mm_pld_use_rsl_date,1,2026-08-04
3f,GPCC_stage1_item_feature,load_item_feature,ifeature_mrch_rsl_ftr,2148560,2026-08-04
3f,GPCC_stage1_item_feature,load_item_feature,ifeature_ts_card_pchs,8612340,2026-08-04
3f,GPCC_stage1_item_feature,load_item_feature,ifeature_sow_high,6231880,2026-08-04
3f,GPCC_stage2_select,load_user_features,user_features,5844542,2026-08-04
3f,GPCC_stage2_select,load_dv_features,dv_features,8892410,2026-08-04
3f,GPCC_stage2_select,load_user_lgcn_embs,user_lgcn_embs,8908056,2026-08-04
3f,GPCC_stage2_select,load_item_meta,item_meta,175,2026-08-04
3f,GPCC_stage2_select,load_item_emb_feat,item_emb_feat,175,2026-08-04
3f,GPCC_stage2_select,load_item_lgcn_embs,item_lgcn_embs,175,2026-08-04
3f,GPCC_stage3_interaction_feautre,load_interaction_feature,uifeature_mm_mrch_rsl_date,1,2026-08-04
3f,GPCC_stage3_interaction_feautre,load_interaction_feature,uifeature_mm_ts_card_pchs_date,1,2026-08-04
3f,GPCC_stage3_interaction_feautre,load_interaction_feature,uifeature_mm_pld_use_rsl_date,1,2026-08-04
3f,GPCC_stage3_interaction_feautre,load_interaction_feature,uifeature_ts_card_pchs,8612340,2026-08-04
3f,GPCC_stage3_interaction_feautre,load_interaction_feature,uifeature_cntn_mcno_all,600361,2026-08-04
3f,GPCC_stage3_interaction_feautre,load_interaction_feature,uifeature_cntn_mrch_spd,545098,2026-08-04
3f,GPCC_stage3_interaction_feautre,load_interaction_feature,uifeature_3rs_svc_bhve_mrt_v3,5844542,2026-08-04
3f,GPCC_stage3_interaction_feautre,load_interaction_feature,uifeature_csno,8959907,2026-08-04
3f,GPCC_stage3_interaction_feautre,load_interaction_feature,uifeature_rec_result,390316345,2026-08-04
3f,GPCC_stage3_interaction_feautre,load_interaction_feature,uifeature_cntn,175,2026-08-04
3f,GPCC_stage3_interaction_feautre,load_interaction_feature,uifeature_usr_cntn_hstr_usr,142694956,2026-08-04
3f,GPCC_stage3_interaction_feautre,load_interaction_feature,uifeature_usr_cntn_hstr_uc,251602993,2026-08-04
3f,GPCC_stage3_interaction_feautre,load_interaction_feature,uifeature_usr_cntn_hstr_ucm,165409291,2026-08-04
3f,GPCC_stage3_interaction_feautre,load_interaction_feature,uifeature_usr_cntn_hstr_ucc,125174114,2026-08-04
3f,GPCC_stage3_interaction_feautre,load_interaction_feature,uifeature_usr_cntn_hstr_uct,37256209,2026-08-04
3f,GPCC_stage3_interaction_feautre,load_interaction_feature,uifeature_usr_cntn_hstr_ucp,41427183,2026-08-04
3f,GPCC_stage3_interaction_feautre,load_rec_target,ft_rec_trgt,392862837,2026-08-04
3f,GPCC_stage3_interaction_feautre,unload_shared_ft_features,f13_cntn_tgps_bsis,392862837,2026-08-04
3f,GPCC_stage3_interaction_feautre,unload_shared_ft_features,f13_cntn_info,175,2026-08-04
3f,GPCC_stage3_interaction_feautre,unload_shared_ft_features,f13_cust_bhve_info,382147711,2026-08-04
3f,GPCC_stage4_post_proc,load_rec_result,rec_trgt,392862837,2026-08-04
3f,GPCC_stage4_post_proc,load_rec_result,ft_raw_result,390322175,2026-08-04
3f,GPCC_stage4_post_proc,load_rec_result,applied_contents,175,2026-08-04
3f,GPCC_stage4_post_proc,load_rec_result,applied_contents_type,175,2026-08-04
3f,gpcc_dd_transfer,unload_oo3f_rec_benefit_result,oo3f_rec_bnft_rslt,388810895,2026-08-04
3f,GPCC_mthly_rec_result,load_rec_target,rec_trgt,396870785,2026-08-05
3f,GPCC_stage1_item_feature,load_item_meta,camp_meta_with_mrch_cond,155,2026-08-05
3f,GPCC_stage1_item_feature,load_item_meta,mrch_grp_info,3186839,2026-08-05
3f,GPCC_stage1_item_feature,load_item_meta,mccb_cd,3218137,2026-08-05
3f,GPCC_stage1_item_feature,load_item_meta,mcno_spd_sary,2148560,2026-08-05
3f,GPCC_stage1_item_feature,load_item_meta,camp_meta,245,2026-08-05
3f,GPCC_stage1_item_feature,load_item_meta,ld_clm_ncob_clas_info,12491,2026-08-05
3f,GPCC_stage1_item_feature,load_item_meta,mrch_dict,3217141,2026-08-05
3f,GPCC_stage1_item_feature,load_item_meta,camp_meta_for_brd,245,2026-08-05
3f,GPCC_stage1_item_feature,load_item_meta,mrch_cond_meta_for_brd,155,2026-08-05
3f,GPCC_stage1_item_feature,load_item_meta,mccb_meta_for_brd,1871,2026-08-05
3f,GPCC_stage1_item_feature,load_item_meta,mrch_info_for_brd,3218137,2026-08-05
3f,GPCC_stage1_item_feature,load_item_meta,brnd_mcno_dict,5424434,2026-08-05
3f,GPCC_stage1_item_feature,load_item_meta,brnd_cndd_dict,21358,2026-08-05
3f,GPCC_stage1_item_feature,load_item_meta,brnd_ctgr_dict,862,2026-08-05
3f,GPCC_stage1_item_feature,load_item_meta,mccb_ctgr_dict,1414,2026-08-05
3f,GPCC_stage1_item_feature,load_log_parser,log_raw,526530376,2026-08-05
3f,GPCC_stage1_item_feature,load_log_parser,rec_result,396644993,2026-08-05
3f,GPCC_stage1_item_feature,load_log_parser,item_meta,245,2026-08-05
3f,GPCC_stage1_item_feature,load_item_feature,ifeature_ptag,2409815,2026-08-05
3f,GPCC_stage1_item_feature,load_item_feature,ifeature_mm_mrch_rsl_date,1,2026-08-05
3f,GPCC_stage1_item_feature,load_item_feature,ifeature_mm_ts_card_pchs_date,1,2026-08-05
3f,GPCC_stage1_item_feature,load_item_feature,feature_mm_pld_use_rsl_date,1,2026-08-05
3f,GPCC_stage1_item_feature,load_item_feature,ifeature_mrch_rsl_ftr,2148560,2026-08-05
3f,GPCC_stage1_item_feature,load_item_feature,ifeature_ts_card_pchs,8612340,2026-08-05
3f,GPCC_stage1_item_feature,load_item_feature,ifeature_sow_high,6231880,2026-08-05
3f,GPCC_stage2_select,load_user_features,user_features,6535359,2026-08-05
3f,GPCC_stage2_select,load_dv_features,dv_features,8810273,2026-08-05
3f,GPCC_stage2_select,load_user_lgcn_embs,user_lgcn_embs,8899935,2026-08-05
3f,GPCC_stage2_select,load_item_meta,item_meta,245,2026-08-05
3f,GPCC_stage2_select,load_item_emb_feat,item_emb_feat,245,2026-08-05
3f,GPCC_stage2_select,load_item_lgcn_embs,item_lgcn_embs,245,2026-08-05
3f,GPCC_stage3_interaction_feautre,load_interaction_feature,uifeature_mm_mrch_rsl_date,1,2026-08-05
3f,GPCC_stage3_interaction_feautre,load_interaction_feature,uifeature_mm_ts_card_pchs_date,1,2026-08-05
3f,GPCC_stage3_interaction_feautre,load_interaction_feature,uifeature_mm_pld_use_rsl_date,1,2026-08-05
3f,GPCC_stage3_interaction_feautre,load_interaction_feature,uifeature_ts_card_pchs,8612340,2026-08-05
3f,GPCC_stage3_interaction_feautre,load_interaction_feature,uifeature_cntn_mcno_all,830958,2026-08-05
3f,GPCC_stage3_interaction_feautre,load_interaction_feature,uifeature_cntn_mrch_spd,751761,2026-08-05
3f,GPCC_stage3_interaction_feautre,load_interaction_feature,uifeature_3rs_svc_bhve_mrt_v3,6535359,2026-08-05
3f,GPCC_stage3_interaction_feautre,load_interaction_feature,uifeature_csno,8948008,2026-08-05
3f,GPCC_stage3_interaction_feautre,load_interaction_feature,uifeature_rec_result,396431541,2026-08-05
3f,GPCC_stage3_interaction_feautre,load_interaction_feature,uifeature_cntn,245,2026-08-05
3f,GPCC_stage3_interaction_feautre,load_interaction_feature,uifeature_usr_cntn_hstr_usr,162422567,2026-08-05
3f,GPCC_stage3_interaction_feautre,load_interaction_feature,uifeature_usr_cntn_hstr_uc,288321947,2026-08-05
3f,GPCC_stage3_interaction_feautre,load_interaction_feature,uifeature_usr_cntn_hstr_ucm,189914274,2026-08-05
3f,GPCC_stage3_interaction_feautre,load_interaction_feature,uifeature_usr_cntn_hstr_ucc,142666556,2026-08-05
3f,GPCC_stage3_interaction_feautre,load_interaction_feature,uifeature_usr_cntn_hstr_uct,41719597,2026-08-05
3f,GPCC_stage3_interaction_feautre,load_interaction_feature,uifeature_usr_cntn_hstr_ucp,46930553,2026-08-05
3f,GPCC_stage3_interaction_feautre,load_rec_target,ft_rec_trgt,396870785,2026-08-05
3f,GPCC_stage3_interaction_feautre,unload_shared_ft_features,f13_cntn_tgps_bsis,396870785,2026-08-05
3f,GPCC_stage3_interaction_feautre,unload_shared_ft_features,f13_cntn_info,245,2026-08-05
3f,GPCC_stage3_interaction_feautre,unload_shared_ft_features,f13_cust_bhve_info,389422118,2026-08-05
3f,GPCC_stage4_post_proc,load_rec_result,rec_trgt,396870785,2026-08-05
3f,GPCC_stage4_post_proc,load_rec_result,ft_raw_result,396842732,2026-08-05
3f,GPCC_stage4_post_proc,load_rec_result,applied_contents,245,2026-08-05
3f,GPCC_stage4_post_proc,load_rec_result,applied_contents_type,245,2026-08-05
3f,gpcc_dd_transfer,unload_oo3f_rec_benefit_result,oo3f_rec_bnft_rslt,395405391,2026-08-05
3f,GPCC_mthly_rec_result,load_rec_target,rec_trgt,393909964,2026-08-06
3f,GPCC_stage1_item_feature,load_item_meta,camp_meta_with_mrch_cond,235,2026-08-06
3f,GPCC_stage1_item_feature,load_item_meta,mrch_grp_info,3185750,2026-08-06
3f,GPCC_stage1_item_feature,load_item_meta,mccb_cd,3219145,2026-08-06
3f,GPCC_stage1_item_feature,load_item_meta,mcno_spd_sary,2148560,2026-08-06
3f,GPCC_stage1_item_feature,load_item_meta,camp_meta,248,2026-08-06
3f,GPCC_stage1_item_feature,load_item_meta,ld_clm_ncob_clas_info,12490,2026-08-06
3f,GPCC_stage1_item_feature,load_item_meta,mrch_dict,3218599,2026-08-06
3f,GPCC_stage1_item_feature,load_item_meta,camp_meta_for_brd,248,2026-08-06
3f,GPCC_stage1_item_feature,load_item_meta,mrch_cond_meta_for_brd,235,2026-08-06
3f,GPCC_stage1_item_feature,load_item_meta,mccb_meta_for_brd,1872,2026-08-06
3f,GPCC_stage1_item_feature,load_item_meta,mrch_info_for_brd,3219145,2026-08-06
3f,GPCC_stage1_item_feature,load_item_meta,brnd_mcno_dict,5425873,2026-08-06
3f,GPCC_stage1_item_feature,load_item_meta,brnd_cndd_dict,21376,2026-08-06
3f,GPCC_stage1_item_feature,load_item_meta,brnd_ctgr_dict,862,2026-08-06
3f,GPCC_stage1_item_feature,load_item_meta,mccb_ctgr_dict,1415,2026-08-06
3f,GPCC_stage1_item_feature,load_log_parser,log_raw,472568612,2026-08-06
3f,GPCC_stage1_item_feature,load_log_parser,rec_result,394400639,2026-08-06
3f,GPCC_stage1_item_feature,load_log_parser,item_meta,248,2026-08-06
3f,GPCC_stage1_item_feature,load_item_feature,ifeature_ptag,2410156,2026-08-06
3f,GPCC_stage1_item_feature,load_item_feature,ifeature_mm_mrch_rsl_date,1,2026-08-06
3f,GPCC_stage1_item_feature,load_item_feature,ifeature_mm_ts_card_pchs_date,1,2026-08-06
3f,GPCC_stage1_item_feature,load_item_feature,feature_mm_pld_use_rsl_date,1,2026-08-06
3f,GPCC_stage1_item_feature,load_item_feature,ifeature_mrch_rsl_ftr,2148560,2026-08-06
3f,GPCC_stage1_item_feature,load_item_feature,ifeature_ts_card_pchs,8612340,2026-08-06
3f,GPCC_stage1_item_feature,load_item_feature,ifeature_sow_high,6231880,2026-08-06
3f,GPCC_stage2_select,load_user_features,user_features,5841106,2026-08-06
3f,GPCC_stage2_select,load_dv_features,dv_features,8882171,2026-08-06
3f,GPCC_stage2_select,load_user_lgcn_embs,user_lgcn_embs,8905040,2026-08-06
3f,GPCC_stage2_select,load_item_meta,item_meta,248,2026-08-06
3f,GPCC_stage2_select,load_item_emb_feat,item_emb_feat,248,2026-08-06
3f,GPCC_stage2_select,load_item_lgcn_embs,item_lgcn_embs,248,2026-08-06
3f,GPCC_stage3_interaction_feautre,load_interaction_feature,uifeature_mm_mrch_rsl_date,1,2026-08-06
3f,GPCC_stage3_interaction_feautre,load_interaction_feature,uifeature_mm_ts_card_pchs_date,1,2026-08-06
3f,GPCC_stage3_interaction_feautre,load_interaction_feature,uifeature_mm_pld_use_rsl_date,1,2026-08-06
3f,GPCC_stage3_interaction_feautre,load_interaction_feature,uifeature_ts_card_pchs,8612340,2026-08-06
3f,GPCC_stage3_interaction_feautre,load_interaction_feature,uifeature_cntn_mcno_all,847095,2026-08-06
3f,GPCC_stage3_interaction_feautre,load_interaction_feature,uifeature_cntn_mrch_spd,765123,2026-08-06
3f,GPCC_stage3_interaction_feautre,load_interaction_feature,uifeature_3rs_svc_bhve_mrt_v3,5841106,2026-08-06
3f,GPCC_stage3_interaction_feautre,load_interaction_feature,uifeature_csno,8940621,2026-08-06
3f,GPCC_stage3_interaction_feautre,load_interaction_feature,uifeature_rec_result,394219097,2026-08-06
3f,GPCC_stage3_interaction_feautre,load_interaction_feature,uifeature_cntn,248,2026-08-06
3f,GPCC_stage3_interaction_feautre,load_interaction_feature,uifeature_usr_cntn_hstr_usr,145580589,2026-08-06
3f,GPCC_stage3_interaction_feautre,load_interaction_feature,uifeature_usr_cntn_hstr_uc,258824234,2026-08-06
3f,GPCC_stage3_interaction_feautre,load_interaction_feature,uifeature_usr_cntn_hstr_ucm,171163277,2026-08-06
3f,GPCC_stage3_interaction_feautre,load_interaction_feature,uifeature_usr_cntn_hstr_ucc,128513170,2026-08-06
3f,GPCC_stage3_interaction_feautre,load_interaction_feature,uifeature_usr_cntn_hstr_uct,37516609,2026-08-06
3f,GPCC_stage3_interaction_feautre,load_interaction_feature,uifeature_usr_cntn_hstr_ucp,42217393,2026-08-06
3f,GPCC_stage3_interaction_feautre,load_rec_target,ft_rec_trgt,393909964,2026-08-06
3f,GPCC_stage3_interaction_feautre,unload_shared_ft_features,f13_cntn_tgps_bsis,393909964,2026-08-06
3f,GPCC_stage3_interaction_feautre,unload_shared_ft_features,f13_cntn_info,248,2026-08-06
3f,GPCC_stage3_interaction_feautre,unload_shared_ft_features,f13_cust_bhve_info,386836904,2026-08-06
3f,GPCC_stage4_post_proc,load_rec_result,rec_trgt,393909964,2026-08-06
3f,GPCC_stage4_post_proc,load_rec_result,ft_raw_result,394045210,2026-08-06
3f,GPCC_stage4_post_proc,load_rec_result,applied_contents,248,2026-08-06
3f,GPCC_stage4_post_proc,load_rec_result,applied_contents_type,248,2026-08-06
3f,GPCC_train,load_user_features_inf,user_features_inf,5841106,2026-08-06
3f,GPCC_train,load_user_features,user_features,146008533,2026-08-06
3f,GPCC_train,load_item_emb_feat,item_emb_feat,248,2026-08-06
3f,GPCC_train,load_item_meta,item_meta,248,2026-08-06
3f,GPCC_train,load_interaction,interaction,386414033,2026-08-06
3f,gpcc_dd_transfer,unload_oo3f_rec_benefit_result,oo3f_rec_bnft_rslt,393786564,2026-08-06
3f,GPCC_mthly_rec_result,load_rec_target,rec_trgt,394011011,2026-08-07
3f,GPCC_stage1_item_feature,load_item_meta,camp_meta_with_mrch_cond,160,2026-08-07
3f,GPCC_stage1_item_feature,load_item_meta,mrch_grp_info,3187010,2026-08-07
3f,GPCC_stage1_item_feature,load_item_meta,mccb_cd,3219418,2026-08-07
3f,GPCC_stage1_item_feature,load_item_meta,mcno_spd_sary,2148560,2026-08-07
3f,GPCC_stage1_item_feature,load_item_meta,camp_meta,229,2026-08-07
3f,GPCC_stage1_item_feature,load_item_meta,ld_clm_ncob_clas_info,12491,2026-08-07
3f,GPCC_stage1_item_feature,load_item_meta,mrch_dict,3217865,2026-08-07
3f,GPCC_stage1_item_feature,load_item_meta,camp_meta_for_brd,229,2026-08-07
3f,GPCC_stage1_item_feature,load_item_meta,mrch_cond_meta_for_brd,160,2026-08-07
3f,GPCC_stage1_item_feature,load_item_meta,mccb_meta_for_brd,1872,2026-08-07
3f,GPCC_stage1_item_feature,load_item_meta,mrch_info_for_brd,3219418,2026-08-07
3f,GPCC_stage1_item_feature,load_item_meta,brnd_mcno_dict,5426001,2026-08-07
3f,GPCC_stage1_item_feature,load_item_meta,brnd_cndd_dict,21381,2026-08-07
3f,GPCC_stage1_item_feature,load_item_meta,brnd_ctgr_dict,862,2026-08-07
3f,GPCC_stage1_item_feature,load_item_meta,mccb_ctgr_dict,1414,2026-08-07
3f,GPCC_stage1_item_feature,load_log_parser,log_raw,491852716,2026-08-07
3f,GPCC_stage1_item_feature,load_log_parser,rec_result,380084698,2026-08-07
3f,GPCC_stage1_item_feature,load_log_parser,item_meta,229,2026-08-07
3f,GPCC_stage1_item_feature,load_item_feature,ifeature_ptag,2409016,2026-08-07
3f,GPCC_stage1_item_feature,load_item_feature,ifeature_mm_mrch_rsl_date,1,2026-08-07
3f,GPCC_stage1_item_feature,load_item_feature,ifeature_mm_ts_card_pchs_date,1,2026-08-07
3f,GPCC_stage1_item_feature,load_item_feature,feature_mm_pld_use_rsl_date,1,2026-08-07
3f,GPCC_stage1_item_feature,load_item_feature,ifeature_mrch_rsl_ftr,2148560,2026-08-07
3f,GPCC_stage1_item_feature,load_item_feature,ifeature_ts_card_pchs,8612340,2026-08-07
3f,GPCC_stage1_item_feature,load_item_feature,ifeature_sow_high,6231880,2026-08-07
3f,GPCC_stage2_select,load_user_features,user_features,6109031,2026-08-07
3f,GPCC_stage2_select,load_dv_features,dv_features,8851762,2026-08-07
3f,GPCC_stage2_select,load_user_lgcn_embs,user_lgcn_embs,8889728,2026-08-07
3f,GPCC_stage2_select,load_item_meta,item_meta,229,2026-08-07
3f,GPCC_stage2_select,load_item_emb_feat,item_emb_feat,229,2026-08-07
3f,GPCC_stage2_select,load_item_lgcn_embs,item_lgcn_embs,229,2026-08-07
3f,GPCC_stage3_interaction_feautre,load_interaction_feature,uifeature_mm_mrch_rsl_date,1,2026-08-07
3f,GPCC_stage3_interaction_feautre,load_interaction_feature,uifeature_mm_ts_card_pchs_date,1,2026-08-07
3f,GPCC_stage3_interaction_feautre,load_interaction_feature,uifeature_mm_pld_use_rsl_date,1,2026-08-07
3f,GPCC_stage3_interaction_feautre,load_interaction_feature,uifeature_ts_card_pchs,8612340,2026-08-07
3f,GPCC_stage3_interaction_feautre,load_interaction_feature,uifeature_cntn_mcno_all,783824,2026-08-07
3f,GPCC_stage3_interaction_feautre,load_interaction_feature,uifeature_cntn_mrch_spd,703708,2026-08-07
3f,GPCC_stage3_interaction_feautre,load_interaction_feature,uifeature_3rs_svc_bhve_mrt_v3,6109031,2026-08-07
3f,GPCC_stage3_interaction_feautre,load_interaction_feature,uifeature_csno,8964769,2026-08-07
3f,GPCC_stage3_interaction_feautre,load_interaction_feature,uifeature_rec_result,379726028,2026-08-07
3f,GPCC_stage3_interaction_feautre,load_interaction_feature,uifeature_cntn,229,2026-08-07
3f,GPCC_stage3_interaction_feautre,load_interaction_feature,uifeature_usr_cntn_hstr_usr,153879487,2026-08-07
3f,GPCC_stage3_interaction_feautre,load_interaction_feature,uifeature_usr_cntn_hstr_uc,272911055,2026-08-07
3f,GPCC_stage3_interaction_feautre,load_interaction_feature,uifeature_usr_cntn_hstr_ucm,176871125,2026-08-07
3f,GPCC_stage3_interaction_feautre,load_interaction_feature,uifeature_usr_cntn_hstr_ucc,132941660,2026-08-07
3f,GPCC_stage3_interaction_feautre,load_interaction_feature,uifeature_usr_cntn_hstr_uct,39701064,2026-08-07
3f,GPCC_stage3_interaction_feautre,load_interaction_feature,uifeature_usr_cntn_hstr_ucp,44539202,2026-08-07
3f,GPCC_stage3_interaction_feautre,load_rec_target,ft_rec_trgt,394011011,2026-08-07
3f,GPCC_stage3_interaction_feautre,unload_shared_ft_features,f13_cntn_tgps_bsis,394011011,2026-08-07
3f,GPCC_stage3_interaction_feautre,unload_shared_ft_features,f13_cntn_info,229,2026-08-07
3f,GPCC_stage3_interaction_feautre,unload_shared_ft_features,f13_cust_bhve_info,373830925,2026-08-07
3f,GPCC_stage4_post_proc,load_rec_result,rec_trgt,394011011,2026-08-07
3f,GPCC_stage4_post_proc,load_rec_result,ft_raw_result,380744140,2026-08-07
3f,GPCC_stage4_post_proc,load_rec_result,applied_contents,229,2026-08-07
3f,GPCC_stage4_post_proc,load_rec_result,applied_contents_type,229,2026-08-07
3f,gpcc_dd_transfer,unload_oo3f_rec_benefit_result,oo3f_rec_bnft_rslt,379258619,2026-08-07
3f,GPCC_mthly_rec_result,load_rec_target,rec_trgt,393570196,2026-08-08
3f,GPCC_stage1_item_feature,load_item_meta,camp_meta_with_mrch_cond,199,2026-08-08
3f,GPCC_stage1_item_feature,load_item_meta,mrch_grp_info,3188811,2026-08-08
3f,GPCC_stage1_item_feature,load_item_meta,mccb_cd,3219496,2026-08-08
3f,GPCC_stage1_item_feature,load_item_meta,mcno_spd_sary,2148560,2026-08-08
3f,GPCC_stage1_item_feature,load_item_meta,camp_meta,218,2026-08-08
3f,GPCC_stage1_item_feature,load_item_meta,ld_clm_ncob_clas_info,12492,2026-08-08
3f,GPCC_stage1_item_feature,load_item_meta,mrch_dict,3220333,2026-08-08
3f,GPCC_stage1_item_feature,load_item_meta,camp_meta_for_brd,218,2026-08-08
3f,GPCC_stage1_item_feature,load_item_meta,mrch_cond_meta_for_brd,199,2026-08-08
3f,GPCC_stage1_item_feature,load_item_meta,mccb_meta_for_brd,1873,2026-08-08
3f,GPCC_stage1_item_feature,load_item_meta,mrch_info_for_brd,3219496,2026-08-08
3f,GPCC_stage1_item_feature,load_item_meta,brnd_mcno_dict,5427589,2026-08-08
3f,GPCC_stage1_item_feature,load_item_meta,brnd_cndd_dict,21373,2026-08-08
3f,GPCC_stage1_item_feature,load_item_meta,brnd_ctgr_dict,863,2026-08-08
3f,GPCC_stage1_item_feature,load_item_meta,mccb_ctgr_dict,1415,2026-08-08
3f,GPCC_stage1_item_feature,load_log_parser,log_raw,436317433,2026-08-08
3f,GPCC_stage1_item_feature,load_log_parser,rec_result,381289614,2026-08-08
3f,GPCC_stage1_item_feature,load_log_parser,item_meta,218,2026-08-08
3f,GPCC_stage1_item_feature,load_item_feature,ifeature_ptag,2410645,2026-08-08
3f,GPCC_stage1_item_feature,load_item_feature,ifeature_mm_mrch_rsl_date,1,2026-08-08
3f,GPCC_stage1_item_feature,load_item_feature,ifeature_mm_ts_card_pchs_date,1,2026-08-08
3f,GPCC_stage1_item_feature,load_item_feature,feature_mm_pld_use_rsl_date,1,2026-08-08
3f,GPCC_stage1_item_feature,load_item_feature,ifeature_mrch_rsl_ftr,2148560,2026-08-08
3f,GPCC_stage1_item_feature,load_item_feature,ifeature_ts_card_pchs,8612340,2026-08-08
3f,GPCC_stage1_item_feature,load_item_feature,ifeature_sow_high,6231880,2026-08-08
3f,GPCC_stage2_select,load_user_features,user_features,5627375,2026-08-08
3f,GPCC_stage2_select,load_dv_features,dv_features,8526887,2026-08-08
3f,GPCC_stage2_select,load_user_lgcn_embs,user_lgcn_embs,8906664,2026-08-08
3f,GPCC_stage2_select,load_item_meta,item_meta,218,2026-08-08
3f,GPCC_stage2_select,load_item_emb_feat,item_emb_feat,218,2026-08-08
3f,GPCC_stage2_select,load_item_lgcn_embs,item_lgcn_embs,218,2026-08-08
3f,GPCC_stage3_interaction_feautre,load_interaction_feature,uifeature_mm_mrch_rsl_date,1,2026-08-08
3f,GPCC_stage3_interaction_feautre,load_interaction_feature,uifeature_mm_ts_card_pchs_date,1,2026-08-08
3f,GPCC_stage3_interaction_feautre,load_interaction_feature,uifeature_mm_pld_use_rsl_date,1,2026-08-08
3f,GPCC_stage3_interaction_feautre,load_interaction_feature,uifeature_ts_card_pchs,8612340,2026-08-08
3f,GPCC_stage3_interaction_feautre,load_interaction_feature,uifeature_cntn_mcno_all,741095,2026-08-08
3f,GPCC_stage3_interaction_feautre,load_interaction_feature,uifeature_cntn_mrch_spd,681241,2026-08-08
3f,GPCC_stage3_interaction_feautre,load_interaction_feature,uifeature_3rs_svc_bhve_mrt_v3,5627375,2026-08-08
3f,GPCC_stage3_interaction_feautre,load_interaction_feature,uifeature_csno,8952021,2026-08-08
3f,GPCC_stage3_interaction_feautre,load_interaction_feature,uifeature_rec_result,381630278,2026-08-08
3f,GPCC_stage3_interaction_feautre,load_interaction_feature,uifeature_cntn,218,2026-08-08
3f,GPCC_stage3_interaction_feautre,load_interaction_feature,uifeature_usr_cntn_hstr_usr,135829896,2026-08-08
3f,GPCC_stage3_interaction_feautre,load_interaction_feature,uifeature_usr_cntn_hstr_uc,238579315,2026-08-08
3f,GPCC_stage3_interaction_feautre,load_interaction_feature,uifeature_usr_cntn_hstr_ucm,158634808,2026-08-08
3f,GPCC_stage3_interaction_feautre,load_interaction_feature,uifeature_usr_cntn_hstr_ucc,118271654,2026-08-08
3f,GPCC_stage3_interaction_feautre,load_interaction_feature,uifeature_usr_cntn_hstr_uct,35202089,2026-08-08
3f,GPCC_stage3_interaction_feautre,load_interaction_feature,uifeature_usr_cntn_hstr_ucp,39333647,2026-08-08
3f,GPCC_stage3_interaction_feautre,load_rec_target,ft_rec_trgt,393570196,2026-08-08
3f,GPCC_stage3_interaction_feautre,unload_shared_ft_features,f13_cntn_tgps_bsis,393570196,2026-08-08
3f,GPCC_stage3_interaction_feautre,unload_shared_ft_features,f13_cntn_info,218,2026-08-08
3f,GPCC_stage3_interaction_feautre,unload_shared_ft_features,f13_cust_bhve_info,374017618,2026-08-08
3f,GPCC_stage4_post_proc,load_rec_result,rec_trgt,393570196,2026-08-08
3f,GPCC_stage4_post_proc,load_rec_result,ft_raw_result,381672499,2026-08-08
3f,GPCC_stage4_post_proc,load_rec_result,applied_contents,218,2026-08-08
3f,GPCC_stage4_post_proc,load_rec_result,applied_contents_type,218,2026-08-08
3f,gpcc_dd_transfer,unload_oo3f_rec_benefit_result,oo3f_rec_bnft_rslt,380979316,2026-08-08
3f,GPCC_mthly_rec_result,load_rec_target,rec_trgt,398351264,2026-08-09
3f,GPCC_stage1_item_feature,load_item_meta,camp_meta_with_mrch_cond,199,2026-08-09
3f,GPCC_stage1_item_feature,load_item_meta,mrch_grp_info,3189502,2026-08-09
3f,GPCC_stage1_item_feature,load_item_meta,mccb_cd,3218621,2026-08-09
3f,GPCC_stage1_item_feature,load_item_meta,mcno_spd_sary,2148560,2026-08-09
3f,GPCC_stage1_item_feature,load_item_meta,camp_meta,245,2026-08-09
3f,GPCC_stage1_item_feature,load_item_meta,ld_clm_ncob_clas_info,12504,2026-08-09
3f,GPCC_stage1_item_feature,load_item_meta,mrch_dict,3221299,2026-08-09
3f,GPCC_stage1_item_feature,load_item_meta,camp_meta_for_brd,245,2026-08-09
3f,GPCC_stage1_item_feature,load_item_meta,mrch_cond_meta_for_brd,199,2026-08-09
3f,GPCC_stage1_item_feature,load_item_meta,mccb_meta_for_brd,1872,2026-08-09
3f,GPCC_stage1_item_feature,load_item_meta,mrch_info_for_brd,3218621,2026-08-09
3f,GPCC_stage1_item_feature,load_item_meta,brnd_mcno_dict,5430915,2026-08-09
3f,GPCC_stage1_item_feature,load_item_meta,brnd_cndd_dict,21377,2026-08-09
3f,GPCC_stage1_item_feature,load_item_meta,brnd_ctgr_dict,863,2026-08-09
3f,GPCC_stage1_item_feature,load_item_meta,mccb_ctgr_dict,1415,2026-08-09
3f,GPCC_stage1_item_feature,load_log_parser,log_raw,414060102,2026-08-09
3f,GPCC_stage1_item_feature,load_log_parser,rec_result,398961279,2026-08-09
3f,GPCC_stage1_item_feature,load_log_parser,item_meta,245,2026-08-09
3f,GPCC_stage1_item_feature,load_item_feature,ifeature_ptag,2410377,2026-08-09
3f,GPCC_stage1_item_feature,load_item_feature,ifeature_mm_mrch_rsl_date,1,2026-08-09
3f,GPCC_stage1_item_feature,load_item_feature,ifeature_mm_ts_card_pchs_date,1,2026-08-09
3f,GPCC_stage1_item_feature,load_item_feature,feature_mm_pld_use_rsl_date,1,2026-08-09
3f,GPCC_stage1_item_feature,load_item_feature,ifeature_mrch_rsl_ftr,2148560,2026-08-09
3f,GPCC_stage1_item_feature,load_item_feature,ifeature_ts_card_pchs,8612340,2026-08-09
3f,GPCC_stage1_item_feature,load_item_feature,ifeature_sow_high,6231880,2026-08-09
3f,GPCC_stage2_select,load_user_features,user_features,5410154,2026-08-09
3f,GPCC_stage2_select,load_dv_features,dv_features,8734997,2026-08-09
3f,GPCC_stage2_select,load_user_lgcn_embs,user_lgcn_embs,8917674,2026-08-09
3f,GPCC_stage2_select,load_item_meta,item_meta,245,2026-08-09
3f,GPCC_stage2_select,load_item_emb_feat,item_emb_feat,245,2026-08-09
3f,GPCC_stage2_select,load_item_lgcn_embs,item_lgcn_embs,245,2026-08-09
3f,GPCC_stage3_interaction_feautre,load_interaction_feature,uifeature_mm_mrch_rsl_date,1,2026-08-09
3f,GPCC_stage3_interaction_feautre,load_interaction_feature,uifeature_mm_ts_card_pchs_date,1,2026-08-09
3f,GPCC_stage3_interaction_feautre,load_interaction_feature,uifeature_mm_pld_use_rsl_date,1,2026-08-09
3f,GPCC_stage3_interaction_feautre,load_interaction_feature,uifeature_ts_card_pchs,8612340,2026-08-09
3f,GPCC_stage3_interaction_feautre,load_interaction_feature,uifeature_cntn_mcno_all,837618,2026-08-09
3f,GPCC_stage3_interaction_feautre,load_interaction_feature,uifeature_cntn_mrch_spd,757519,2026-08-09
3f,GPCC_stage3_interaction_feautre,load_interaction_feature,uifeature_3rs_svc_bhve_mrt_v3,5410154,2026-08-09
3f,GPCC_stage3_interaction_feautre,load_interaction_feature,uifeature_csno,8964073,2026-08-09
3f,GPCC_stage3_interaction_feautre,load_interaction_feature,uifeature_rec_result,397911869,2026-08-09
3f,GPCC_stage3_interaction_feautre,load_interaction_feature,uifeature_cntn,245,2026-08-09
3f,GPCC_stage3_interaction_feautre,load_interaction_feature,uifeature_usr_cntn_hstr_usr,129190351,2026-08-09
3f,GPCC_stage3_interaction_feautre,load_interaction_feature,uifeature_usr_cntn_hstr_uc,228614640,2026-08-09
3f,GPCC_stage3_interaction_feautre,load_interaction_feature,uifeature_usr_cntn_hstr_ucm,149064781,2026-08-09
3f,GPCC_stage3_interaction_feautre,load_interaction_feature,uifeature_usr_cntn_hstr_ucc,111425193,2026-08-09
3f,GPCC_stage3_interaction_feautre,load_interaction_feature,uifeature_usr_cntn_hstr_uct,33388041,2026-08-09
3f,GPCC_stage3_interaction_feautre,load_interaction_feature,uifeature_usr_cntn_hstr_ucp,37223001,2026-08-09
3f,GPCC_stage3_interaction_feautre,load_rec_target,ft_rec_trgt,398351264,2026-08-09
3f,GPCC_stage3_interaction_feautre,unload_shared_ft_features,f13_cntn_tgps_bsis,398351264,2026-08-09
3f,GPCC_stage3_interaction_feautre,unload_shared_ft_features,f13_cntn_info,245,2026-08-09
3f,GPCC_stage3_interaction_feautre,unload_shared_ft_features,f13_cust_bhve_info,390932592,2026-08-09
3f,GPCC_stage4_post_proc,load_rec_result,rec_trgt,398351264,2026-08-09
3f,GPCC_stage4_post_proc,load_rec_result,ft_raw_result,399011403,2026-08-09
3f,GPCC_stage4_post_proc,load_rec_result,applied_contents,245,2026-08-09
3f,GPCC_stage4_post_proc,load_rec_result,applied_contents_type,245,2026-08-09
3f,gpcc_dd_transfer,unload_oo3f_rec_benefit_result,oo3f_rec_bnft_rslt,398422123,2026-08-09
3f,GPCC_mthly_rec_result,load_rec_target,rec_trgt,398125496,2026-08-10
3f,GPCC_stage1_item_feature,load_item_meta,camp_meta_with_mrch_cond,198,2026-08-10
3f,GPCC_stage1_item_feature,load_item_meta,mrch_grp_info,3189732,2026-08-10
3f,GPCC_stage1_item_feature,load_item_meta,mccb_cd,3219986,2026-08-10
3f,GPCC_stage1_item_feature,load_item_meta,mcno_spd_sary,2148560,2026-08-10
3f,GPCC_stage1_item_feature,load_item_meta,camp_meta,171,2026-08-10
3f,GPCC_stage1_item_feature,load_item_meta,ld_clm_ncob_clas_info,12508,2026-08-10
3f,GPCC_stage1_item_feature,load_item_meta,mrch_dict,3219531,2026-08-10
3f,GPCC_stage1_item_feature,load_item_meta,camp_meta_for_brd,171,2026-08-10
3f,GPCC_stage1_item_feature,load_item_meta,mrch_cond_meta_for_brd,198,2026-08-10
3f,GPCC_stage1_item_feature,load_item_meta,mccb_meta_for_brd,1873,2026-08-10
3f,GPCC_stage1_item_feature,load_item_meta,mrch_info_for_brd,3219986,2026-08-10
3f,GPCC_stage1_item_feature,load_item_meta,brnd_mcno_dict,5427375,2026-08-10
3f,GPCC_stage1_item_feature,load_item_meta,brnd_cndd_dict,21391,2026-08-10
3f,GPCC_stage1_item_feature,load_item_meta,brnd_ctgr_dict,863,2026-08-10
3f,GPCC_stage1_item_feature,load_item_meta,mccb_ctgr_dict,1415,2026-08-10
3f,GPCC_stage1_item_feature,load_log_parser,log_raw,547318090,2026-08-10
3f,GPCC_stage1_item_feature,load_log_parser,rec_result,388315441,2026-08-10
3f,GPCC_stage1_item_feature,load_log_parser,item_meta,171,2026-08-10
3f,GPCC_stage1_item_feature,load_item_feature,ifeature_ptag,2410105,2026-08-10
3f,GPCC_stage1_item_feature,load_item_feature,ifeature_mm_mrch_rsl_date,1,2026-08-10
3f,GPCC_stage1_item_feature,load_item_feature,ifeature_mm_ts_card_pchs_date,1,2026-08-10
3f,GPCC_stage1_item_feature,load_item_feature,feature_mm_pld_use_rsl_date,1,2026-08-10
3f,GPCC_stage1_item_feature,load_item_feature,ifeature_mrch_rsl_ftr,2148560,2026-08-10
3f,GPCC_stage1_item_feature,load_item_feature,ifeature_ts_card_pchs,8612340,2026-08-10
3f,GPCC_stage1_item_feature,load_item_feature,ifeature_sow_high,6231880,2026-08-10
3f,GPCC_stage2_select,load_user_features,user_features,6927861,2026-08-10
3f,GPCC_stage2_select,load_dv_features,dv_features,8852577,2026-08-10
3f,GPCC_stage2_select,load_user_lgcn_embs,user_lgcn_embs,8896333,2026-08-10
3f,GPCC_stage2_select,load_item_meta,item_meta,171,2026-08-10
3f,GPCC_stage2_select,load_item_emb_feat,item_emb_feat,171,2026-08-10
3f,GPCC_stage2_select,load_item_lgcn_embs,item_lgcn_embs,171,2026-08-10
3f,GPCC_stage3_interaction_feautre,load_interaction_feature,uifeature_mm_mrch_rsl_date,1,2026-08-10
3f,GPCC_stage3_interaction_feautre,load_interaction_feature,uifeature_mm_ts_card_pchs_date,1,2026-08-10
3f,GPCC_stage3_interaction_feautre,load_interaction_feature,uifeature_mm_pld_use_rsl_date,1,2026-08-10
3f,GPCC_stage3_interaction_feautre,load_interaction_feature,uifeature_ts_card_pchs,8612340,2026-08-10
3f,GPCC_stage3_interaction_feautre,load_interaction_feature,uifeature_cntn_mcno_all,582173,2026-08-10
3f,GPCC_stage3_interaction_feautre,load_interaction_feature,uifeature_cntn_mrch_spd,527189,2026-08-10
3f,GPCC_stage3_interaction_feautre,load_interaction_feature,uifeature_3rs_svc_bhve_mrt_v3,6927861,2026-08-10
3f,GPCC_stage3_interaction_feautre,load_interaction_feature,uifeature_csno,8935643,2026-08-10
3f,GPCC_stage3_interaction_feautre,load_interaction_feature,uifeature_rec_result,388312960,2026-08-10
3f,GPCC_stage3_interaction_feautre,load_interaction_feature,uifeature_cntn,171,2026-08-10
3f,GPCC_stage3_interaction_feautre,load_interaction_feature,uifeature_usr_cntn_hstr_usr,169760919,2026-08-10
3f,GPCC_stage3_interaction_feautre,load_interaction_feature,uifeature_usr_cntn_hstr_uc,302529291,2026-08-10
3f,GPCC_stage3_interaction_feautre,load_interaction_feature,uifeature_usr_cntn_hstr_ucm,196618536,2026-08-10
3f,GPCC_stage3_interaction_feautre,load_interaction_feature,uifeature_usr_cntn_hstr_ucc,146903627,2026-08-10
3f,GPCC_stage3_interaction_feautre,load_interaction_feature,uifeature_usr_cntn_hstr_uct,43623480,2026-08-10
3f,GPCC_stage3_interaction_feautre,load_interaction_feature,uifeature_usr_cntn_hstr_ucp,49678351,2026-08-10
3f,GPCC_stage3_interaction_feautre,load_rec_target,ft_rec_trgt,398125496,2026-08-10
3f,GPCC_stage3_interaction_feautre,unload_shared_ft_features,f13_cntn_tgps_bsis,398125496,2026-08-10
3f,GPCC_stage3_interaction_feautre,unload_shared_ft_features,f13_cntn_info,171,2026-08-10
3f,GPCC_stage3_interaction_feautre,unload_shared_ft_features,f13_cust_bhve_info,381542706,2026-08-10
3f,GPCC_stage4_post_proc,load_rec_result,rec_trgt,398125496,2026-08-10
3f,GPCC_stage4_post_proc,load_rec_result,ft_raw_result,389288147,2026-08-10
3f,GPCC_stage4_post_proc,load_rec_result,applied_contents,171,2026-08-10
3f,GPCC_stage4_post_proc,load_rec_result,applied_contents_type,171,2026-08-10
3f,GPCC_train,load_user_features_inf,user_features_inf,6927861,2026-08-10
3f,GPCC_train,load_user_features,user_features,169806074,2026-08-10
3f,GPCC_train,load_item_emb_feat,item_emb_feat,171,2026-08-10
3f,GPCC_train,load_item_meta,item_meta,171,2026-08-10
3f,GPCC_train,load_interaction,interaction,382252136,2026-08-10
3f,gpcc_dd_transfer,unload_oo3f_rec_benefit_result,oo3f_rec_bnft_rslt,388319212,2026-08-10
3f,GPCC_mthly_rec_result,load_rec_target,rec_trgt,397956219,2026-08-11
3f,GPCC_stage1_item_feature,load_item_meta,camp_meta_with_mrch_cond,223,2026-08-11
3f,GPCC_stage1_item_feature,load_item_meta,mrch_grp_info,3189824,2026-08-11
3f,GPCC_stage1_item_feature,load_item_meta,mccb_cd,3221839,2026-08-11
3f,GPCC_stage1_item_feature,load_item_meta,mcno_spd_sary,2148560,2026-08-11
3f,GPCC_stage1_item_feature,load_item_meta,camp_meta,184,2026-08-11
3f,GPCC_stage1_item_feature,load_item_meta,ld_clm_ncob_clas_info,12504,2026-08-11
3f,GPCC_stage1_item_feature,load_item_meta,mrch_dict,3220058,2026-08-11
3f,GPCC_stage1_item_feature,load_item_meta,camp_meta_for_brd,184,2026-08-11
3f,GPCC_stage1_item_feature,load_item_meta,mrch_cond_meta_for_brd,223,2026-08-11
3f,GPCC_stage1_item_feature,load_item_meta,mccb_meta_for_brd,1873,2026-08-11
3f,GPCC_stage1_item_feature,load_item_meta,mrch_info_for_brd,3221839,2026-08-11
3f,GPCC_stage1_item_feature,load_item_meta,brnd_mcno_dict,5432474,2026-08-11
3f,GPCC_stage1_item_feature,load_item_meta,brnd_cndd_dict,21386,2026-08-11
3f,GPCC_stage1_item_feature,load_item_meta,brnd_ctgr_dict,863,2026-08-11
3f,GPCC_stage1_item_feature,load_item_meta,mccb_ctgr_dict,1415,2026-08-11
3f,GPCC_stage1_item_feature,load_log_parser,log_raw,492287436,2026-08-11
3f,GPCC_stage1_item_feature,load_log_parser,rec_result,395642546,2026-08-11
3f,GPCC_stage1_item_feature,load_log_parser,item_meta,184,2026-08-11
3f,GPCC_stage1_item_feature,load_item_feature,ifeature_ptag,2410125,2026-08-11
3f,GPCC_stage1_item_feature,load_item_feature,ifeature_mm_mrch_rsl_date,1,2026-08-11
3f,GPCC_stage1_item_feature,load_item_feature,ifeature_mm_ts_card_pchs_date,1,2026-08-11
3f,GPCC_stage1_item_feature,load_item_feature,feature_mm_pld_use_rsl_date,1,2026-08-11
3f,GPCC_stage1_item_feature,load_item_feature,ifeature_mrch_rsl_ftr,2148560,2026-08-11
3f,GPCC_stage1_item_feature,load_item_feature,ifeature_ts_card_pchs,8612340,2026-08-11
3f,GPCC_stage1_item_feature,load_item_feature,ifeature_sow_high,6231880,2026-08-11
3f,GPCC_stage2_select,load_user_features,user_features,6090556,2026-08-11
3f,GPCC_stage2_select,load_dv_features,dv_features,8697079,2026-08-11
3f,GPCC_stage2_select,load_user_lgcn_embs,user_lgcn_embs,8887058,2026-08-11
3f,GPCC_stage2_select,load_item_meta,item_meta,184,2026-08-11
3f,GPCC_stage2_select,load_item_emb_feat,item_emb_feat,184,2026-08-11
3f,GPCC_stage2_select,load_item_lgcn_embs,item_lgcn_embs,184,2026-08-11
3f,GPCC_stage3_interaction_feautre,load_interaction_feature,uifeature_mm_mrch_rsl_date,1,2026-08-11
3f,GPCC_stage3_interaction_feautre,load_interaction_feature,uifeature_mm_ts_card_pchs_date,1,2026-08-11
3f,GPCC_stage3_interaction_feautre,load_interaction_feature,uifeature_mm_pld_use_rsl_date,1,2026-08-11
3f,GPCC_stage3_interaction_feautre,load_interaction_feature,uifeature_ts_card_pchs,8612340,2026-08-11
3f,GPCC_stage3_interaction_feautre,load_interaction_feature,uifeature_cntn_mcno_all,621518,2026-08-11
3f,GPCC_stage3_interaction_feautre,load_interaction_feature,uifeature_cntn_mrch_spd,579390,2026-08-11
3f,GPCC_stage3_interaction_feautre,load_interaction_feature,uifeature_3rs_svc_bhve_mrt_v3,6090556,2026-08-11
3f,GPCC_stage3_interaction_feautre,load_interaction_feature,uifeature_csno,8943727,2026-08-11
3f,GPCC_stage3_interaction_feautre,load_interaction_feature,uifeature_rec_result,394507230,2026-08-11
3f,GPCC_stage3_interaction_feautre,load_interaction_feature,uifeature_cntn,184,2026-08-11
3f,GPCC_stage3_interaction_feautre,load_interaction_feature,uifeature_usr_cntn_hstr_usr,151239614,2026-08-11
3f,GPCC_stage3_interaction_feautre,load_interaction_feature,uifeature_usr_cntn_hstr_uc,268375600,2026-08-11
3f,GPCC_stage3_interaction_feautre,load_interaction_feature,uifeature_usr_cntn_hstr_ucm,177771769,2026-08-11
3f,GPCC_stage3_interaction_feautre,load_interaction_feature,uifeature_usr_cntn_hstr_ucc,132952886,2026-08-11
3f,GPCC_stage3_interaction_feautre,load_interaction_feature,uifeature_usr_cntn_hstr_uct,39219913,2026-08-11
3f,GPCC_stage3_interaction_feautre,load_interaction_feature,uifeature_usr_cntn_hstr_ucp,44574046,2026-08-11
3f,GPCC_stage3_interaction_feautre,load_rec_target,ft_rec_trgt,397956219,2026-08-11
3f,GPCC_stage3_interaction_feautre,unload_shared_ft_features,f13_cntn_tgps_bsis,397956219,2026-08-11
3f,GPCC_stage3_interaction_feautre,unload_shared_ft_features,f13_cntn_info,184,2026-08-11
3f,GPCC_stage3_interaction_feautre,unload_shared_ft_features,f13_cust_bhve_info,388319836,2026-08-11
3f,GPCC_stage4_post_proc,load_rec_result,rec_trgt,397956219,2026-08-11
3f,GPCC_stage4_post_proc,load_rec_result,ft_raw_result,395667820,2026-08-11
3f,GPCC_stage4_post_proc,load_rec_result,applied_contents,184,2026-08-11
3f,GPCC_stage4_post_proc,load_rec_result,applied_contents_type,184,2026-08-11
3f,gpcc_dd_transfer,unload_oo3f_rec_benefit_result,oo3f_rec_bnft_rslt,394608049,2026-08-11
3f,GPCC_mthly_rec_result,load_rec_target,rec_trgt,395959252,2026-08-12
3f,GPCC_stage1_item_feature,load_item_meta,camp_meta_with_mrch_cond,202,2026-08-12
3f,GPCC_stage1_item_feature,load_item_meta,mrch_grp_info,3191471,2026-08-12
3f,GPCC_stage1_item_feature,load_item_meta,mccb_cd,3222386,2026-08-12
3f,GPCC_stage1_item_feature,load_item_meta,mcno_spd_sary,2148560,2026-08-12
3f,GPCC_stage1_item_feature,load_item_meta,camp_meta,246,2026-08-12
3f,GPCC_stage1_item_feature,load_item_meta,ld_clm_ncob_clas_info,12506,2026-08-12
3f,GPCC_stage1_item_feature,load_item_meta,mrch_dict,3220851,2026-08-12
3f,GPCC_stage1_item_feature,load_item_meta,camp_meta_for_brd,246,2026-08-12
3f,GPCC_stage1_item_feature,load_item_meta,mrch_cond_meta_for_brd,202,2026-08-12
3f,GPCC_stage1_item_feature,load_item_meta,mccb_meta_for_brd,1874,2026-08-12
3f,GPCC_stage1_item_feature,load_item_meta,mrch_info_for_brd,3222386,2026-08-12
3f,GPCC_stage1_item_feature,load_item_meta,brnd_mcno_dict,5431153,2026-08-12
3f,GPCC_stage1_item_feature,load_item_meta,brnd_cndd_dict,21387,2026-08-12
3f,GPCC_stage1_item_feature,load_item_meta,brnd_ctgr_dict,863,2026-08-12
3f,GPCC_stage1_item_feature,load_item_meta,mccb_ctgr_dict,1416,2026-08-12
3f,GPCC_stage1_item_feature,load_log_parser,log_raw,481190930,2026-08-12
3f,GPCC_stage1_item_feature,load_log_parser,rec_result,399332163,2026-08-12
3f,GPCC_stage1_item_feature,load_log_parser,item_meta,246,2026-08-12
3f,GPCC_stage1_item_feature,load_item_feature,ifeature_ptag,2410144,2026-08-12
3f,GPCC_stage1_item_feature,load_item_feature,ifeature_mm_mrch_rsl_date,1,2026-08-12
3f,GPCC_stage1_item_feature,load_item_feature,ifeature_mm_ts_card_pchs_date,1,2026-08-12
3f,GPCC_stage1_item_feature,load_item_feature,feature_mm_pld_use_rsl_date,1,2026-08-12
3f,GPCC_stage1_item_feature,load_item_feature,ifeature_mrch_rsl_ftr,2148560,2026-08-12
3f,GPCC_stage1_item_feature,load_item_feature,ifeature_ts_card_pchs,8612340,2026-08-12
3f,GPCC_stage1_item_feature,load_item_feature,ifeature_sow_high,6231880,2026-08-12
3f,GPCC_stage2_select,load_user_features,user_features,6277025,2026-08-12
3f,GPCC_stage2_select,load_dv_features,dv_features,8598067,2026-08-12
3f,GPCC_stage2_select,load_user_lgcn_embs,user_lgcn_embs,8899021,2026-08-12
3f,GPCC_stage2_select,load_item_meta,item_meta,246,2026-08-12
3f,GPCC_stage2_select,load_item_emb_feat,item_emb_feat,246,2026-08-12
3f,GPCC_stage2_select,load_item_lgcn_embs,item_lgcn_embs,246,2026-08-12
3f,GPCC_stage3_interaction_feautre,load_interaction_feature,uifeature_mm_mrch_rsl_date,1,2026-08-12
3f,GPCC_stage3_interaction_feautre,load_interaction_feature,uifeature_mm_ts_card_pchs_date,1,2026-08-12
3f,GPCC_stage3_interaction_feautre,load_interaction_feature,uifeature_mm_pld_use_rsl_date,1,2026-08-12
3f,GPCC_stage3_interaction_feautre,load_interaction_feature,uifeature_ts_card_pchs,8612340,2026-08-12
3f,GPCC_stage3_interaction_feautre,load_interaction_feature,uifeature_cntn_mcno_all,840858,2026-08-12
3f,GPCC_stage3_interaction_feautre,load_interaction_feature,uifeature_cntn_mrch_spd,765123,2026-08-12
3f,GPCC_stage3_interaction_feautre,load_interaction_feature,uifeature_3rs_svc_bhve_mrt_v3,6277025,2026-08-12
3f,GPCC_stage3_interaction_feautre,load_interaction_feature,uifeature_csno,8932266,2026-08-12
3f,GPCC_stage3_interaction_feautre,load_interaction_feature,uifeature_rec_result,399558920,2026-08-12
3f,GPCC_stage3_interaction_feautre,load_interaction_feature,uifeature_cntn,246,2026-08-12
3f,GPCC_stage3_interaction_feautre,load_interaction_feature,uifeature_usr_cntn_hstr_usr,149860806,2026-08-12
3f,GPCC_stage3_interaction_feautre,load_interaction_feature,uifeature_usr_cntn_hstr_uc,262074587,2026-08-12
3f,GPCC_stage3_interaction_feautre,load_interaction_feature,uifeature_usr_cntn_hstr_ucm,172000481,2026-08-12
3f,GPCC_stage3_interaction_feautre,load_interaction_feature,uifeature_usr_cntn_hstr_ucc,130233642,2026-08-12
3f,GPCC_stage3_interaction_feautre,load_interaction_feature,uifeature_usr_cntn_hstr_uct,38372474,2026-08-12
3f,GPCC_stage3_interaction_feautre,load_interaction_feature,uifeature_usr_cntn_hstr_ucp,43392501,2026-08-12
3f,GPCC_stage3_interaction_feautre,load_rec_target,ft_rec_trgt,395959252,2026-08-12
3f,GPCC_stage3_interaction_feautre,unload_shared_ft_features,f13_cntn_tgps_bsis,395959252,2026-08-12
3f,GPCC_stage3_interaction_feautre,unload_shared_ft_features,f13_cntn_info,246,2026-08-12
3f,GPCC_stage3_interaction_feautre,unload_shared_ft_features,f13_cust_bhve_info,392324287,2026-08-12
3f,GPCC_stage4_post_proc,load_rec_result,rec_trgt,395959252,2026-08-12
3f,GPCC_stage4_post_proc,load_rec_result,ft_raw_result,399604804,2026-08-12
3f,GPCC_stage4_post_proc,load_rec_result,applied_contents,246,2026-08-12
3f,GPCC_stage4_post_proc,load_rec_result,applied_contents_type,246,2026-08-12
3f,gpcc_dd_transfer,unload_oo3f_rec_benefit_result,oo3f_rec_bnft_rslt,399491879,2026-08-12
3f,GPCC_mthly_rec_result,load_rec_target,rec_trgt,391811900,2026-08-13
3f,GPCC_stage1_item_feature,load_item_meta,camp_meta_with_mrch_cond,167,2026-08-13
3f,GPCC_stage1_item_feature,load_item_meta,mrch_grp_info,3190287,2026-08-13
3f,GPCC_stage1_item_feature,load_item_meta,mccb_cd,3221671,2026-08-13
3f,GPCC_stage1_item_feature,load_item_meta,mcno_spd_sary,2148560,2026-08-13
3f,GPCC_stage1_item_feature,load_item_meta,camp_meta,194,2026-08-13
3f,GPCC_stage1_item_feature,load_item_meta,ld_clm_ncob_clas_info,12507,2026-08-13
3f,GPCC_stage1_item_feature,load_item_meta,mrch_dict,3221948,2026-08-13
3f,GPCC_stage1_item_feature,load_item_meta,camp_meta_for_brd,194,2026-08-13
3f,GPCC_stage1_item_feature,load_item_meta,mrch_cond_meta_for_brd,167,2026-08-13
3f,GPCC_stage1_item_feature,load_item_meta,mccb_meta_for_brd,1874,2026-08-13
3f,GPCC_stage1_item_feature,load_item_meta,mrch_info_for_brd,3221671,2026-08-13
3f,GPCC_stage1_item_feature,load_item_meta,brnd_mcno_dict,5435292,2026-08-13
3f,GPCC_stage1_item_feature,load_item_meta,brnd_cndd_dict,21399,2026-08-13
3f,GPCC_stage1_item_feature,load_item_meta,brnd_ctgr_dict,863,2026-08-13
3f,GPCC_stage1_item_feature,load_item_meta,mccb_ctgr_dict,1416,2026-08-13
3f,GPCC_stage1_item_feature,load_log_parser,log_raw,524744456,2026-08-13
3f,GPCC_stage1_item_feature,load_log_parser,rec_result,394561065,2026-08-13
3f,GPCC_stage1_item_feature,load_log_parser,item_meta,194,2026-08-13
3f,GPCC_stage1_item_feature,load_item_feature,ifeature_ptag,2411120,2026-08-13
3f,GPCC_stage1_item_feature,load_item_feature,ifeature_mm_mrch_rsl_date,1,2026-08-13
3f,GPCC_stage1_item_feature,load_item_feature,ifeature_mm_ts_card_pchs_date,1,2026-08-13
3f,GPCC_stage1_item_feature,load_item_feature,feature_mm_pld_use_rsl_date,1,2026-08-13
3f,GPCC_stage1_item_feature,load_item_feature,ifeature_mrch_rsl_ftr,2148560,2026-08-13
3f,GPCC_stage1_item_feature,load_item_feature,ifeature_ts_card_pchs,8612340,2026-08-13
3f,GPCC_stage1_item_feature,load_item_feature,ifeature_sow_high,6231880,2026-08-13
3f,GPCC_stage2_select,load_user_features,user_features,6504252,2026-08-13
3f,GPCC_stage2_select,load_dv_features,dv_features,8862977,2026-08-13
3f,GPCC_stage2_select,load_user_lgcn_embs,user_lgcn_embs,8915799,2026-08-13
3f,GPCC_stage2_select,load_item_meta,item_meta,194,2026-08-13
3f,GPCC_stage2_select,load_item_emb_feat,item_emb_feat,194,2026-08-13
3f,GPCC_stage2_select,load_item_lgcn_embs,item_lgcn_embs,194,2026-08-13
3f,GPCC_stage3_interaction_feautre,load_interaction_feature,uifeature_mm_mrch_rsl_date,1,2026-08-13
3f,GPCC_stage3_interaction_feautre,load_interaction_feature,uifeature_mm_ts_card_pchs_date,1,2026-08-13
3f,GPCC_stage3_interaction_feautre,load_interaction_feature,uifeature_mm_pld_use_rsl_date,1,2026-08-13
3f,GPCC_stage3_interaction_feautre,load_interaction_feature,uifeature_ts_card_pchs,8612340,2026-08-13
3f,GPCC_stage3_interaction_feautre,load_interaction_feature,uifeature_cntn_mcno_all,662883,2026-08-13
3f,GPCC_stage3_interaction_feautre,load_interaction_feature,uifeature_cntn_mrch_spd,598677,2026-08-13
3f,GPCC_stage3_interaction_feautre,load_interaction_feature,uifeature_3rs_svc_bhve_mrt_v3,6504252,2026-08-13
3f,GPCC_stage3_interaction_feautre,load_interaction_feature,uifeature_csno,8943394,2026-08-13
3f,GPCC_stage3_interaction_feautre,load_interaction_feature,uifeature_rec_result,394464586,2026-08-13
3f,GPCC_stage3_interaction_feautre,load_interaction_feature,uifeature_cntn,194,2026-08-13
3f,GPCC_stage3_interaction_feautre,load_interaction_feature,uifeature_usr_cntn_hstr_usr,162028136,2026-08-13
3f,GPCC_stage3_interaction_feautre,load_interaction_feature,uifeature_usr_cntn_hstr_uc,287793329,2026-08-13
3f,GPCC_stage3_interaction_feautre,load_interaction_feature,uifeature_usr_cntn_hstr_ucm,189455646,2026-08-13
3f,GPCC_stage3_interaction_feautre,load_interaction_feature,uifeature_usr_cntn_hstr_ucc,141040581,2026-08-13
3f,GPCC_stage3_interaction_feautre,load_interaction_feature,uifeature_usr_cntn_hstr_uct,41740601,2026-08-13
3f,GPCC_stage3_interaction_feautre,load_interaction_feature,uifeature_usr_cntn_hstr_ucp,46958322,2026-08-13
3f,GPCC_stage3_interaction_feautre,load_rec_target,ft_rec_trgt,391811900,2026-08-13
3f,GPCC_stage3_interaction_feautre,unload_shared_ft_features,f13_cntn_tgps_bsis,391811900,2026-08-13
3f,GPCC_stage3_interaction_feautre,unload_shared_ft_features,f13_cntn_info,194,2026-08-13
3f,GPCC_stage3_interaction_feautre,unload_shared_ft_features,f13_cust_bhve_info,386251478,2026-08-13
3f,GPCC_stage4_post_proc,load_rec_result,rec_trgt,391811900,2026-08-13
3f,GPCC_stage4_post_proc,load_rec_result,ft_raw_result,394421491,2026-08-13
3f,GPCC_stage4_post_proc,load_rec_result,applied_contents,194,2026-08-13
3f,GPCC_stage4_post_proc,load_rec_result,applied_contents_type,194,2026-08-13
3f,GPCC_train,load_user_features_inf,user_features_inf,6504252,2026-08-13
3f,GPCC_train,load_user_features,user_features,163588853,2026-08-13
3f,GPCC_train,load_item_emb_feat,item_emb_feat,194,2026-08-13
3f,GPCC_train,load_item_meta,item_meta,194,2026-08-13
3f,GPCC_train,load_interaction,interaction,386742936,2026-08-13
3f,gpcc_dd_transfer,unload_oo3f_rec_benefit_result,oo3f_rec_bnft_rslt,393107649,2026-08-13
3f,GPCC_mthly_rec_result,load_rec_target,rec_trgt,225496044,2026-08-14
3f,GPCC_stage1_item_feature,load_item_meta,camp_meta_with_mrch_cond,187,2026-08-14
3f,GPCC_stage1_item_feature,load_item_meta,mrch_grp_info,3192260,2026-08-14
3f,GPCC_stage1_item_feature,load_item_meta,mccb_cd,3223395,2026-08-14
3f,GPCC_stage1_item_feature,load_item_meta,mcno_spd_sary,2148560,2026-08-14
3f,GPCC_stage1_item_feature,load_item_meta,camp_meta,248,2026-08-14
3f,GPCC_stage1_item_feature,load_item_meta,ld_clm_ncob_clas_info,12512,2026-08-14
3f,GPCC_stage1_item_feature,load_item_meta,mrch_dict,3224217,2026-08-14
3f,GPCC_stage1_item_feature,load_item_meta,camp_meta_for_brd,248,2026-08-14
3f,GPCC_stage1_item_feature,load_item_meta,mrch_cond_meta_for_brd,187,2026-08-14
3f,GPCC_stage1_item_feature,load_item_meta,mccb_meta_for_brd,1875,2026-08-14
3f,GPCC_stage1_item_feature,load_item_meta,mrch_info_for_brd,3223395,2026-08-14
3f,GPCC_stage1_item_feature,load_item_meta,brnd_mcno_dict,5436201,2026-08-14
3f,GPCC_stage1_item_feature,load_item_meta,brnd_cndd_dict,21396,2026-08-14
3f,GPCC_stage1_item_feature,load_item_meta,brnd_ctgr_dict,864,2026-08-14
3f,GPCC_stage1_item_feature,load_item_meta,mccb_ctgr_dict,1417,2026-08-14
3f,GPCC_stage1_item_feature,load_log_parser,log_raw,490988722,2026-08-14
3f,GPCC_stage1_item_feature,load_log_parser,rec_result,381228456,2026-08-14
3f,GPCC_stage1_item_feature,load_log_parser,item_meta,248,2026-08-14
3f,GPCC_stage1_item_feature,load_item_feature,ifeature_ptag,2410317,2026-08-14
3f,GPCC_stage1_item_feature,load_item_feature,ifeature_mm_mrch_rsl_date,1,2026-08-14
3f,GPCC_stage1_item_feature,load_item_feature,ifeature_mm_ts_card_pchs_date,1,2026-08-14
3f,GPCC_stage1_item_feature,load_item_feature,feature_mm_pld_use_rsl_date,1,2026-08-14
3f,GPCC_stage1_item_feature,load_item_feature,ifeature_mrch_rsl_ftr,2148560,2026-08-14
3f,GPCC_stage1_item_feature,load_item_feature,ifeature_ts_card_pchs,8612340,2026-08-14
3f,GPCC_stage1_item_feature,load_item_feature,ifeature_sow_high,6231880,2026-08-14
3f,GPCC_stage2_select,load_user_features,user_features,6248153,2026-08-14
3f,GPCC_stage2_select,load_dv_features,dv_features,8857121,2026-08-14
3f,GPCC_stage2_select,load_user_lgcn_embs,user_lgcn_embs,8913774,2026-08-14
3f,GPCC_stage2_select,load_item_meta,item_meta,248,2026-08-14
3f,GPCC_stage2_select,load_item_emb_feat,item_emb_feat,248,2026-08-14
3f,GPCC_stage2_select,load_item_lgcn_embs,item_lgcn_embs,248,2026-08-14
3f,GPCC_stage3_interaction_feautre,load_interaction_feature,uifeature_mm_mrch_rsl_date,1,2026-08-14
3f,GPCC_stage3_interaction_feautre,load_interaction_feature,uifeature_mm_ts_card_pchs_date,1,2026-08-14
3f,GPCC_stage3_interaction_feautre,load_interaction_feature,uifeature_mm_pld_use_rsl_date,1,2026-08-14
3f,GPCC_stage3_interaction_feautre,load_interaction_feature,uifeature_ts_card_pchs,8612340,2026-08-14
3f,GPCC_stage3_interaction_feautre,load_interaction_feature,uifeature_cntn_mcno_all,833346,2026-08-14
3f,GPCC_stage3_interaction_feautre,load_interaction_feature,uifeature_cntn_mrch_spd,775404,2026-08-14
3f,GPCC_stage3_interaction_feautre,load_interaction_feature,uifeature_3rs_svc_bhve_mrt_v3,6248153,2026-08-14
3f,GPCC_stage3_interaction_feautre,load_interaction_feature,uifeature_csno,8949342,2026-08-14
3f,GPCC_stage3_interaction_feautre,load_interaction_feature,uifeature_rec_result,381044003,2026-08-14
3f,GPCC_stage3_interaction_feautre,load_interaction_feature,uifeature_cntn,248,2026-08-14
3f,GPCC_stage3_interaction_feautre,load_interaction_feature,uifeature_usr_cntn_hstr_usr,151602616,2026-08-14
3f,GPCC_stage3_interaction_feautre,load_interaction_feature,uifeature_usr_cntn_hstr_uc,269958275,2026-08-14
3f,GPCC_stage3_interaction_feautre,load_interaction_feature,uifeature_usr_cntn_hstr_ucm,176721601,2026-08-14
3f,GPCC_stage3_interaction_feautre,load_interaction_feature,uifeature_usr_cntn_hstr_ucc,133307427,2026-08-14
3f,GPCC_stage3_interaction_feautre,load_interaction_feature,uifeature_usr_cntn_hstr_uct,39649882,2026-08-14
3f,GPCC_stage3_interaction_feautre,load_interaction_feature,uifeature_usr_cntn_hstr_ucp,43848698,2026-08-14
3f,GPCC_stage3_interaction_feautre,load_rec_target,ft_rec_trgt,225496044,2026-08-14
3f,GPCC_stage3_interaction_feautre,unload_shared_ft_features,f13_cntn_tgps_bsis,225496044,2026-08-14
3f,GPCC_stage3_interaction_feautre,unload_shared_ft_features,f13_cntn_info,248,2026-08-14
3f,GPCC_stage3_interaction_feautre,unload_shared_ft_features,f13_cust_bhve_info,372554271,2026-08-14
3f,GPCC_stage4_post_proc,load_rec_result,rec_trgt,225496044,2026-08-14
3f,GPCC_stage4_post_proc,load_rec_result,ft_raw_result,380899554,2026-08-14
3f,GPCC_stage4_post_proc,load_rec_result,applied_contents,248,2026-08-14
3f,GPCC_stage4_post_proc,load_rec_result,applied_contents_type,248,2026-08-14
3f,gpcc_dd_transfer,unload_oo3f_rec_benefit_result,oo3f_rec_bnft_rslt,380791068,2026-08-14
3f,GPCC_mthly_rec_result,load_rec_target,rec_trgt,393146594,2026-08-15
3f,GPCC_stage1_item_feature,load_item_meta,camp_meta_with_mrch_cond,192,2026-08-15
3f,GPCC_stage1_item_feature,load_item_meta,mrch_grp_info,3191476,2026-08-15
3f,GPCC_stage1_item_feature,load_item_meta,mccb_cd,3224281,2026-08-15
3f,GPCC_stage1_item_feature,load_item_meta,mcno_spd_sary,2148560,2026-08-15
3f,GPCC_stage1_item_feature,load_item_meta,camp_meta,221,2026-08-15
3f,GPCC_stage1_item_feature,load_item_meta,ld_clm_ncob_clas_info,12509,2026-08-15
3f,GPCC_stage1_item_feature,load_item_meta,mrch_dict,3224283,2026-08-15
3f,GPCC_stage1_item_feature,load_item_meta,camp_meta_for_brd,221,2026-08-15
3f,GPCC_stage1_item_feature,load_item_meta,mrch_cond_meta_for_brd,192,2026-08-15
3f,GPCC_stage1_item_feature,load_item_meta,mccb_meta_for_brd,1875,2026-08-15
3f,GPCC_stage1_item_feature,load_item_meta,mrch_info_for_brd,3224281,2026-08-15
3f,GPCC_stage1_item_feature,load_item_meta,brnd_mcno_dict,5433319,2026-08-15
3f,GPCC_stage1_item_feature,load_item_meta,brnd_cndd_dict,21403,2026-08-15
3f,GPCC_stage1_item_feature,load_item_meta,brnd_ctgr_dict,864,2026-08-15
3f,GPCC_stage1_item_feature,load_item_meta,mccb_ctgr_dict,1416,2026-08-15
3f,GPCC_stage1_item_feature,load_log_parser,log_raw,431999361,2026-08-15
3f,GPCC_stage1_item_feature,load_log_parser,rec_result,380467632,2026-08-15
3f,GPCC_stage1_item_feature,load_log_parser,item_meta,221,2026-08-15
3f,GPCC_stage1_item_feature,load_item_feature,ifeature_ptag,2410461,2026-08-15
3f,GPCC_stage1_item_feature,load_item_feature,ifeature_mm_mrch_rsl_date,1,2026-08-15
3f,GPCC_stage1_item_feature,load_item_feature,ifeature_mm_ts_card_pchs_date,1,2026-08-15
3f,GPCC_stage1_item_feature,load_item_feature,feature_mm_pld_use_rsl_date,1,2026-08-15
3f,GPCC_stage1_item_feature,load_item_feature,ifeature_mrch_rsl_ftr,2148560,2026-08-15
3f,GPCC_stage1_item_feature,load_item_feature,ifeature_ts_card_pchs,8612340,2026-08-15
3f,GPCC_stage1_item_feature,load_item_feature,ifeature_sow_high,6231880,2026-08-15
3f,GPCC_stage2_select,load_user_features,user_features,5336571,2026-08-15
3f,GPCC_stage2_select,load_dv_features,dv_features,8614926,2026-08-15
3f,GPCC_stage2_select,load_user_lgcn_embs,user_lgcn_embs,8902167,2026-08-15
3f,GPCC_stage2_select,load_item_meta,item_meta,221,2026-08-15
3f,GPCC_stage2_select,load_item_emb_feat,item_emb_feat,221,2026-08-15
3f,GPCC_stage2_select,load_item_lgcn_embs,item_lgcn_embs,221,2026-08-15
3f,GPCC_stage3_interaction_feautre,load_interaction_feature,uifeature_mm_mrch_rsl_date,1,2026-08-15
3f,GPCC_stage3_interaction_feautre,load_interaction_feature,uifeature_mm_ts_card_pchs_date,1,2026-08-15
3f,GPCC_stage3_interaction_feautre,load_interaction_feature,uifeature_mm_pld_use_rsl_date,1,2026-08-15
3f,GPCC_stage3_interaction_feautre,load_interaction_feature,uifeature_ts_card_pchs,8612340,2026-08-15
3f,GPCC_stage3_interaction_feautre,load_interaction_feature,uifeature_cntn_mcno_all,761843,2026-08-15
3f,GPCC_stage3_interaction_feautre,load_interaction_feature,uifeature_cntn_mrch_spd,692763,2026-08-15
3f,GPCC_stage3_interaction_feautre,load_interaction_feature,uifeature_3rs_svc_bhve_mrt_v3,5336571,2026-08-15
3f,GPCC_stage3_interaction_feautre,load_interaction_feature,uifeature_csno,8965525,2026-08-15
3f,GPCC_stage3_interaction_feautre,load_interaction_feature,uifeature_rec_result,381073474,2026-08-15
3f,GPCC_stage3_interaction_feautre,load_interaction_feature,uifeature_cntn,221,2026-08-15
3f,GPCC_stage3_interaction_feautre,load_interaction_feature,uifeature_usr_cntn_hstr_usr,134815694,2026-08-15
3f,GPCC_stage3_interaction_feautre,load_interaction_feature,uifeature_usr_cntn_hstr_uc,237205384,2026-08-15
3f,GPCC_stage3_interaction_feautre,load_interaction_feature,uifeature_usr_cntn_hstr_ucm,156456737,2026-08-15
3f,GPCC_stage3_interaction_feautre,load_interaction_feature,uifeature_usr_cntn_hstr_ucc,115780901,2026-08-15
3f,GPCC_stage3_interaction_feautre,load_interaction_feature,uifeature_usr_cntn_hstr_uct,34727366,2026-08-15
3f,GPCC_stage3_interaction_feautre,load_interaction_feature,uifeature_usr_cntn_hstr_ucp,38922289,2026-08-15
3f,GPCC_stage3_interaction_feautre,load_rec_target,ft_rec_trgt,393146594,2026-08-15
3f,GPCC_stage3_interaction_feautre,unload_shared_ft_features,f13_cntn_tgps_bsis,393146594,2026-08-15
3f,GPCC_stage3_interaction_feautre,unload_shared_ft_features,f13_cntn_info,221,2026-08-15
3f,GPCC_stage3_interaction_feautre,unload_shared_ft_features,f13_cust_bhve_info,374076272,2026-08-15
3f,GPCC_stage4_post_proc,load_rec_result,rec_trgt,393146594,2026-08-15
3f,GPCC_stage4_post_proc,load_rec_result,ft_raw_result,381338059,2026-08-15
3f,GPCC_stage4_post_proc,load_rec_result,applied_contents,221,2026-08-15
3f,GPCC_stage4_post_proc,load_rec_result,applied_contents_type,221,2026-08-15
3f,gpcc_dd_transfer,unload_oo3f_rec_benefit_result,oo3f_rec_bnft_rslt,379871514,2026-08-15
3f,GPCC_mthly_rec_result,load_rec_target,rec_trgt,390167295,2026-08-16
3f,GPCC_stage1_item_feature,load_item_meta,camp_meta_with_mrch_cond,235,2026-08-16
3f,GPCC_stage1_item_feature,load_item_meta,mrch_grp_info,3192046,2026-08-16
3f,GPCC_stage1_item_feature,load_item_meta,mccb_cd,3225039,2026-08-16
3f,GPCC_stage1_item_feature,load_item_meta,mcno_spd_sary,2148560,2026-08-16
3f,GPCC_stage1_item_feature,load_item_meta,camp_meta,203,2026-08-16
3f,GPCC_stage1_item_feature,load_item_meta,ld_clm_ncob_clas_info,12522,2026-08-16
3f,GPCC_stage1_item_feature,load_item_meta,mrch_dict,3225955,2026-08-16
3f,GPCC_stage1_item_feature,load_item_meta,camp_meta_for_brd,203,2026-08-16
3f,GPCC_stage1_item_feature,load_item_meta,mrch_cond_meta_for_brd,235,2026-08-16
3f,GPCC_stage1_item_feature,load_item_meta,mccb_meta_for_brd,1875,2026-08-16
3f,GPCC_stage1_item_feature,load_item_meta,mrch_info_for_brd,3225039,2026-08-16
3f,GPCC_stage1_item_feature,load_item_meta,brnd_mcno_dict,5436692,2026-08-16
3f,GPCC_stage1_item_feature,load_item_meta,brnd_cndd_dict,21411,2026-08-16
3f,GPCC_stage1_item_feature,load_item_meta,brnd_ctgr_dict,864,2026-08-16
3f,GPCC_stage1_item_feature,load_item_meta,mccb_ctgr_dict,1417,2026-08-16
3f,GPCC_stage1_item_feature,load_log_parser,log_raw,425846165,2026-08-16
3f,GPCC_stage1_item_feature,load_log_parser,rec_result,396437800,2026-08-16
3f,GPCC_stage1_item_feature,load_log_parser,item_meta,203,2026-08-16
3f,GPCC_stage1_item_feature,load_item_feature,ifeature_ptag,2409499,2026-08-16
3f,GPCC_stage1_item_feature,load_item_feature,ifeature_mm_mrch_rsl_date,1,2026-08-16
3f,GPCC_stage1_item_feature,load_item_feature,ifeature_mm_ts_card_pchs_date,1,2026-08-16
3f,GPCC_stage1_item_feature,load_item_feature,feature_mm_pld_use_rsl_date,1,2026-08-16
3f,GPCC_stage1_item_feature,load_item_feature,ifeature_mrch_rsl_ftr,2148560,2026-08-16
3f,GPCC_stage1_item_feature,load_item_feature,ifeature_ts_card_pchs,8612340,2026-08-16
3f,GPCC_stage1_item_feature,load_item_feature,ifeature_sow_high,6231880,2026-08-16
3f,GPCC_stage2_select,load_user_features,user_features,5280992,2026-08-16
3f,GPCC_stage2_select,load_dv_features,dv_features,8579040,2026-08-16
3f,GPCC_stage2_select,load_user_lgcn_embs,user_lgcn_embs,8893536,2026-08-16
3f,GPCC_stage2_select,load_item_meta,item_meta,203,2026-08-16
3f,GPCC_stage2_select,load_item_emb_feat,item_emb_feat,203,2026-08-16
3f,GPCC_stage2_select,load_item_lgcn_embs,item_lgcn_embs,203,2026-08-16
3f,GPCC_stage3_interaction_feautre,load_interaction_feature,uifeature_mm_mrch_rsl_date,1,2026-08-16
3f,GPCC_stage3_interaction_feautre,load_interaction_feature,uifeature_mm_ts_card_pchs_date,1,2026-08-16
3f,GPCC_stage3_interaction_feautre,load_interaction_feature,uifeature_mm_pld_use_rsl_date,1,2026-08-16
3f,GPCC_stage3_interaction_feautre,load_interaction_feature,uifeature_ts_card_pchs,8612340,2026-08-16
3f,GPCC_stage3_interaction_feautre,load_interaction_feature,uifeature_cntn_mcno_all,696417,2026-08-16
3f,GPCC_stage3_interaction_feautre,load_interaction_feature,uifeature_cntn_mrch_spd,638892,2026-08-16
3f,GPCC_stage3_interaction_feautre,load_interaction_feature,uifeature_3rs_svc_bhve_mrt_v3,5280992,2026-08-16
3f,GPCC_stage3_interaction_feautre,load_interaction_feature,uifeature_csno,8941667,2026-08-16
3f,GPCC_stage3_interaction_feautre,load_interaction_feature,uifeature_rec_result,396252472,2026-08-16
3f,GPCC_stage3_interaction_feautre,load_interaction_feature,uifeature_cntn,203,2026-08-16
3f,GPCC_stage3_interaction_feautre,load_interaction_feature,uifeature_usr_cntn_hstr_usr,131275865,2026-08-16
3f,GPCC_stage3_interaction_feautre,load_interaction_feature,uifeature_usr_cntn_hstr_uc,235265962,2026-08-16
3f,GPCC_stage3_interaction_feautre,load_interaction_feature,uifeature_usr_cntn_hstr_ucm,152609418,2026-08-16
3f,GPCC_stage3_interaction_feautre,load_interaction_feature,uifeature_usr_cntn_hstr_ucc,115997101,2026-08-16
3f,GPCC_stage3_interaction_feautre,load_interaction_feature,uifeature_usr_cntn_hstr_uct,34184581,2026-08-16
3f,GPCC_stage3_interaction_feautre,load_interaction_feature,uifeature_usr_cntn_hstr_ucp,38223286,2026-08-16
3f,GPCC_stage3_interaction_feautre,load_rec_target,ft_rec_trgt,390167295,2026-08-16
3f,GPCC_stage3_interaction_feautre,unload_shared_ft_features,f13_cntn_tgps_bsis,390167295,2026-08-16
3f,GPCC_stage3_interaction_feautre,unload_shared_ft_features,f13_cntn_info,203,2026-08-16
3f,GPCC_stage3_interaction_feautre,unload_shared_ft_features,f13_cust_bhve_info,388404185,2026-08-16
3f,GPCC_stage4_post_proc,load_rec_result,rec_trgt,390167295,2026-08-16
3f,GPCC_stage4_post_proc,load_rec_result,ft_raw_result,396688005,2026-08-16
3f,GPCC_stage4_post_proc,load_rec_result,applied_contents,203,2026-08-16
3f,GPCC_stage4_post_proc,load_rec_result,applied_contents_type,203,2026-08-16
3f,gpcc_dd_transfer,unload_oo3f_rec_benefit_result,oo3f_rec_bnft_rslt,396037310,2026-08-16
3f,GPCC_mthly_rec_result,load_rec_target,rec_trgt,391010247,2026-08-17
3f,GPCC_stage1_item_feature,load_item_meta,camp_meta_with_mrch_cond,245,2026-08-17
3f,GPCC_stage1_item_feature,load_item_meta,mrch_grp_info,3195042,2026-08-17
3f,GPCC_stage1_item_feature,load_item_meta,mccb_cd,3225678,2026-08-17
3f,GPCC_stage1_item_feature,load_item_meta,mcno_spd_sary,2148560,2026-08-17
3f,GPCC_stage1_item_feature,load_item_meta,camp_meta,217,2026-08-17
3f,GPCC_stage1_item_feature,load_item_meta,ld_clm_ncob_clas_info,12524,2026-08-17
3f,GPCC_stage1_item_feature,load_item_meta,mrch_dict,3225008,2026-08-17
3f,GPCC_stage1_item_feature,load_item_meta,camp_meta_for_brd,217,2026-08-17
3f,GPCC_stage1_item_feature,load_item_meta,mrch_cond_meta_for_brd,245,2026-08-17
3f,GPCC_stage1_item_feature,load_item_meta,mccb_meta_for_brd,1875,2026-08-17
3f,GPCC_stage1_item_feature,load_item_meta,mrch_info_for_brd,3225678,2026-08-17
3f,GPCC_stage1_item_feature,load_item_meta,brnd_mcno_dict,5435472,2026-08-17
3f,GPCC_stage1_item_feature,load_item_meta,brnd_cndd_dict,21411,2026-08-17
3f,GPCC_stage1_item_feature,load_item_meta,brnd_ctgr_dict,864,2026-08-17
3f,GPCC_stage1_item_feature,load_item_meta,mccb_ctgr_dict,1416,2026-08-17
3f,GPCC_stage1_item_feature,load_log_parser,log_raw,529719985,2026-08-17
3f,GPCC_stage1_item_feature,load_log_parser,rec_result,383025701,2026-08-17
3f,GPCC_stage1_item_feature,load_log_parser,item_meta,217,2026-08-17
3f,GPCC_stage1_item_feature,load_item_feature,ifeature_ptag,2410825,2026-08-17
3f,GPCC_stage1_item_feature,load_item_feature,ifeature_mm_mrch_rsl_date,1,2026-08-17
3f,GPCC_stage1_item_feature,load_item_feature,ifeature_mm_ts_card_pchs_date,1,2026-08-17
3f,GPCC_stage1_item_feature,load_item_feature,feature_mm_pld_use_rsl_date,1,2026-08-17
3f,GPCC_stage1_item_feature,load_item_feature,ifeature_mrch_rsl_ftr,2148560,2026-08-17
3f,GPCC_stage1_item_feature,load_item_feature,ifeature_ts_card_pchs,8612340,2026-08-17
3f,GPCC_stage1_item_feature,load_item_feature,ifeature_sow_high,6231880,2026-08-17
3f,GPCC_stage2_select,load_user_features,user_features,6661280,2026-08-17
3f,GPCC_stage2_select,load_dv_features,dv_features,8605705,2026-08-17
3f,GPCC_stage2_select,load_user_lgcn_embs,user_lgcn_embs,8884228,2026-08-17
3f,GPCC_stage2_select,load_item_meta,item_meta,217,2026-08-17
3f,GPCC_stage2_select,load_item_emb_feat,item_emb_feat,217,2026-08-17
3f,GPCC_stage2_select,load_item_lgcn_embs,item_lgcn_embs,217,2026-08-17
3f,GPCC_stage3_interaction_feautre,load_interaction_feature,uifeature_mm_mrch_rsl_date,1,2026-08-17
3f,GPCC_stage3_interaction_feautre,load_interaction_feature,uifeature_mm_ts_card_pchs_date,1,2026-08-17
3f,GPCC_stage3_interaction_feautre,load_interaction_feature,uifeature_mm_pld_use_rsl_date,1,2026-08-17
3f,GPCC_stage3_interaction_feautre,load_interaction_feature,uifeature_ts_card_pchs,8612340,2026-08-17
3f,GPCC_stage3_interaction_feautre,load_interaction_feature,uifeature_cntn_mcno_all,735266,2026-08-17
3f,GPCC_stage3_interaction_feautre,load_interaction_feature,uifeature_cntn_mrch_spd,681653,2026-08-17
3f,GPCC_stage3_interaction_feautre,load_interaction_feature,uifeature_3rs_svc_bhve_mrt_v3,6661280,2026-08-17
3f,GPCC_stage3_interaction_feautre,load_interaction_feature,uifeature_csno,8957984,2026-08-17
3f,GPCC_stage3_interaction_feautre,load_interaction_feature,uifeature_rec_result,382198694,2026-08-17
3f,GPCC_stage3_interaction_feautre,load_interaction_feature,uifeature_cntn,217,2026-08-17
3f,GPCC_stage3_interaction_feautre,load_interaction_feature,uifeature_usr_cntn_hstr_usr,165631552,2026-08-17
3f,GPCC_stage3_interaction_feautre,load_interaction_feature,uifeature_usr_cntn_hstr_uc,290655169,2026-08-17
3f,GPCC_stage3_interaction_feautre,load_interaction_feature,uifeature_usr_cntn_hstr_ucm,189333336,2026-08-17
3f,GPCC_stage3_interaction_feautre,load_interaction_feature,uifeature_usr_cntn_hstr_ucc,141990423,2026-08-17
3f,GPCC_stage3_interaction_feautre,load_interaction_feature,uifeature_usr_cntn_hstr_uct,42186097,2026-08-17
3f,GPCC_stage3_interaction_feautre,load_interaction_feature,uifeature_usr_cntn_hstr_ucp,47999128,2026-08-17
3f,GPCC_stage3_interaction_feautre,load_rec_target,ft_rec_trgt,391010247,2026-08-17
3f,GPCC_stage3_interaction_feautre,unload_shared_ft_features,f13_cntn_tgps_bsis,391010247,2026-08-17
3f,GPCC_stage3_interaction_feautre,unload_shared_ft_features,f13_cntn_info,217,2026-08-17
3f,GPCC_stage3_interaction_feautre,unload_shared_ft_features,f13_cust_bhve_info,375790896,2026-08-17
3f,GPCC_stage4_post_proc,load_rec_result,rec_trgt,391010247,2026-08-17
3f,GPCC_stage4_post_proc,load_rec_result,ft_raw_result,382836214,2026-08-17
3f,GPCC_stage4_post_proc,load_rec_result,applied_contents,217,2026-08-17
3f,GPCC_stage4_post_proc,load_rec_result,applied_contents_type,217,2026-08-17
3f,GPCC_train,load_user_features_inf,user_features_inf,6661280,2026-08-17
3f,GPCC_train,load_user_features,user_features,162737536,2026-08-17
3f,GPCC_train,load_item_emb_feat,item_emb_feat,217,2026-08-17
3f,GPCC_train,load_item_meta,item_meta,217,2026-08-17
3f,GPCC_train,load_interaction,interaction,374644149,2026-08-17
3f,gpcc_dd_transfer,unload_oo3f_rec_benefit_result,oo3f_rec_bnft_rslt,381848001,2026-08-17
3f,GPCC_mthly_rec_result,load_rec_target,rec_trgt,392111898,2026-08-18
3f,GPCC_stage1_item_feature,load_item_meta,camp_meta_with_mrch_cond,240,2026-08-18
3f,GPCC_stage1_item_feature,load_item_meta,mrch_grp_info,3195454,2026-08-18
3f,GPCC_stage1_item_feature,load_item_meta,mccb_cd,3225651,2026-08-18
3f,GPCC_stage1_item_feature,load_item_meta,mcno_spd_sary,2148560,2026-08-18
3f,GPCC_stage1_item_feature,load_item_meta,camp_meta,185,2026-08-18
3f,GPCC_stage1_item_feature,load_item_meta,ld_clm_ncob_clas_info,12519,2026-08-18
3f,GPCC_stage1_item_feature,load_item_meta,mrch_dict,3226422,2026-08-18
3f,GPCC_stage1_item_feature,load_item_meta,camp_meta_for_brd,185,2026-08-18
3f,GPCC_stage1_item_feature,load_item_meta,mrch_cond_meta_for_brd,240,2026-08-18
3f,GPCC_stage1_item_feature,load_item_meta,mccb_meta_for_brd,1876,2026-08-18
3f,GPCC_stage1_item_feature,load_item_meta,mrch_info_for_brd,3225651,2026-08-18
3f,GPCC_stage1_item_feature,load_item_meta,brnd_mcno_dict,5436038,2026-08-18
3f,GPCC_stage1_item_feature,load_item_meta,brnd_cndd_dict,21425,2026-08-18
3f,GPCC_stage1_item_feature,load_item_meta,brnd_ctgr_dict,864,2026-08-18
3f,GPCC_stage1_item_feature,load_item_meta,mccb_ctgr_dict,1417,2026-08-18
3f,GPCC_stage1_item_feature,load_log_parser,log_raw,497305624,2026-08-18
3f,GPCC_stage1_item_feature,load_log_parser,rec_result,385016531,2026-08-18
3f,GPCC_stage1_item_feature,load_log_parser,item_meta,185,2026-08-18
3f,GPCC_stage1_item_feature,load_item_feature,ifeature_ptag,2410174,2026-08-18
3f,GPCC_stage1_item_feature,load_item_feature,ifeature_mm_mrch_rsl_date,1,2026-08-18
3f,GPCC_stage1_item_feature,load_item_feature,ifeature_mm_ts_card_pchs_date,1,2026-08-18
3f,GPCC_stage1_item_feature,load_item_feature,feature_mm_pld_use_rsl_date,1,2026-08-18
3f,GPCC_stage1_item_feature,load_item_feature,ifeature_mrch_rsl_ftr,2148560,2026-08-18
3f,GPCC_stage1_item_feature,load_item_feature,ifeature_ts_card_pchs,8612340,2026-08-18
3f,GPCC_stage1_item_feature,load_item_feature,ifeature_sow_high,6231880,2026-08-18
3f,GPCC_stage2_select,load_user_features,user_features,6349153,2026-08-18
3f,GPCC_stage2_select,load_dv_features,dv_features,8830368,2026-08-18
3f,GPCC_stage2_select,load_user_lgcn_embs,user_lgcn_embs,8890496,2026-08-18
3f,GPCC_stage2_select,load_item_meta,item_meta,185,2026-08-18
3f,GPCC_stage2_select,load_item_emb_feat,item_emb_feat,185,2026-08-18
3f,GPCC_stage2_select,load_item_lgcn_embs,item_lgcn_embs,185,2026-08-18
3f,GPCC_stage3_interaction_feautre,load_interaction_feature,uifeature_mm_mrch_rsl_date,1,2026-08-18
3f,GPCC_stage3_interaction_feautre,load_interaction_feature,uifeature_mm_ts_card_pchs_date,1,2026-08-18
3f,GPCC_stage3_interaction_feautre,load_interaction_feature,uifeature_mm_pld_use_rsl_date,1,2026-08-18
3f,GPCC_stage3_interaction_feautre,load_interaction_feature,uifeature_ts_card_pchs,8612340,2026-08-18
3f,GPCC_stage3_interaction_feautre,load_interaction_feature,uifeature_cntn_mcno_all,629164,2026-08-18
3f,GPCC_stage3_interaction_feautre,load_interaction_feature,uifeature_cntn_mrch_spd,565605,2026-08-18
3f,GPCC_stage3_interaction_feautre,load_interaction_feature,uifeature_3rs_svc_bhve_mrt_v3,6349153,2026-08-18
3f,GPCC_stage3_interaction_feautre,load_interaction_feature,uifeature_csno,8959419,2026-08-18
3f,GPCC_stage3_interaction_feautre,load_interaction_feature,uifeature_rec_result,384955573,2026-08-18
3f,GPCC_stage3_interaction_feautre,load_interaction_feature,uifeature_cntn,185,2026-08-18
3f,GPCC_stage3_interaction_feautre,load_interaction_feature,uifeature_usr_cntn_hstr_usr,152984892,2026-08-18
3f,GPCC_stage3_interaction_feautre,load_interaction_feature,uifeature_usr_cntn_hstr_uc,272635074,2026-08-18
3f,GPCC_stage3_interaction_feautre,load_interaction_feature,uifeature_usr_cntn_hstr_ucm,178445343,2026-08-18
3f,GPCC_stage3_interaction_feautre,load_interaction_feature,uifeature_usr_cntn_hstr_ucc,134997542,2026-08-18
3f,GPCC_stage3_interaction_feautre,load_interaction_feature,uifeature_usr_cntn_hstr_uct,39917930,2026-08-18
3f,GPCC_stage3_interaction_feautre,load_interaction_feature,uifeature_usr_cntn_hstr_ucp,44856637,2026-08-18
3f,GPCC_stage3_interaction_feautre,load_rec_target,ft_rec_trgt,392111898,2026-08-18
3f,GPCC_stage3_interaction_feautre,unload_shared_ft_features,f13_cntn_tgps_bsis,392111898,2026-08-18
3f,GPCC_stage3_interaction_feautre,unload_shared_ft_features,f13_cntn_info,185,2026-08-18
3f,GPCC_stage3_interaction_feautre,unload_shared_ft_features,f13_cust_bhve_info,377601467,2026-08-18
3f,GPCC_stage4_post_proc,load_rec_result,rec_trgt,392111898,2026-08-18
3f,GPCC_stage4_post_proc,load_rec_result,ft_raw_result,385951244,2026-08-18
3f,GPCC_stage4_post_proc,load_rec_result,applied_contents,185,2026-08-18
3f,GPCC_stage4_post_proc,load_rec_result,applied_contents_type,185,2026-08-18
3f,gpcc_dd_transfer,unload_oo3f_rec_benefit_result,oo3f_rec_bnft_rslt,385583363,2026-08-18
3f,GPCC_mthly_rec_result,load_rec_target,rec_trgt,393287094,2026-08-19
3f,GPCC_stage1_item_feature,load_item_meta,camp_meta_with_mrch_cond,224,2026-08-19
3f,GPCC_stage1_item_feature,load_item_meta,mrch_grp_info,3196111,2026-08-19
3f,GPCC_stage1_item_feature,load_item_meta,mccb_cd,3227163,2026-08-19
3f,GPCC_stage1_item_feature,load_item_meta,mcno_spd_sary,2148560,2026-08-19
3f,GPCC_stage1_item_feature,load_item_meta,camp_meta,168,2026-08-19
3f,GPCC_stage1_item_feature,load_item_meta,ld_clm_ncob_clas_info,12527,2026-08-19
3f,GPCC_stage1_item_feature,load_item_meta,mrch_dict,3225518,2026-08-19
3f,GPCC_stage1_item_feature,load_item_meta,camp_meta_for_brd,168,2026-08-19
3f,GPCC_stage1_item_feature,load_item_meta,mrch_cond_meta_for_brd,224,2026-08-19
3f,GPCC_stage1_item_feature,load_item_meta,mccb_meta_for_brd,1876,2026-08-19
3f,GPCC_stage1_item_feature,load_item_meta,mrch_info_for_brd,3227163,2026-08-19
3f,GPCC_stage1_item_feature,load_item_meta,brnd_mcno_dict,5437092,2026-08-19
3f,GPCC_stage1_item_feature,load_item_meta,brnd_cndd_dict,21419,2026-08-19
3f,GPCC_stage1_item_feature,load_item_meta,brnd_ctgr_dict,865,2026-08-19
3f,GPCC_stage1_item_feature,load_item_meta,mccb_ctgr_dict,1417,2026-08-19
3f,GPCC_stage1_item_feature,load_log_parser,log_raw,521266004,2026-08-19
3f,GPCC_stage1_item_feature,load_log_parser,rec_result,398173762,2026-08-19
3f,GPCC_stage1_item_feature,load_log_parser,item_meta,168,2026-08-19
3f,GPCC_stage1_item_feature,load_item_feature,ifeature_ptag,2410181,2026-08-19
3f,GPCC_stage1_item_feature,load_item_feature,ifeature_mm_mrch_rsl_date,1,2026-08-19
3f,GPCC_stage1_item_feature,load_item_feature,ifeature_mm_ts_card_pchs_date,1,2026-08-19
3f,GPCC_stage1_item_feature,load_item_feature,feature_mm_pld_use_rsl_date,1,2026-08-19
3f,GPCC_stage1_item_feature,load_item_feature,ifeature_mrch_rsl_ftr,2148560,2026-08-19
3f,GPCC_stage1_item_feature,load_item_feature,ifeature_ts_card_pchs,8612340,2026-08-19
3f,GPCC_stage1_item_feature,load_item_feature,ifeature_sow_high,6231880,2026-08-19
3f,GPCC_stage2_select,load_user_features,user_features,6730807,2026-08-19
3f,GPCC_stage2_select,load_dv_features,dv_features,8685685,2026-08-19
3f,GPCC_stage2_select,load_user_lgcn_embs,user_lgcn_embs,8906839,2026-08-19
3f,GPCC_stage2_select,load_item_meta,item_meta,168,2026-08-19
3f,GPCC_stage2_select,load_item_emb_feat,item_emb_feat,168,2026-08-19
3f,GPCC_stage2_select,load_item_lgcn_embs,item_lgcn_embs,168,2026-08-19
3f,GPCC_stage3_interaction_feautre,load_interaction_feature,uifeature_mm_mrch_rsl_date,1,2026-08-19
3f,GPCC_stage3_interaction_feautre,load_interaction_feature,uifeature_mm_ts_card_pchs_date,1,2026-08-19
3f,GPCC_stage3_interaction_feautre,load_interaction_feature,uifeature_mm_pld_use_rsl_date,1,2026-08-19
3f,GPCC_stage3_interaction_feautre,load_interaction_feature,uifeature_ts_card_pchs,8612340,2026-08-19
3f,GPCC_stage3_interaction_feautre,load_interaction_feature,uifeature_cntn_mcno_all,564710,2026-08-19
3f,GPCC_stage3_interaction_feautre,load_interaction_feature,uifeature_cntn_mrch_spd,518607,2026-08-19
3f,GPCC_stage3_interaction_feautre,load_interaction_feature,uifeature_3rs_svc_bhve_mrt_v3,6730807,2026-08-19
3f,GPCC_stage3_interaction_feautre,load_interaction_feature,uifeature_csno,8940261,2026-08-19
3f,GPCC_stage3_interaction_feautre,load_interaction_feature,uifeature_rec_result,397910238,2026-08-19
3f,GPCC_stage3_interaction_feautre,load_interaction_feature,uifeature_cntn,168,2026-08-19
3f,GPCC_stage3_interaction_feautre,load_interaction_feature,uifeature_usr_cntn_hstr_usr,161618870,2026-08-19
3f,GPCC_stage3_interaction_feautre,load_interaction_feature,uifeature_usr_cntn_hstr_uc,287356655,2026-08-19
3f,GPCC_stage3_interaction_feautre,load_interaction_feature,uifeature_usr_cntn_hstr_ucm,186443161,2026-08-19
3f,GPCC_stage3_interaction_feautre,load_interaction_feature,uifeature_usr_cntn_hstr_ucc,140396080,2026-08-19
3f,GPCC_stage3_interaction_feautre,load_interaction_feature,uifeature_usr_cntn_hstr_uct,42064971,2026-08-19
3f,GPCC_stage3_interaction_feautre,load_interaction_feature,uifeature_usr_cntn_hstr_ucp,46541409,2026-08-19
3f,GPCC_stage3_interaction_feautre,load_rec_target,ft_rec_trgt,393287094,2026-08-19
3f,GPCC_stage3_interaction_feautre,unload_shared_ft_features,f13_cntn_tgps_bsis,393287094,2026-08-19
3f,GPCC_stage3_interaction_feautre,unload_shared_ft_features,f13_cntn_info,168,2026-08-19
3f,GPCC_stage3_interaction_feautre,unload_shared_ft_features,f13_cust_bhve_info,389677734,2026-08-19
3f,GPCC_stage4_post_proc,load_rec_result,rec_trgt,393287094,2026-08-19
3f,GPCC_stage4_post_proc,load_rec_result,ft_raw_result,397882897,2026-08-19
3f,GPCC_stage4_post_proc,load_rec_result,applied_contents,168,2026-08-19
3f,GPCC_stage4_post_proc,load_rec_result,applied_contents_type,168,2026-08-19
3f,gpcc_dd_transfer,unload_oo3f_rec_benefit_result,oo3f_rec_bnft_rslt,396747129,2026-08-19
3f,GPCC_mthly_rec_result,load_rec_target,rec_trgt,394417135,2026-08-20
3f,GPCC_stage1_item_feature,load_item_meta,camp_meta_with_mrch_cond,240,2026-08-20
3f,GPCC_stage1_item_feature,load_item_meta,mrch_grp_info,3194944,2026-08-20
3f,GPCC_stage1_item_feature,load_item_meta,mccb_cd,3228347,2026-08-20
3f,GPCC_stage1_item_feature,load_item_meta,mcno_spd_sary,2148560,2026-08-20
3f,GPCC_stage1_item_feature,load_item_meta,camp_meta,245,2026-08-20
3f,GPCC_stage1_item_feature,load_item_meta,ld_clm_ncob_clas_info,12530,2026-08-20
3f,GPCC_stage1_item_feature,load_item_meta,mrch_dict,3227438,2026-08-20
3f,GPCC_stage1_item_feature,load_item_meta,camp_meta_for_brd,245,2026-08-20
3f,GPCC_stage1_item_feature,load_item_meta,mrch_cond_meta_for_brd,240,2026-08-20
3f,GPCC_stage1_item_feature,load_item_meta,mccb_meta_for_brd,1877,2026-08-20
3f,GPCC_stage1_item_feature,load_item_meta,mrch_info_for_brd,3228347,2026-08-20
3f,GPCC_stage1_item_feature,load_item_meta,brnd_mcno_dict,5440136,2026-08-20
3f,GPCC_stage1_item_feature,load_item_meta,brnd_cndd_dict,21422,2026-08-20
3f,GPCC_stage1_item_feature,load_item_meta,brnd_ctgr_dict,865,2026-08-20
3f,GPCC_stage1_item_feature,load_item_meta,mccb_ctgr_dict,1418,2026-08-20
3f,GPCC_stage1_item_feature,load_log_parser,log_raw,244661695,2026-08-20
3f,GPCC_stage1_item_feature,load_log_parser,rec_result,390959720,2026-08-20
3f,GPCC_stage1_item_feature,load_log_parser,item_meta,245,2026-08-20
3f,GPCC_stage1_item_feature,load_item_feature,ifeature_ptag,2410392,2026-08-20
3f,GPCC_stage1_item_feature,load_item_feature,ifeature_mm_mrch_rsl_date,1,2026-08-20
3f,GPCC_stage1_item_feature,load_item_feature,ifeature_mm_ts_card_pchs_date,1,2026-08-20
3f,GPCC_stage1_item_feature,load_item_feature,feature_mm_pld_use_rsl_date,1,2026-08-20
3f,GPCC_stage1_item_feature,load_item_feature,ifeature_mrch_rsl_ftr,2148560,2026-08-20
3f,GPCC_stage1_item_feature,load_item_feature,ifeature_ts_card_pchs,8612340,2026-08-20
3f,GPCC_stage1_item_feature,load_item_feature,ifeature_sow_high,6231880,2026-08-20
3f,GPCC_stage2_select,load_user_features,user_features,3043906,2026-08-20
3f,GPCC_stage2_select,load_dv_features,dv_features,8730816,2026-08-20
3f,GPCC_stage2_select,load_user_lgcn_embs,user_lgcn_embs,8909513,2026-08-20
3f,GPCC_stage2_select,load_item_meta,item_meta,245,2026-08-20
3f,GPCC_stage2_select,load_item_emb_feat,item_emb_feat,245,2026-08-20
3f,GPCC_stage2_select,load_item_lgcn_embs,item_lgcn_embs,245,2026-08-20
3f,GPCC_stage3_interaction_feautre,load_interaction_feature,uifeature_mm_mrch_rsl_date,1,2026-08-20
3f,GPCC_stage3_interaction_feautre,load_interaction_feature,uifeature_mm_ts_card_pchs_date,1,2026-08-20
3f,GPCC_stage3_interaction_feautre,load_interaction_feature,uifeature_mm_pld_use_rsl_date,1,2026-08-20
3f,GPCC_stage3_interaction_feautre,load_interaction_feature,uifeature_ts_card_pchs,8612340,2026-08-20
3f,GPCC_stage3_interaction_feautre,load_interaction_feature,uifeature_cntn_mcno_all,837777,2026-08-20
3f,GPCC_stage3_interaction_feautre,load_interaction_feature,uifeature_cntn_mrch_spd,749701,2026-08-20
3f,GPCC_stage3_interaction_feautre,load_interaction_feature,uifeature_3rs_svc_bhve_mrt_v3,3043906,2026-08-20
3f,GPCC_stage3_interaction_feautre,load_interaction_feature,uifeature_csno,8952035,2026-08-20
3f,GPCC_stage3_interaction_feautre,load_interaction_feature,uifeature_rec_result,391185965,2026-08-20
3f,GPCC_stage3_interaction_feautre,load_interaction_feature,uifeature_cntn,245,2026-08-20
3f,GPCC_stage3_interaction_feautre,load_interaction_feature,uifeature_usr_cntn_hstr_usr,75523026,2026-08-20
3f,GPCC_stage3_interaction_feautre,load_interaction_feature,uifeature_usr_cntn_hstr_uc,135087542,2026-08-20
3f,GPCC_stage3_interaction_feautre,load_interaction_feature,uifeature_usr_cntn_hstr_ucm,88755825,2026-08-20
3f,GPCC_stage3_interaction_feautre,load_interaction_feature,uifeature_usr_cntn_hstr_ucc,66349907,2026-08-20
3f,GPCC_stage3_interaction_feautre,load_interaction_feature,uifeature_usr_cntn_hstr_uct,19619043,2026-08-20
3f,GPCC_stage3_interaction_feautre,load_interaction_feature,uifeature_usr_cntn_hstr_ucp,22136554,2026-08-20
3f,GPCC_stage3_interaction_feautre,load_rec_target,ft_rec_trgt,394417135,2026-08-20
3f,GPCC_stage3_interaction_feautre,unload_shared_ft_features,f13_cntn_tgps_bsis,394417135,2026-08-20
3f,GPCC_stage3_interaction_feautre,unload_shared_ft_features,f13_cntn_info,245,2026-08-20
3f,GPCC_stage3_interaction_feautre,unload_shared_ft_features,f13_cust_bhve_info,383549687,2026-08-20
3f,GPCC_stage4_post_proc,load_rec_result,rec_trgt,394417135,2026-08-20
3f,GPCC_stage4_post_proc,load_rec_result,ft_raw_result,391717230,2026-08-20
3f,GPCC_stage4_post_proc,load_rec_result,applied_contents,245,2026-08-20
3f,GPCC_stage4_post_proc,load_rec_result,applied_contents_type,245,2026-08-20
3f,GPCC_train,load_user_features_inf,user_features_inf,3043906,2026-08-20
3f,GPCC_train,load_user_features,user_features,75822382,2026-08-20
3f,GPCC_train,load_item_emb_feat,item_emb_feat,245,2026-08-20
3f,GPCC_train,load_item_meta,item_meta,245,2026-08-20
3f,GPCC_train,load_interaction,interaction,383625841,2026-08-20
3f,gpcc_dd_transfer,unload_oo3f_rec_benefit_result,oo3f_rec_bnft_rslt,390465179,2026-08-20
3f,GPCC_mthly_rec_result,load_rec_target,rec_trgt,392895355,2026-08-21
3f,GPCC_stage1_item_feature,load_item_meta,camp_meta_with_mrch_cond,156,2026-08-21
3f,GPCC_stage1_item_feature,load_item_meta,mrch_grp_info,3196640,2026-08-21
3f,GPCC_stage1_item_feature,load_item_meta,mccb_cd,3227621,2026-08-21
3f,GPCC_stage1_item_feature,load_item_meta,mcno_spd_sary,2148560,2026-08-21
3f,GPCC_stage1_item_feature,load_item_meta,camp_meta,173,2026-08-21
3f,GPCC_stage1_item_feature,load_item_meta,ld_clm_ncob_clas_info,12535,2026-08-21
3f,GPCC_stage1_item_feature,load_item_meta,mrch_dict,3226440,2026-08-21
3f,GPCC_stage1_item_feature,load_item_meta,camp_meta_for_brd,173,2026-08-21
3f,GPCC_stage1_item_feature,load_item_meta,mrch_cond_meta_for_brd,156,2026-08-21
3f,GPCC_stage1_item_feature,load_item_meta,mccb_meta_for_brd,1876,2026-08-21
3f,GPCC_stage1_item_feature,load_item_meta,mrch_info_for_brd,3227621,2026-08-21
3f,GPCC_stage1_item_feature,load_item_meta,brnd_mcno_dict,5441498,2026-08-21
3f,GPCC_stage1_item_feature,load_item_meta,brnd_cndd_dict,21432,2026-08-21
3f,GPCC_stage1_item_feature,load_item_meta,brnd_ctgr_dict,865,2026-08-21
3f,GPCC_stage1_item_feature,load_item_meta,mccb_ctgr_dict,1418,2026-08-21
3f,GPCC_stage1_item_feature,load_log_parser,log_raw,521710015,2026-08-21
3f,GPCC_stage1_item_feature,load_log_parser,rec_result,382365028,2026-08-21
3f,GPCC_stage1_item_feature,load_log_parser,item_meta,173,2026-08-21
3f,GPCC_stage1_item_feature,load_item_feature,ifeature_ptag,2410781,2026-08-21
3f,GPCC_stage1_item_feature,load_item_feature,ifeature_mm_mrch_rsl_date,1,2026-08-21
3f,GPCC_stage1_item_feature,load_item_feature,ifeature_mm_ts_card_pchs_date,1,2026-08-21
3f,GPCC_stage1_item_feature,load_item_feature,feature_mm_pld_use_rsl_date,1,2026-08-21
3f,GPCC_stage1_item_feature,load_item_feature,ifeature_mrch_rsl_ftr,2148560,2026-08-21
3f,GPCC_stage1_item_feature,load_item_feature,ifeature_ts_card_pchs,8612340,2026-08-21
3f,GPCC_stage1_item_feature,load_item_feature,ifeature_sow_high,6231880,2026-08-21
3f,GPCC_stage2_select,load_user_features,user_features,6595557,2026-08-21
3f,GPCC_stage2_select,load_dv_features,dv_features,8679428,2026-08-21
3f,GPCC_stage2_select,load_user_lgcn_embs,user_lgcn_embs,8892811,2026-08-21
3f,GPCC_stage2_select,load_item_meta,item_meta,173,2026-08-21
3f,GPCC_stage2_select,load_item_emb_feat,item_emb_feat,173,2026-08-21
3f,GPCC_stage2_select,load_item_lgcn_embs,item_lgcn_embs,173,2026-08-21
3f,GPCC_stage3_interaction_feautre,load_interaction_feature,uifeature_mm_mrch_rsl_date,1,2026-08-21
3f,GPCC_stage3_interaction_feautre,load_interaction_feature,uifeature_mm_ts_card_pchs_date,1,2026-08-21
3f,GPCC_stage3_interaction_feautre,load_interaction_feature,uifeature_mm_pld_use_rsl_date,1,2026-08-21
3f,GPCC_stage3_interaction_feautre,load_interaction_feature,uifeature_ts_card_pchs,8612340,2026-08-21
3f,GPCC_stage3_interaction_feautre,load_interaction_feature,uifeature_cntn_mcno_all,592497,2026-08-21
3f,GPCC_stage3_interaction_feautre,load_interaction_feature,uifeature_cntn_mrch_spd,544675,2026-08-21
3f,GPCC_stage3_interaction_feautre,load_interaction_feature,uifeature_3rs_svc_bhve_mrt_v3,6595557,2026-08-21
3f,GPCC_stage3_interaction_feautre,load_interaction_feature,uifeature_csno,8952838,2026-08-21
3f,GPCC_stage3_interaction_feautre,load_interaction_feature,uifeature_rec_result,382892788,2026-08-21
3f,GPCC_stage3_interaction_feautre,load_interaction_feature,uifeature_cntn,173,2026-08-21
3f,GPCC_stage3_interaction_feautre,load_interaction_feature,uifeature_usr_cntn_hstr_usr,160915391,2026-08-21
3f,GPCC_stage3_interaction_feautre,load_interaction_feature,uifeature_usr_cntn_hstr_uc,288429938,2026-08-21
3f,GPCC_stage3_interaction_feautre,load_interaction_feature,uifeature_usr_cntn_hstr_ucm,187941394,2026-08-21
3f,GPCC_stage3_interaction_feautre,load_interaction_feature,uifeature_usr_cntn_hstr_ucc,141629254,2026-08-21
3f,GPCC_stage3_interaction_feautre,load_interaction_feature,uifeature_usr_cntn_hstr_uct,42065408,2026-08-21
3f,GPCC_stage3_interaction_feautre,load_interaction_feature,uifeature_usr_cntn_hstr_ucp,46918586,2026-08-21
3f,GPCC_stage3_interaction_feautre,load_rec_target,ft_rec_trgt,392895355,2026-08-21
3f,GPCC_stage3_interaction_feautre,unload_shared_ft_features,f13_cntn_tgps_bsis,392895355,2026-08-21
3f,GPCC_stage3_interaction_feautre,unload_shared_ft_features,f13_cntn_info,173,2026-08-21
3f,GPCC_stage3_interaction_feautre,unload_shared_ft_features,f13_cust_bhve_info,374355284,2026-08-21
3f,GPCC_stage4_post_proc,load_rec_result,rec_trgt,392895355,2026-08-21
3f,GPCC_stage4_post_proc,load_rec_result,ft_raw_result,382572305,2026-08-21
3f,GPCC_stage4_post_proc,load_rec_result,applied_contents,173,2026-08-21
3f,GPCC_stage4_post_proc,load_rec_result,applied_contents_type,173,2026-08-21
3f,gpcc_dd_transfer,unload_oo3f_rec_benefit_result,oo3f_rec_bnft_rslt,381454588,2026-08-21
3f,GPCC_mthly_rec_result,load_rec_target,rec_trgt,399735329,2026-08-22
3f,GPCC_stage1_item_feature,load_item_meta,camp_meta_with_mrch_cond,225,2026-08-22
3f,GPCC_stage1_item_feature,load_item_meta,mrch_grp_info,3197412,2026-08-22
3f,GPCC_stage1_item_feature,load_item_meta,mccb_cd,3227610,2026-08-22
3f,GPCC_stage1_item_feature,load_item_meta,mcno_spd_sary,2148560,2026-08-22
3f,GPCC_stage1_item_feature,load_item_meta,camp_meta,154,2026-08-22
3f,GPCC_stage1_item_feature,load_item_meta,ld_clm_ncob_clas_info,12529,2026-08-22
3f,GPCC_stage1_item_feature,load_item_meta,mrch_dict,3229812,2026-08-22
3f,GPCC_stage1_item_feature,load_item_meta,camp_meta_for_brd,154,2026-08-22
3f,GPCC_stage1_item_feature,load_item_meta,mrch_cond_meta_for_brd,225,2026-08-22
3f,GPCC_stage1_item_feature,load_item_meta,mccb_meta_for_brd,1877,2026-08-22
3f,GPCC_stage1_item_feature,load_item_meta,mrch_info_for_brd,3227610,2026-08-22
3f,GPCC_stage1_item_feature,load_item_meta,brnd_mcno_dict,5442868,2026-08-22
3f,GPCC_stage1_item_feature,load_item_meta,brnd_cndd_dict,21447,2026-08-22
3f,GPCC_stage1_item_feature,load_item_meta,brnd_ctgr_dict,865,2026-08-22
3f,GPCC_stage1_item_feature,load_item_meta,mccb_ctgr_dict,1418,2026-08-22
3f,GPCC_stage1_item_feature,load_log_parser,log_raw,443445731,2026-08-22
3f,GPCC_stage1_item_feature,load_log_parser,rec_result,392290060,2026-08-22
3f,GPCC_stage1_item_feature,load_log_parser,item_meta,154,2026-08-22
3f,GPCC_stage1_item_feature,load_item_feature,ifeature_ptag,2410759,2026-08-22
3f,GPCC_stage1_item_feature,load_item_feature,ifeature_mm_mrch_rsl_date,1,2026-08-22
3f,GPCC_stage1_item_feature,load_item_feature,ifeature_mm_ts_card_pchs_date,1,2026-08-22
3f,GPCC_stage1_item_feature,load_item_feature,feature_mm_pld_use_rsl_date,1,2026-08-22
3f,GPCC_stage1_item_feature,load_item_feature,ifeature_mrch_rsl_ftr,2148560,2026-08-22
3f,GPCC_stage1_item_feature,load_item_feature,ifeature_ts_card_pchs,8612340,2026-08-22
3f,GPCC_stage1_item_feature,load_item_feature,ifeature_sow_high,6231880,2026-08-22
3f,GPCC_stage2_select,load_user_features,user_features,5691960,2026-08-22
3f,GPCC_stage2_select,load_dv_features,dv_features,8710378,2026-08-22
3f,GPCC_stage2_select,load_user_lgcn_embs,user_lgcn_embs,8888814,2026-08-22
3f,GPCC_stage2_select,load_item_meta,item_meta,154,2026-08-22
3f,GPCC_stage2_select,load_item_emb_feat,item_emb_feat,154,2026-08-22
3f,GPCC_stage2_select,load_item_lgcn_embs,item_lgcn_embs,154,2026-08-22
3f,GPCC_stage3_interaction_feautre,load_interaction_feature,uifeature_mm_mrch_rsl_date,1,2026-08-22
3f,GPCC_stage3_interaction_feautre,load_interaction_feature,uifeature_mm_ts_card_pchs_date,1,2026-08-22
3f,GPCC_stage3_interaction_feautre,load_interaction_feature,uifeature_mm_pld_use_rsl_date,1,2026-08-22
3f,GPCC_stage3_interaction_feautre,load_interaction_feature,uifeature_ts_card_pchs,8612340,2026-08-22
3f,GPCC_stage3_interaction_feautre,load_interaction_feature,uifeature_cntn_mcno_all,528821,2026-08-22
3f,GPCC_stage3_interaction_feautre,load_interaction_feature,uifeature_cntn_mrch_spd,479031,2026-08-22
3f,GPCC_stage3_interaction_feautre,load_interaction_feature,uifeature_3rs_svc_bhve_mrt_v3,5691960,2026-08-22
3f,GPCC_stage3_interaction_feautre,load_interaction_feature,uifeature_csno,8942307,2026-08-22
3f,GPCC_stage3_interaction_feautre,load_interaction_feature,uifeature_rec_result,392523557,2026-08-22
3f,GPCC_stage3_interaction_feautre,load_interaction_feature,uifeature_cntn,154,2026-08-22
3f,GPCC_stage3_interaction_feautre,load_interaction_feature,uifeature_usr_cntn_hstr_usr,138435813,2026-08-22
3f,GPCC_stage3_interaction_feautre,load_interaction_feature,uifeature_usr_cntn_hstr_uc,246113761,2026-08-22
3f,GPCC_stage3_interaction_feautre,load_interaction_feature,uifeature_usr_cntn_hstr_ucm,159101097,2026-08-22
3f,GPCC_stage3_interaction_feautre,load_interaction_feature,uifeature_usr_cntn_hstr_ucc,118800662,2026-08-22
3f,GPCC_stage3_interaction_feautre,load_interaction_feature,uifeature_usr_cntn_hstr_uct,35470655,2026-08-22
3f,GPCC_stage3_interaction_feautre,load_interaction_feature,uifeature_usr_cntn_hstr_ucp,40284322,2026-08-22
3f,GPCC_stage3_interaction_feautre,load_rec_target,ft_rec_trgt,399735329,2026-08-22
3f,GPCC_stage3_interaction_feautre,unload_shared_ft_features,f13_cntn_tgps_bsis,399735329,2026-08-22
3f,GPCC_stage3_interaction_feautre,unload_shared_ft_features,f13_cntn_info,154,2026-08-22
3f,GPCC_stage3_interaction_feautre,unload_shared_ft_features,f13_cust_bhve_info,384807313,2026-08-22
3f,GPCC_stage4_post_proc,load_rec_result,rec_trgt,399735329,2026-08-22
3f,GPCC_stage4_post_proc,load_rec_result,ft_raw_result,392606843,2026-08-22
3f,GPCC_stage4_post_proc,load_rec_result,applied_contents,154,2026-08-22
3f,GPCC_stage4_post_proc,load_rec_result,applied_contents_type,154,2026-08-22
3f,gpcc_dd_transfer,unload_oo3f_rec_benefit_result,oo3f_rec_bnft_rslt,391513296,2026-08-22
3f,GPCC_mthly_rec_result,load_rec_target,rec_trgt,391658181,2026-08-23
3f,GPCC_stage1_item_feature,load_item_meta,camp_meta_with_mrch_cond,230,2026-08-23
3f,GPCC_stage1_item_feature,load_item_meta,mrch_grp_info,3199472,2026-08-23
3f,GPCC_stage1_item_feature,load_item_meta,mccb_cd,3228350,2026-08-23
3f,GPCC_stage1_item_feature,load_item_meta,mcno_spd_sary,2148560,2026-08-23
3f,GPCC_stage1_item_feature,load_item_meta,camp_meta,200,2026-08-23
3f,GPCC_stage1_item_feature,load_item_meta,ld_clm_ncob_clas_info,12539,2026-08-23
3f,GPCC_stage1_item_feature,load_item_meta,mrch_dict,3230191,2026-08-23
3f,GPCC_stage1_item_feature,load_item_meta,camp_meta_for_brd,200,2026-08-23
3f,GPCC_stage1_item_feature,load_item_meta,mrch_cond_meta_for_brd,230,2026-08-23
3f,GPCC_stage1_item_feature,load_item_meta,mccb_meta_for_brd,1877,2026-08-23
3f,GPCC_stage1_item_feature,load_item_meta,mrch_info_for_brd,3228350,2026-08-23
3f,GPCC_stage1_item_feature,load_item_meta,brnd_mcno_dict,5443097,2026-08-23
3f,GPCC_stage1_item_feature,load_item_meta,brnd_cndd_dict,21447,2026-08-23
3f,GPCC_stage1_item_feature,load_item_meta,brnd_ctgr_dict,865,2026-08-23
3f,GPCC_stage1_item_feature,load_item_meta,mccb_ctgr_dict,1418,2026-08-23
3f,GPCC_stage1_item_feature,load_log_parser,log_raw,502152735,2026-08-23
3f,GPCC_stage1_item_feature,load_log_parser,rec_result,390368119,2026-08-23
3f,GPCC_stage1_item_feature,load_log_parser,item_meta,200,2026-08-23
3f,GPCC_stage1_item_feature,load_item_feature,ifeature_ptag,2410275,2026-08-23
3f,GPCC_stage1_item_feature,load_item_feature,ifeature_mm_mrch_rsl_date,1,2026-08-23
3f,GPCC_stage1_item_feature,load_item_feature,ifeature_mm_ts_card_pchs_date,1,2026-08-23
3f,GPCC_stage1_item_feature,load_item_feature,feature_mm_pld_use_rsl_date,1,2026-08-23
3f,GPCC_stage1_item_feature,load_item_feature,ifeature_mrch_rsl_ftr,2148560,2026-08-23
3f,GPCC_stage1_item_feature,load_item_feature,ifeature_ts_card_pchs,8612340,2026-08-23
3f,GPCC_stage1_item_feature,load_item_feature,ifeature_sow_high,6231880,2026-08-23
3f,gpcc_dd_transfer,unload_oo3f_rec_benefit_result,oo3f_rec_bnft_rslt,390196648,2026-08-23
3f,GPCC_mthly_rec_result,load_rec_target,rec_trgt,398948265,2026-08-24
3f,GPCC_stage1_item_feature,load_item_meta,camp_meta_with_mrch_cond,197,2026-08-24
3f,GPCC_stage1_item_feature,load_item_meta,mrch_grp_info,3197272,2026-08-24
3f,GPCC_stage1_item_feature,load_item_meta,mccb_cd,3230018,2026-08-24
3f,GPCC_stage1_item_feature,load_item_meta,mcno_spd_sary,2148560,2026-08-24
3f,GPCC_stage1_item_feature,load_item_meta,camp_meta,155,2026-08-24
3f,GPCC_stage1_item_feature,load_item_meta,ld_clm_ncob_clas_info,12540,2026-08-24
3f,GPCC_stage1_item_feature,load_item_meta,mrch_dict,3228439,2026-08-24
3f,GPCC_stage1_item_feature,load_item_meta,camp_meta_for_brd,155,2026-08-24
3f,GPCC_stage1_item_feature,load_item_meta,mrch_cond_meta_for_brd,197,2026-08-24
3f,GPCC_stage1_item_feature,load_item_meta,mccb_meta_for_brd,1878,2026-08-24
3f,GPCC_stage1_item_feature,load_item_meta,mrch_info_for_brd,3230018,2026-08-24
3f,GPCC_stage1_item_feature,load_item_meta,brnd_mcno_dict,5446123,2026-08-24
3f,GPCC_stage1_item_feature,load_item_meta,brnd_cndd_dict,21446,2026-08-24
3f,GPCC_stage1_item_feature,load_item_meta,brnd_ctgr_dict,866,2026-08-24
3f,GPCC_stage1_item_feature,load_item_meta,mccb_ctgr_dict,1419,2026-08-24
3f,GPCC_stage1_item_feature,load_log_parser,log_raw,460302088,2026-08-24
3f,GPCC_stage1_item_feature,load_log_parser,rec_result,381852903,2026-08-24
3f,GPCC_stage1_item_feature,load_log_parser,item_meta,155,2026-08-24
3f,GPCC_stage1_item_feature,load_item_feature,ifeature_ptag,2410030,2026-08-24
3f,GPCC_stage1_item_feature,load_item_feature,ifeature_mm_mrch_rsl_date,1,2026-08-24
3f,GPCC_stage1_item_feature,load_item_feature,ifeature_mm_ts_card_pchs_date,1,2026-08-24
3f,GPCC_stage1_item_feature,load_item_feature,feature_mm_pld_use_rsl_date,1,2026-08-24
3f,GPCC_stage1_item_feature,load_item_feature,ifeature_mrch_rsl_ftr,2148560,2026-08-24
3f,GPCC_stage1_item_feature,load_item_feature,ifeature_ts_card_pchs,8612340,2026-08-24
3f,GPCC_stage1_item_feature,load_item_feature,ifeature_sow_high,6231880,2026-08-24
3f,GPCC_stage2_select,load_user_features,user_features,5945957,2026-08-24
3f,GPCC_stage2_select,load_dv_features,dv_features,8730933,2026-08-24
3f,GPCC_stage2_select,load_user_lgcn_embs,user_lgcn_embs,8903318,2026-08-24
3f,GPCC_stage2_select,load_item_meta,item_meta,155,2026-08-24
3f,GPCC_stage2_select,load_item_emb_feat,item_emb_feat,155,2026-08-24
3f,GPCC_stage2_select,load_item_lgcn_embs,item_lgcn_embs,155,2026-08-24
3f,GPCC_stage3_interaction_feautre,load_interaction_feature,uifeature_mm_mrch_rsl_date,1,2026-08-24
3f,GPCC_stage3_interaction_feautre,load_interaction_feature,uifeature_mm_ts_card_pchs_date,1,2026-08-24
3f,GPCC_stage3_interaction_feautre,load_interaction_feature,uifeature_mm_pld_use_rsl_date,1,2026-08-24
3f,GPCC_stage3_interaction_feautre,load_interaction_feature,uifeature_ts_card_pchs,8612340,2026-08-24
3f,GPCC_stage3_interaction_feautre,load_interaction_feature,uifeature_cntn_mcno_all,522467,2026-08-24
3f,GPCC_stage3_interaction_feautre,load_interaction_feature,uifeature_cntn_mrch_spd,483661,2026-08-24
3f,GPCC_stage3_interaction_feautre,load_interaction_feature,uifeature_3rs_svc_bhve_mrt_v3,5945957,2026-08-24
3f,GPCC_stage3_interaction_feautre,load_interaction_feature,uifeature_csno,8961213,2026-08-24
3f,GPCC_stage3_interaction_feautre,load_interaction_feature,uifeature_rec_result,382319371,2026-08-24
3f,GPCC_stage3_interaction_feautre,load_interaction_feature,uifeature_cntn,155,2026-08-24
3f,GPCC_stage3_interaction_feautre,load_interaction_feature,uifeature_usr_cntn_hstr_usr,143391550,2026-08-24
3f,GPCC_stage3_interaction_feautre,load_interaction_feature,uifeature_usr_cntn_hstr_uc,253168097,2026-08-24
3f,GPCC_stage3_interaction_feautre,load_interaction_feature,uifeature_usr_cntn_hstr_ucm,166607145,2026-08-24
3f,GPCC_stage3_interaction_feautre,load_interaction_feature,uifeature_usr_cntn_hstr_ucc,123871019,2026-08-24
3f,GPCC_stage3_interaction_feautre,load_interaction_feature,uifeature_usr_cntn_hstr_uct,37043653,2026-08-24
3f,GPCC_stage3_interaction_feautre,load_interaction_feature,uifeature_usr_cntn_hstr_ucp,41701935,2026-08-24
3f,GPCC_stage3_interaction_feautre,load_rec_target,ft_rec_trgt,398948265,2026-08-24
3f,GPCC_stage3_interaction_feautre,unload_shared_ft_features,f13_cntn_tgps_bsis,398948265,2026-08-24
3f,GPCC_stage3_interaction_feautre,unload_shared_ft_features,f13_cntn_info,155,2026-08-24
3f,GPCC_stage3_interaction_feautre,unload_shared_ft_features,f13_cust_bhve_info,374427989,2026-08-24
3f,GPCC_stage4_post_proc,load_rec_result,rec_trgt,398948265,2026-08-24
3f,GPCC_stage4_post_proc,load_rec_result,ft_raw_result,382166982,2026-08-24
3f,GPCC_stage4_post_proc,load_rec_result,applied_contents,155,2026-08-24
3f,GPCC_stage4_post_proc,load_rec_result,applied_contents_type,155,2026-08-24
3f,GPCC_train,load_user_features_inf,user_features_inf,5945957,2026-08-24
3f,GPCC_train,load_user_features,user_features,141634459,2026-08-24
3f,GPCC_train,load_item_emb_feat,item_emb_feat,155,2026-08-24
3f,GPCC_train,load_item_meta,item_meta,155,2026-08-24
3f,GPCC_train,load_interaction,interaction,374633286,2026-08-24
3f,gpcc_dd_transfer,unload_oo3f_rec_benefit_result,oo3f_rec_bnft_rslt,381597190,2026-08-24
3f,gpcc_svc_sg,load_svc_table_dup,item_meta,155,2026-08-24
3f,gpcc_svc_sg,load_svc_table_dup,usr_log,141315591,2026-08-24
3f,gpcc_svc_sg,load_svc_table_dup,uc_log,253816740,2026-08-24
3f,gpcc_svc_sg,load_svc_table_dup,ucm_log,166173802,2026-08-24
3f,gpcc_svc_sg,load_svc_table_dup,ucc_log,123909255,2026-08-24
3f,gpcc_svc_sg,load_svc_table_dup,ust_log,36572215,2026-08-24
3f,gpcc_svc_sg,load_svc_table_dup,usp_log,41193128,2026-08-24
3f,gpcc_svc_sg,load_svc_table_dup,item_feature,155,2026-08-24
3f,gpcc_svc_sg,load_svc_rec_rslt,dd_rec_result,381717460,2026-08-24
3f,gpcc_svc_sg,load_svc_rec_rslt,mm_rec_result,385631284,2026-08-24
3f,GPCC_mthly_rec_result,load_rec_target,rec_trgt,396152991,2026-08-25
3f,GPCC_stage1_item_feature,load_item_meta,camp_meta_with_mrch_cond,240,2026-08-25
3f,GPCC_stage1_item_feature,load_item_meta,mrch_grp_info,3198065,2026-08-25
3f,GPCC_stage1_item_feature,load_item_meta,mccb_cd,3229839,2026-08-25
3f,GPCC_stage1_item_feature,load_item_meta,mcno_spd_sary,2148560,2026-08-25
3f,GPCC_stage1_item_feature,load_item_meta,camp_meta,213,2026-08-25
3f,GPCC_stage1_item_feature,load_item_meta,ld_clm_ncob_clas_info,12538,2026-08-25
3f,GPCC_stage1_item_feature,load_item_meta,mrch_dict,3231706,2026-08-25
3f,GPCC_stage1_item_feature,load_item_meta,camp_meta_for_brd,213,2026-08-25
3f,GPCC_stage1_item_feature,load_item_meta,mrch_cond_meta_for_brd,240,2026-08-25
3f,GPCC_stage1_item_feature,load_item_meta,mccb_meta_for_brd,1878,2026-08-25
3f,GPCC_stage1_item_feature,load_item_meta,mrch_info_for_brd,3229839,2026-08-25
3f,GPCC_stage1_item_feature,load_item_meta,brnd_mcno_dict,5448320,2026-08-25
3f,GPCC_stage1_item_feature,load_item_meta,brnd_cndd_dict,21460,2026-08-25
3f,GPCC_stage1_item_feature,load_item_meta,brnd_ctgr_dict,866,2026-08-25
3f,GPCC_stage1_item_feature,load_item_meta,mccb_ctgr_dict,1420,2026-08-25
3f,GPCC_stage1_item_feature,load_log_parser,log_raw,491009104,2026-08-25
3f,GPCC_stage1_item_feature,load_log_parser,rec_result,392898085,2026-08-25
3f,GPCC_stage1_item_feature,load_log_parser,item_meta,213,2026-08-25
3f,GPCC_stage1_item_feature,load_item_feature,ifeature_ptag,2409149,2026-08-25
3f,GPCC_stage1_item_feature,load_item_feature,ifeature_mm_mrch_rsl_date,1,2026-08-25
3f,GPCC_stage1_item_feature,load_item_feature,ifeature_mm_ts_card_pchs_date,1,2026-08-25
3f,GPCC_stage1_item_feature,load_item_feature,feature_mm_pld_use_rsl_date,1,2026-08-25
3f,GPCC_stage1_item_feature,load_item_feature,ifeature_mrch_rsl_ftr,2148560,2026-08-25
3f,GPCC_stage1_item_feature,load_item_feature,ifeature_ts_card_pchs,8612340,2026-08-25
3f,GPCC_stage1_item_feature,load_item_feature,ifeature_sow_high,6231880,2026-08-25
3f,GPCC_stage2_select,load_user_features,user_features,6311444,2026-08-25
3f,GPCC_stage2_select,load_dv_features,dv_features,8628128,2026-08-25
3f,GPCC_stage2_select,load_user_lgcn_embs,user_lgcn_embs,8887451,2026-08-25
3f,GPCC_stage2_select,load_item_meta,item_meta,213,2026-08-25
3f,GPCC_stage2_select,load_item_emb_feat,item_emb_feat,213,2026-08-25
3f,GPCC_stage2_select,load_item_lgcn_embs,item_lgcn_embs,213,2026-08-25
3f,GPCC_stage3_interaction_feautre,load_interaction_feature,uifeature_mm_mrch_rsl_date,1,2026-08-25
3f,GPCC_stage3_interaction_feautre,load_interaction_feature,uifeature_mm_ts_card_pchs_date,1,2026-08-25
3f,GPCC_stage3_interaction_feautre,load_interaction_feature,uifeature_mm_pld_use_rsl_date,1,2026-08-25
3f,GPCC_stage3_interaction_feautre,load_interaction_feature,uifeature_ts_card_pchs,8612340,2026-08-25
3f,GPCC_stage3_interaction_feautre,load_interaction_feature,uifeature_cntn_mcno_all,718348,2026-08-25
3f,GPCC_stage3_interaction_feautre,load_interaction_feature,uifeature_cntn_mrch_spd,668578,2026-08-25
3f,GPCC_stage3_interaction_feautre,load_interaction_feature,uifeature_3rs_svc_bhve_mrt_v3,6311444,2026-08-25
3f,GPCC_stage3_interaction_feautre,load_interaction_feature,uifeature_csno,8952432,2026-08-25
3f,GPCC_stage3_interaction_feautre,load_interaction_feature,uifeature_rec_result,392848427,2026-08-25
3f,GPCC_stage3_interaction_feautre,load_interaction_feature,uifeature_cntn,213,2026-08-25
3f,GPCC_stage3_interaction_feautre,load_interaction_feature,uifeature_usr_cntn_hstr_usr,151907041,2026-08-25
3f,GPCC_stage3_interaction_feautre,load_interaction_feature,uifeature_usr_cntn_hstr_uc,272536541,2026-08-25
3f,GPCC_stage3_interaction_feautre,load_interaction_feature,uifeature_usr_cntn_hstr_ucm,176408640,2026-08-25
3f,GPCC_stage3_interaction_feautre,load_interaction_feature,uifeature_usr_cntn_hstr_ucc,133589560,2026-08-25
3f,GPCC_stage3_interaction_feautre,load_interaction_feature,uifeature_usr_cntn_hstr_uct,39483233,2026-08-25
3f,GPCC_stage3_interaction_feautre,load_interaction_feature,uifeature_usr_cntn_hstr_ucp,43881823,2026-08-25
3f,GPCC_stage3_interaction_feautre,load_rec_target,ft_rec_trgt,396152991,2026-08-25
3f,GPCC_stage3_interaction_feautre,unload_shared_ft_features,f13_cntn_tgps_bsis,396152991,2026-08-25
3f,GPCC_stage3_interaction_feautre,unload_shared_ft_features,f13_cntn_info,213,2026-08-25
3f,GPCC_stage3_interaction_feautre,unload_shared_ft_features,f13_cust_bhve_info,386234501,2026-08-25
3f,GPCC_stage4_post_proc,load_rec_result,rec_trgt,396152991,2026-08-25
3f,GPCC_stage4_post_proc,load_rec_result,ft_raw_result,393528795,2026-08-25
3f,GPCC_stage4_post_proc,load_rec_result,applied_contents,213,2026-08-25
3f,GPCC_stage4_post_proc,load_rec_result,applied_contents_type,213,2026-08-25
3f,gpcc_dd_transfer,unload_oo3f_rec_benefit_result,oo3f_rec_bnft_rslt,393256178,2026-08-25
3f,GPCC_mthly_rec_result,load_rec_target,rec_trgt,399880174,2026-08-26
3f,GPCC_stage1_item_feature,load_item_meta,camp_meta_with_mrch_cond,197,2026-08-26
3f,GPCC_stage1_item_feature,load_item_meta,mrch_grp_info,3199341,2026-08-26
3f,GPCC_stage1_item_feature,load_item_meta,mccb_cd,3231222,2026-08-26
3f,GPCC_stage1_item_feature,load_item_meta,mcno_spd_sary,2148560,2026-08-26
3f,GPCC_stage1_item_feature,load_item_meta,camp_meta,234,2026-08-26
3f,GPCC_stage1_item_feature,load_item_meta,ld_clm_ncob_clas_info,12547,2026-08-26
3f,GPCC_stage1_item_feature,load_item_meta,mrch_dict,3229983,2026-08-26
3f,GPCC_stage1_item_feature,load_item_meta,camp_meta_for_brd,234,2026-08-26
3f,GPCC_stage1_item_feature,load_item_meta,mrch_cond_meta_for_brd,197,2026-08-26
3f,GPCC_stage1_item_feature,load_item_meta,mccb_meta_for_brd,1879,2026-08-26
3f,GPCC_stage1_item_feature,load_item_meta,mrch_info_for_brd,3231222,2026-08-26
3f,GPCC_stage1_item_feature,load_item_meta,brnd_mcno_dict,5447474,2026-08-26
3f,GPCC_stage1_item_feature,load_item_meta,brnd_cndd_dict,21454,2026-08-26
3f,GPCC_stage1_item_feature,load_item_meta,brnd_ctgr_dict,866,2026-08-26
3f,GPCC_stage1_item_feature,load_item_meta,mccb_ctgr_dict,1419,2026-08-26
3f,GPCC_stage1_item_feature,load_log_parser,log_raw,492766743,2026-08-26
3f,GPCC_stage1_item_feature,load_log_parser,rec_result,380982391,2026-08-26
3f,GPCC_stage1_item_feature,load_log_parser,item_meta,234,2026-08-26
3f,GPCC_stage1_item_feature,load_item_feature,ifeature_ptag,2410935,2026-08-26
3f,GPCC_stage1_item_feature,load_item_feature,ifeature_mm_mrch_rsl_date,1,2026-08-26
3f,GPCC_stage1_item_feature,load_item_feature,ifeature_mm_ts_card_pchs_date,1,2026-08-26
3f,GPCC_stage1_item_feature,load_item_feature,feature_mm_pld_use_rsl_date,1,2026-08-26
3f,GPCC_stage1_item_feature,load_item_feature,ifeature_mrch_rsl_ftr,2148560,2026-08-26
3f,GPCC_stage1_item_feature,load_item_feature,ifeature_ts_card_pchs,8612340,2026-08-26
3f,GPCC_stage1_item_feature,load_item_feature,ifeature_sow_high,6231880,2026-08-26
3f,GPCC_stage2_select,load_user_features,user_features,6334192,2026-08-26
3f,GPCC_stage2_select,load_dv_features,dv_features,8863200,2026-08-26
3f,GPCC_stage2_select,load_user_lgcn_embs,user_lgcn_embs,8892974,2026-08-26
3f,GPCC_stage2_select,load_item_meta,item_meta,234,2026-08-26
3f,GPCC_stage2_select,load_item_emb_feat,item_emb_feat,234,2026-08-26
3f,GPCC_stage2_select,load_item_lgcn_embs,item_lgcn_embs,234,2026-08-26
3f,GPCC_stage3_interaction_feautre,load_interaction_feature,uifeature_mm_mrch_rsl_date,1,2026-08-26
3f,GPCC_stage3_interaction_feautre,load_interaction_feature,uifeature_mm_ts_card_pchs_date,1,2026-08-26
3f,GPCC_stage3_interaction_feautre,load_interaction_feature,uifeature_mm_pld_use_rsl_date,1,2026-08-26
3f,GPCC_stage3_interaction_feautre,load_interaction_feature,uifeature_ts_card_pchs,8612340,2026-08-26
3f,GPCC_stage3_interaction_feautre,load_interaction_feature,uifeature_cntn_mcno_all,800605,2026-08-26
3f,GPCC_stage3_interaction_feautre,load_interaction_feature,uifeature_cntn_mrch_spd,724278,2026-08-26
3f,GPCC_stage3_interaction_feautre,load_interaction_feature,uifeature_3rs_svc_bhve_mrt_v3,6334192,2026-08-26
3f,GPCC_stage3_interaction_feautre,load_interaction_feature,uifeature_csno,8959950,2026-08-26
3f,GPCC_stage3_interaction_feautre,load_interaction_feature,uifeature_rec_result,381826579,2026-08-26
3f,GPCC_stage3_interaction_feautre,load_interaction_feature,uifeature_cntn,234,2026-08-26
3f,GPCC_stage3_interaction_feautre,load_interaction_feature,uifeature_usr_cntn_hstr_usr,153429133,2026-08-26
3f,GPCC_stage3_interaction_feautre,load_interaction_feature,uifeature_usr_cntn_hstr_uc,272446891,2026-08-26
3f,GPCC_stage3_interaction_feautre,load_interaction_feature,uifeature_usr_cntn_hstr_ucm,176803239,2026-08-26
3f,GPCC_stage3_interaction_feautre,load_interaction_feature,uifeature_usr_cntn_hstr_ucc,131825080,2026-08-26
3f,GPCC_stage3_interaction_feautre,load_interaction_feature,uifeature_usr_cntn_hstr_uct,39422418,2026-08-26
3f,GPCC_stage3_interaction_feautre,load_interaction_feature,uifeature_usr_cntn_hstr_ucp,44459616,2026-08-26
3f,GPCC_stage3_interaction_feautre,load_rec_target,ft_rec_trgt,399880174,2026-08-26
3f,GPCC_stage3_interaction_feautre,unload_shared_ft_features,f13_cntn_tgps_bsis,399880174,2026-08-26
3f,GPCC_stage3_interaction_feautre,unload_shared_ft_features,f13_cntn_info,234,2026-08-26
3f,GPCC_stage3_interaction_feautre,unload_shared_ft_features,f13_cust_bhve_info,373811875,2026-08-26
3f,GPCC_stage4_post_proc,load_rec_result,rec_trgt,399880174,2026-08-26
3f,GPCC_stage4_post_proc,load_rec_result,ft_raw_result,381541912,2026-08-26
3f,GPCC_stage4_post_proc,load_rec_result,applied_contents,234,2026-08-26
3f,GPCC_stage4_post_proc,load_rec_result,applied_contents_type,234,2026-08-26
3f,gpcc_dd_transfer,unload_oo3f_rec_benefit_result,oo3f_rec_bnft_rslt,380716674,2026-08-26
3f,GPCC_mthly_rec_result,load_rec_target,rec_trgt,394874078,2026-08-27
3f,GPCC_stage1_item_feature,load_item_meta,camp_meta_with_mrch_cond,194,2026-08-27
3f,GPCC_stage1_item_feature,load_item_meta,mrch_grp_info,3200218,2026-08-27
3f,GPCC_stage1_item_feature,load_item_meta,mccb_cd,3232404,2026-08-27
3f,GPCC_stage1_item_feature,load_item_meta,mcno_spd_sary,2148560,2026-08-27
3f,GPCC_stage1_item_feature,load_item_meta,camp_meta,232,2026-08-27
3f,GPCC_stage1_item_feature,load_item_meta,ld_clm_ncob_clas_info,12539,2026-08-27
3f,GPCC_stage1_item_feature,load_item_meta,mrch_dict,3233218,2026-08-27
3f,GPCC_stage1_item_feature,load_item_meta,camp_meta_for_brd,232,2026-08-27
3f,GPCC_stage1_item_feature,load_item_meta,mrch_cond_meta_for_brd,194,2026-08-27
3f,GPCC_stage1_item_feature,load_item_meta,mccb_meta_for_brd,1880,2026-08-27
3f,GPCC_stage1_item_feature,load_item_meta,mrch_info_for_brd,3232404,2026-08-27
3f,GPCC_stage1_item_feature,load_item_meta,brnd_mcno_dict,5448215,2026-08-27
3f,GPCC_stage1_item_feature,load_item_meta,brnd_cndd_dict,21467,2026-08-27
3f,GPCC_stage1_item_feature,load_item_meta,brnd_ctgr_dict,866,2026-08-27
3f,GPCC_stage1_item_feature,load_item_meta,mccb_ctgr_dict,1420,2026-08-27
3f,GPCC_stage1_item_feature,load_log_parser,log_raw,526093440,2026-08-27
3f,GPCC_stage1_item_feature,load_log_parser,rec_result,388463676,2026-08-27
3f,GPCC_stage1_item_feature,load_log_parser,item_meta,232,2026-08-27
3f,GPCC_stage1_item_feature,load_item_feature,ifeature_ptag,2410593,2026-08-27
3f,GPCC_stage1_item_feature,load_item_feature,ifeature_mm_mrch_rsl_date,1,2026-08-27
3f,GPCC_stage1_item_feature,load_item_feature,ifeature_mm_ts_card_pchs_date,1,2026-08-27
3f,GPCC_stage1_item_feature,load_item_feature,feature_mm_pld_use_rsl_date,1,2026-08-27
3f,GPCC_stage1_item_feature,load_item_feature,ifeature_mrch_rsl_ftr,2148560,2026-08-27
3f,GPCC_stage1_item_feature,load_item_feature,ifeature_ts_card_pchs,8612340,2026-08-27
3f,GPCC_stage1_item_feature,load_item_feature,ifeature_sow_high,6231880,2026-08-27
3f,GPCC_stage2_select,load_user_features,user_features,6856238,2026-08-27
3f,GPCC_stage2_select,load_dv_features,dv_features,8683524,2026-08-27
3f,GPCC_stage2_select,load_user_lgcn_embs,user_lgcn_embs,8905313,2026-08-27
3f,GPCC_stage2_select,load_item_meta,item_meta,232,2026-08-27
3f,GPCC_stage2_select,load_item_emb_feat,item_emb_feat,232,2026-08-27
3f,GPCC_stage2_select,load_item_lgcn_embs,item_lgcn_embs,232,2026-08-27
3f,GPCC_stage3_interaction_feautre,load_interaction_feature,uifeature_mm_mrch_rsl_date,1,2026-08-27
3f,GPCC_stage3_interaction_feautre,load_interaction_feature,uifeature_mm_ts_card_pchs_date,1,2026-08-27
3f,GPCC_stage3_interaction_feautre,load_interaction_feature,uifeature_mm_pld_use_rsl_date,1,2026-08-27
3f,GPCC_stage3_interaction_feautre,load_interaction_feature,uifeature_ts_card_pchs,8612340,2026-08-27
3f,GPCC_stage3_interaction_feautre,load_interaction_feature,uifeature_cntn_mcno_all,778927,2026-08-27
3f,GPCC_stage3_interaction_feautre,load_interaction_feature,uifeature_cntn_mrch_spd,712277,2026-08-27
3f,GPCC_stage3_interaction_feautre,load_interaction_feature,uifeature_3rs_svc_bhve_mrt_v3,6856238,2026-08-27
3f,GPCC_stage3_interaction_feautre,load_interaction_feature,uifeature_csno,8963413,2026-08-27
3f,GPCC_stage3_interaction_feautre,load_interaction_feature,uifeature_rec_result,388326193,2026-08-27
3f,GPCC_stage3_interaction_feautre,load_interaction_feature,uifeature_cntn,232,2026-08-27
3f,GPCC_stage3_interaction_feautre,load_interaction_feature,uifeature_usr_cntn_hstr_usr,163715104,2026-08-27
3f,GPCC_stage3_interaction_feautre,load_interaction_feature,uifeature_usr_cntn_hstr_uc,291201194,2026-08-27
3f,GPCC_stage3_interaction_feautre,load_interaction_feature,uifeature_usr_cntn_hstr_ucm,189360651,2026-08-27
3f,GPCC_stage3_interaction_feautre,load_interaction_feature,uifeature_usr_cntn_hstr_ucc,142325562,2026-08-27
3f,GPCC_stage3_interaction_feautre,load_interaction_feature,uifeature_usr_cntn_hstr_uct,42421456,2026-08-27
3f,GPCC_stage3_interaction_feautre,load_interaction_feature,uifeature_usr_cntn_hstr_ucp,47680387,2026-08-27
3f,GPCC_stage3_interaction_feautre,load_rec_target,ft_rec_trgt,394874078,2026-08-27
3f,GPCC_stage3_interaction_feautre,unload_shared_ft_features,f13_cntn_tgps_bsis,394874078,2026-08-27
3f,GPCC_stage3_interaction_feautre,unload_shared_ft_features,f13_cntn_info,232,2026-08-27
3f,GPCC_stage3_interaction_feautre,unload_shared_ft_features,f13_cust_bhve_info,380530151,2026-08-27
3f,GPCC_stage4_post_proc,load_rec_result,rec_trgt,394874078,2026-08-27
3f,GPCC_stage4_post_proc,load_rec_result,ft_raw_result,388155786,2026-08-27
3f,GPCC_stage4_post_proc,load_rec_result,applied_contents,232,2026-08-27
3f,GPCC_stage4_post_proc,load_rec_result,applied_contents_type,232,2026-08-27
3f,GPCC_train,load_user_features_inf,user_features_inf,6856238,2026-08-27
3f,GPCC_train,load_user_features,user_features,164636629,2026-08-27
3f,GPCC_train,load_item_emb_feat,item_emb_feat,232,2026-08-27
3f,GPCC_train,load_item_meta,item_meta,232,2026-08-27
3f,GPCC_train,load_interaction,interaction,380771407,2026-08-27
3f,gpcc_dd_transfer,unload_oo3f_rec_benefit_result,oo3f_rec_bnft_rslt,387179550,2026-08-27
3f,GPCC_mthly_rec_result,load_rec_target,rec_trgt,398603681,2026-08-28
3f,GPCC_stage1_item_feature,load_item_meta,camp_meta_with_mrch_cond,246,2026-08-28
3f,GPCC_stage1_item_feature,load_item_meta,mrch_grp_info,3201926,2026-08-28
3f,GPCC_stage1_item_feature,load_item_meta,mccb_cd,3233278,2026-08-28
3f,GPCC_stage1_item_feature,load_item_meta,mcno_spd_sary,2148560,2026-08-28
3f,GPCC_stage1_item_feature,load_item_meta,camp_meta,223,2026-08-28
3f,GPCC_stage1_item_feature,load_item_meta,ld_clm_ncob_clas_info,12552,2026-08-28
3f,GPCC_stage1_item_feature,load_item_meta,mrch_dict,3230917,2026-08-28
3f,GPCC_stage1_item_feature,load_item_meta,camp_meta_for_brd,223,2026-08-28
3f,GPCC_stage1_item_feature,load_item_meta,mrch_cond_meta_for_brd,246,2026-08-28
3f,GPCC_stage1_item_feature,load_item_meta,mccb_meta_for_brd,1880,2026-08-28
3f,GPCC_stage1_item_feature,load_item_meta,mrch_info_for_brd,3233278,2026-08-28
3f,GPCC_stage1_item_feature,load_item_meta,brnd_mcno_dict,5448543,2026-08-28
3f,GPCC_stage1_item_feature,load_item_meta,brnd_cndd_dict,21469,2026-08-28
3f,GPCC_stage1_item_feature,load_item_meta,brnd_ctgr_dict,867,2026-08-28
3f,GPCC_stage1_item_feature,load_item_meta,mccb_ctgr_dict,1421,2026-08-28
3f,GPCC_stage1_item_feature,load_log_parser,log_raw,481984940,2026-08-28
3f,GPCC_stage1_item_feature,load_log_parser,rec_result,379643966,2026-08-28
3f,GPCC_stage1_item_feature,load_log_parser,item_meta,223,2026-08-28
3f,GPCC_stage1_item_feature,load_item_feature,ifeature_ptag,2411097,2026-08-28
3f,GPCC_stage1_item_feature,load_item_feature,ifeature_mm_mrch_rsl_date,1,2026-08-28
3f,GPCC_stage1_item_feature,load_item_feature,ifeature_mm_ts_card_pchs_date,1,2026-08-28
3f,GPCC_stage1_item_feature,load_item_feature,feature_mm_pld_use_rsl_date,1,2026-08-28
3f,GPCC_stage1_item_feature,load_item_feature,ifeature_mrch_rsl_ftr,2148560,2026-08-28
3f,GPCC_stage1_item_feature,load_item_feature,ifeature_ts_card_pchs,8612340,2026-08-28
3f,GPCC_stage1_item_feature,load_item_feature,ifeature_sow_high,6231880,2026-08-28
3f,GPCC_stage2_select,load_user_features,user_features,6182856,2026-08-28
3f,GPCC_stage2_select,load_dv_features,dv_features,8671688,2026-08-28
3f,GPCC_stage2_select,load_user_lgcn_embs,user_lgcn_embs,8895760,2026-08-28
3f,GPCC_stage2_select,load_item_meta,item_meta,223,2026-08-28
3f,GPCC_stage2_select,load_item_emb_feat,item_emb_feat,223,2026-08-28
3f,GPCC_stage2_select,load_item_lgcn_embs,item_lgcn_embs,223,2026-08-28
3f,GPCC_stage3_interaction_feautre,load_interaction_feature,uifeature_mm_mrch_rsl_date,1,2026-08-28
3f,GPCC_stage3_interaction_feautre,load_interaction_feature,uifeature_mm_ts_card_pchs_date,1,2026-08-28
3f,GPCC_stage3_interaction_feautre,load_interaction_feature,uifeature_mm_pld_use_rsl_date,1,2026-08-28
3f,GPCC_stage3_interaction_feautre,load_interaction_feature,uifeature_ts_card_pchs,8612340,2026-08-28
3f,GPCC_stage3_interaction_feautre,load_interaction_feature,uifeature_cntn_mcno_all,762953,2026-08-28
3f,GPCC_stage3_interaction_feautre,load_interaction_feature,uifeature_cntn_mrch_spd,683230,2026-08-28
3f,GPCC_stage3_interaction_feautre,load_interaction_feature,uifeature_3rs_svc_bhve_mrt_v3,6182856,2026-08-28
3f,GPCC_stage3_interaction_feautre,load_interaction_feature,uifeature_csno,8937850,2026-08-28
3f,GPCC_stage3_interaction_feautre,load_interaction_feature,uifeature_rec_result,379811213,2026-08-28
3f,GPCC_stage3_interaction_feautre,load_interaction_feature,uifeature_cntn,223,2026-08-28
3f,GPCC_stage3_interaction_feautre,load_interaction_feature,uifeature_usr_cntn_hstr_usr,149545379,2026-08-28
3f,GPCC_stage3_interaction_feautre,load_interaction_feature,uifeature_usr_cntn_hstr_uc,266460291,2026-08-28
3f,GPCC_stage3_interaction_feautre,load_interaction_feature,uifeature_usr_cntn_hstr_ucm,172799270,2026-08-28
3f,GPCC_stage3_interaction_feautre,load_interaction_feature,uifeature_usr_cntn_hstr_ucc,130085348,2026-08-28
3f,GPCC_stage3_interaction_feautre,load_interaction_feature,uifeature_usr_cntn_hstr_uct,38377995,2026-08-28
3f,GPCC_stage3_interaction_feautre,load_interaction_feature,uifeature_usr_cntn_hstr_ucp,43062388,2026-08-28
3f,GPCC_stage3_interaction_feautre,load_rec_target,ft_rec_trgt,398603681,2026-08-28
3f,GPCC_stage3_interaction_feautre,unload_shared_ft_features,f13_cntn_tgps_bsis,398603681,2026-08-28
3f,GPCC_stage3_interaction_feautre,unload_shared_ft_features,f13_cntn_info,223,2026-08-28
3f,GPCC_stage3_interaction_feautre,unload_shared_ft_features,f13_cust_bhve_info,372178872,2026-08-28
3f,GPCC_stage4_post_proc,load_rec_result,rec_trgt,398603681,2026-08-28
3f,GPCC_stage4_post_proc,load_rec_result,ft_raw_result,380230030,2026-08-28
3f,GPCC_stage4_post_proc,load_rec_result,applied_contents,223,2026-08-28
3f,GPCC_stage4_post_proc,load_rec_result,applied_contents_type,223,2026-08-28
3f,gpcc_dd_transfer,unload_oo3f_rec_benefit_result,oo3f_rec_bnft_rslt,379328932,2026-08-28
3f,GPCC_mthly_rec_result,load_rec_target,rec_trgt,391451913,2026-08-29
3f,GPCC_stage1_item_feature,load_item_meta,camp_meta_with_mrch_cond,152,2026-08-29
3f,GPCC_stage1_item_feature,load_item_meta,mrch_grp_info,3201455,2026-08-29
3f,GPCC_stage1_item_feature,load_item_meta,mccb_cd,3233000,2026-08-29
3f,GPCC_stage1_item_feature,load_item_meta,mcno_spd_sary,2148560,2026-08-29
3f,GPCC_stage1_item_feature,load_item_meta,camp_meta,218,2026-08-29
3f,GPCC_stage1_item_feature,load_item_meta,ld_clm_ncob_clas_info,12547,2026-08-29
3f,GPCC_stage1_item_feature,load_item_meta,mrch_dict,3232518,2026-08-29
3f,GPCC_stage1_item_feature,load_item_meta,camp_meta_for_brd,218,2026-08-29
3f,GPCC_stage1_item_feature,load_item_meta,mrch_cond_meta_for_brd,152,2026-08-29
3f,GPCC_stage1_item_feature,load_item_meta,mccb_meta_for_brd,1880,2026-08-29
3f,GPCC_stage1_item_feature,load_item_meta,mrch_info_for_brd,3233000,2026-08-29
3f,GPCC_stage1_item_feature,load_item_meta,brnd_mcno_dict,5449792,2026-08-29
3f,GPCC_stage1_item_feature,load_item_meta,brnd_cndd_dict,21469,2026-08-29
3f,GPCC_stage1_item_feature,load_item_meta,brnd_ctgr_dict,866,2026-08-29
3f,GPCC_stage1_item_feature,load_item_meta,mccb_ctgr_dict,1421,2026-08-29
3f,GPCC_stage1_item_feature,load_log_parser,log_raw,502780904,2026-08-29
3f,GPCC_stage1_item_feature,load_log_parser,rec_result,397007514,2026-08-29
3f,GPCC_stage1_item_feature,load_log_parser,item_meta,218,2026-08-29
3f,GPCC_stage1_item_feature,load_item_feature,ifeature_ptag,2410854,2026-08-29
3f,GPCC_stage1_item_feature,load_item_feature,ifeature_mm_mrch_rsl_date,1,2026-08-29
3f,GPCC_stage1_item_feature,load_item_feature,ifeature_mm_ts_card_pchs_date,1,2026-08-29
3f,GPCC_stage1_item_feature,load_item_feature,feature_mm_pld_use_rsl_date,1,2026-08-29
3f,GPCC_stage1_item_feature,load_item_feature,ifeature_mrch_rsl_ftr,2148560,2026-08-29
3f,GPCC_stage1_item_feature,load_item_feature,ifeature_ts_card_pchs,8612340,2026-08-29
3f,GPCC_stage1_item_feature,load_item_feature,ifeature_sow_high,6231880,2026-08-29
3f,GPCC_stage2_select,load_user_features,user_features,6377665,2026-08-29
3f,GPCC_stage2_select,load_dv_features,dv_features,8507047,2026-08-29
3f,GPCC_stage2_select,load_user_lgcn_embs,user_lgcn_embs,8885769,2026-08-29
3f,GPCC_stage2_select,load_item_meta,item_meta,218,2026-08-29
3f,GPCC_stage2_select,load_item_emb_feat,item_emb_feat,218,2026-08-29
3f,GPCC_stage2_select,load_item_lgcn_embs,item_lgcn_embs,218,2026-08-29
3f,GPCC_stage3_interaction_feautre,load_interaction_feature,uifeature_mm_mrch_rsl_date,1,2026-08-29
3f,GPCC_stage3_interaction_feautre,load_interaction_feature,uifeature_mm_ts_card_pchs_date,1,2026-08-29
3f,GPCC_stage3_interaction_feautre,load_interaction_feature,uifeature_mm_pld_use_rsl_date,1,2026-08-29
3f,GPCC_stage3_interaction_feautre,load_interaction_feature,uifeature_ts_card_pchs,8612340,2026-08-29
3f,GPCC_stage3_interaction_feautre,load_interaction_feature,uifeature_cntn_mcno_all,738661,2026-08-29
3f,GPCC_stage3_interaction_feautre,load_interaction_feature,uifeature_cntn_mrch_spd,678055,2026-08-29
3f,GPCC_stage3_interaction_feautre,load_interaction_feature,uifeature_3rs_svc_bhve_mrt_v3,6377665,2026-08-29
3f,GPCC_stage3_interaction_feautre,load_interaction_feature,uifeature_csno,8954585,2026-08-29
3f,GPCC_stage3_interaction_feautre,load_interaction_feature,uifeature_rec_result,395882462,2026-08-29
3f,GPCC_stage3_interaction_feautre,load_interaction_feature,uifeature_cntn,218,2026-08-29
3f,GPCC_stage3_interaction_feautre,load_interaction_feature,uifeature_usr_cntn_hstr_usr,156818157,2026-08-29
3f,GPCC_stage3_interaction_feautre,load_interaction_feature,uifeature_usr_cntn_hstr_uc,274200699,2026-08-29
3f,GPCC_stage3_interaction_feautre,load_interaction_feature,uifeature_usr_cntn_hstr_ucm,180739600,2026-08-29
3f,GPCC_stage3_interaction_feautre,load_interaction_feature,uifeature_usr_cntn_hstr_ucc,136720182,2026-08-29
3f,GPCC_stage3_interaction_feautre,load_interaction_feature,uifeature_usr_cntn_hstr_uct,40214805,2026-08-29
3f,GPCC_stage3_interaction_feautre,load_interaction_feature,uifeature_usr_cntn_hstr_ucp,45430025,2026-08-29
3f,GPCC_stage3_interaction_feautre,load_rec_target,ft_rec_trgt,391451913,2026-08-29
3f,GPCC_stage3_interaction_feautre,unload_shared_ft_features,f13_cntn_tgps_bsis,391451913,2026-08-29
3f,GPCC_stage3_interaction_feautre,unload_shared_ft_features,f13_cntn_info,218,2026-08-29
3f,GPCC_stage3_interaction_feautre,unload_shared_ft_features,f13_cust_bhve_info,389685758,2026-08-29
3f,GPCC_stage4_post_proc,load_rec_result,rec_trgt,391451913,2026-08-29
3f,GPCC_stage4_post_proc,load_rec_result,ft_raw_result,396968518,2026-08-29
3f,GPCC_stage4_post_proc,load_rec_result,applied_contents,218,2026-08-29
3f,GPCC_stage4_post_proc,load_rec_result,applied_contents_type,218,2026-08-29
3f,gpcc_dd_transfer,unload_oo3f_rec_benefit_result,oo3f_rec_bnft_rslt,395772677,2026-08-29
3f,GPCC_mthly_rec_result,load_rec_target,rec_trgt,393284560,2026-08-30
3f,GPCC_stage1_item_feature,load_item_meta,camp_meta_with_mrch_cond,233,2026-08-30
3f,GPCC_stage1_item_feature,load_item_meta,mrch_grp_info,3201757,2026-08-30
3f,GPCC_stage1_item_feature,load_item_meta,mccb_cd,3234123,2026-08-30
3f,GPCC_stage1_item_feature,load_item_meta,mcno_spd_sary,2148560,2026-08-30
3f,GPCC_stage1_item_feature,load_item_meta,camp_meta,183,2026-08-30
3f,GPCC_stage1_item_feature,load_item_meta,ld_clm_ncob_clas_info,12553,2026-08-30
3f,GPCC_stage1_item_feature,load_item_meta,mrch_dict,3233869,2026-08-30
3f,GPCC_stage1_item_feature,load_item_meta,camp_meta_for_brd,183,2026-08-30
3f,GPCC_stage1_item_feature,load_item_meta,mrch_cond_meta_for_brd,233,2026-08-30
3f,GPCC_stage1_item_feature,load_item_meta,mccb_meta_for_brd,1880,2026-08-30
3f,GPCC_stage1_item_feature,load_item_meta,mrch_info_for_brd,3234123,2026-08-30
3f,GPCC_stage1_item_feature,load_item_meta,brnd_mcno_dict,5452127,2026-08-30
3f,GPCC_stage1_item_feature,load_item_meta,brnd_cndd_dict,21484,2026-08-30
3f,GPCC_stage1_item_feature,load_item_meta,brnd_ctgr_dict,867,2026-08-30
3f,GPCC_stage1_item_feature,load_item_meta,mccb_ctgr_dict,1421,2026-08-30
3f,GPCC_stage1_item_feature,load_log_parser,log_raw,493109478,2026-08-30
3f,GPCC_stage1_item_feature,load_log_parser,rec_result,389080790,2026-08-30
3f,GPCC_stage1_item_feature,load_log_parser,item_meta,183,2026-08-30
3f,GPCC_stage1_item_feature,load_item_feature,ifeature_ptag,2410139,2026-08-30
3f,GPCC_stage1_item_feature,load_item_feature,ifeature_mm_mrch_rsl_date,1,2026-08-30
3f,GPCC_stage1_item_feature,load_item_feature,ifeature_mm_ts_card_pchs_date,1,2026-08-30
3f,GPCC_stage1_item_feature,load_item_feature,feature_mm_pld_use_rsl_date,1,2026-08-30
3f,GPCC_stage1_item_feature,load_item_feature,ifeature_mrch_rsl_ftr,2148560,2026-08-30
3f,GPCC_stage1_item_feature,load_item_feature,ifeature_ts_card_pchs,8612340,2026-08-30
3f,GPCC_stage1_item_feature,load_item_feature,ifeature_sow_high,6231880,2026-08-30
3f,GPCC_stage2_select,load_user_features,user_features,6188323,2026-08-30
3f,GPCC_stage2_select,load_dv_features,dv_features,8859838,2026-08-30
3f,GPCC_stage2_select,load_user_lgcn_embs,user_lgcn_embs,8915865,2026-08-30
3f,GPCC_stage2_select,load_item_meta,item_meta,183,2026-08-30
3f,GPCC_stage2_select,load_item_emb_feat,item_emb_feat,183,2026-08-30
3f,GPCC_stage2_select,load_item_lgcn_embs,item_lgcn_embs,183,2026-08-30
3f,GPCC_stage3_interaction_feautre,load_interaction_feature,uifeature_mm_mrch_rsl_date,1,2026-08-30
3f,GPCC_stage3_interaction_feautre,load_interaction_feature,uifeature_mm_ts_card_pchs_date,1,2026-08-30
3f,GPCC_stage3_interaction_feautre,load_interaction_feature,uifeature_mm_pld_use_rsl_date,1,2026-08-30
3f,GPCC_stage3_interaction_feautre,load_interaction_feature,uifeature_ts_card_pchs,8612340,2026-08-30
3f,GPCC_stage3_interaction_feautre,load_interaction_feature,uifeature_cntn_mcno_all,617305,2026-08-30
3f,GPCC_stage3_interaction_feautre,load_interaction_feature,uifeature_cntn_mrch_spd,559816,2026-08-30
3f,GPCC_stage3_interaction_feautre,load_interaction_feature,uifeature_3rs_svc_bhve_mrt_v3,6188323,2026-08-30
3f,GPCC_stage3_interaction_feautre,load_interaction_feature,uifeature_csno,8940034,2026-08-30
3f,GPCC_stage3_interaction_feautre,load_interaction_feature,uifeature_rec_result,389184585,2026-08-30
3f,GPCC_stage3_interaction_feautre,load_interaction_feature,uifeature_cntn,183,2026-08-30
3f,GPCC_stage3_interaction_feautre,load_interaction_feature,uifeature_usr_cntn_hstr_usr,152883635,2026-08-30
3f,GPCC_stage3_interaction_feautre,load_interaction_feature,uifeature_usr_cntn_hstr_uc,272756676,2026-08-30
3f,GPCC_stage3_interaction_feautre,load_interaction_feature,uifeature_usr_cntn_hstr_ucm,178267453,2026-08-30
3f,GPCC_stage3_interaction_feautre,load_interaction_feature,uifeature_usr_cntn_hstr_ucc,131865105,2026-08-30
3f,GPCC_stage3_interaction_feautre,load_interaction_feature,uifeature_usr_cntn_hstr_uct,39256665,2026-08-30
3f,GPCC_stage3_interaction_feautre,load_interaction_feature,uifeature_usr_cntn_hstr_ucp,44305957,2026-08-30
3f,GPCC_stage3_interaction_feautre,load_rec_target,ft_rec_trgt,393284560,2026-08-30
3f,GPCC_stage3_interaction_feautre,unload_shared_ft_features,f13_cntn_tgps_bsis,393284560,2026-08-30
3f,GPCC_stage3_interaction_feautre,unload_shared_ft_features,f13_cntn_info,183,2026-08-30
3f,GPCC_stage3_interaction_feautre,unload_shared_ft_features,f13_cust_bhve_info,380860752,2026-08-30
3f,GPCC_stage4_post_proc,load_rec_result,rec_trgt,393284560,2026-08-30
3f,GPCC_stage4_post_proc,load_rec_result,ft_raw_result,389346810,2026-08-30
3f,GPCC_stage4_post_proc,load_rec_result,applied_contents,183,2026-08-30
3f,GPCC_stage4_post_proc,load_rec_result,applied_contents_type,183,2026-08-30
3f,gpcc_dd_transfer,unload_oo3f_rec_benefit_result,oo3f_rec_bnft_rslt,388451030,2026-08-30
3f,GPCC_mthly_rec_result,load_rec_target,rec_trgt,395448618,2026-08-31
3f,GPCC_stage1_item_feature,load_item_meta,camp_meta_with_mrch_cond,164,2026-08-31
3f,GPCC_stage1_item_feature,load_item_meta,mrch_grp_info,3201847,2026-08-31
3f,GPCC_stage1_item_feature,load_item_meta,mccb_cd,3233419,2026-08-31
3f,GPCC_stage1_item_feature,load_item_meta,mcno_spd_sary,2148560,2026-08-31
3f,GPCC_stage1_item_feature,load_item_meta,camp_meta,183,2026-08-31
3f,GPCC_stage1_item_feature,load_item_meta,ld_clm_ncob_clas_info,12553,2026-08-31
3f,GPCC_stage1_item_feature,load_item_meta,mrch_dict,3234322,2026-08-31
3f,GPCC_stage1_item_feature,load_item_meta,camp_meta_for_brd,183,2026-08-31
3f,GPCC_stage1_item_feature,load_item_meta,mrch_cond_meta_for_brd,164,2026-08-31
3f,GPCC_stage1_item_feature,load_item_meta,mccb_meta_for_brd,1881,2026-08-31
3f,GPCC_stage1_item_feature,load_item_meta,mrch_info_for_brd,3233419,2026-08-31
3f,GPCC_stage1_item_feature,load_item_meta,brnd_mcno_dict,5454536,2026-08-31
3f,GPCC_stage1_item_feature,load_item_meta,brnd_cndd_dict,21471,2026-08-31
3f,GPCC_stage1_item_feature,load_item_meta,brnd_ctgr_dict,867,2026-08-31
3f,GPCC_stage1_item_feature,load_item_meta,mccb_ctgr_dict,1421,2026-08-31
3f,GPCC_stage1_item_feature,load_log_parser,log_raw,501719645,2026-08-31
3f,GPCC_stage1_item_feature,load_log_parser,rec_result,394348063,2026-08-31
3f,GPCC_stage1_item_feature,load_log_parser,item_meta,183,2026-08-31
3f,GPCC_stage1_item_feature,load_item_feature,ifeature_ptag,2410446,2026-08-31
3f,GPCC_stage1_item_feature,load_item_feature,ifeature_mm_mrch_rsl_date,1,2026-08-31
3f,GPCC_stage1_item_feature,load_item_feature,ifeature_mm_ts_card_pchs_date,1,2026-08-31
3f,GPCC_stage1_item_feature,load_item_feature,feature_mm_pld_use_rsl_date,1,2026-08-31
3f,GPCC_stage1_item_feature,load_item_feature,ifeature_mrch_rsl_ftr,2148560,2026-08-31
3f,GPCC_stage1_item_feature,load_item_feature,ifeature_ts_card_pchs,8612340,2026-08-31
3f,GPCC_stage1_item_feature,load_item_feature,ifeature_sow_high,6231880,2026-08-31
3f,GPCC_stage2_select,load_user_features,user_features,6488971,2026-08-31
3f,GPCC_stage2_select,load_dv_features,dv_features,8665287,2026-08-31
3f,GPCC_stage2_select,load_user_lgcn_embs,user_lgcn_embs,8902875,2026-08-31
3f,GPCC_stage2_select,load_item_meta,item_meta,183,2026-08-31
3f,GPCC_stage2_select,load_item_emb_feat,item_emb_feat,183,2026-08-31
3f,GPCC_stage2_select,load_item_lgcn_embs,item_lgcn_embs,183,2026-08-31
3f,GPCC_stage3_interaction_feautre,load_interaction_feature,uifeature_mm_mrch_rsl_date,1,2026-08-31
3f,GPCC_stage3_interaction_feautre,load_interaction_feature,uifeature_mm_ts_card_pchs_date,1,2026-08-31
3f,GPCC_stage3_interaction_feautre,load_interaction_feature,uifeature_mm_pld_use_rsl_date,1,2026-08-31
3f,GPCC_stage3_interaction_feautre,load_interaction_feature,uifeature_ts_card_pchs,8612340,2026-08-31
3f,GPCC_stage3_interaction_feautre,load_interaction_feature,uifeature_cntn_mcno_all,616649,2026-08-31
3f,GPCC_stage3_interaction_feautre,load_interaction_feature,uifeature_cntn_mrch_spd,563148,2026-08-31
3f,GPCC_stage3_interaction_feautre,load_interaction_feature,uifeature_3rs_svc_bhve_mrt_v3,6488971,2026-08-31
3f,GPCC_stage3_interaction_feautre,load_interaction_feature,uifeature_csno,8939700,2026-08-31
3f,GPCC_stage3_interaction_feautre,load_interaction_feature,uifeature_rec_result,393978020,2026-08-31
3f,GPCC_stage3_interaction_feautre,load_interaction_feature,uifeature_cntn,183,2026-08-31
3f,GPCC_stage3_interaction_feautre,load_interaction_feature,uifeature_usr_cntn_hstr_usr,154884929,2026-08-31
3f,GPCC_stage3_interaction_feautre,load_interaction_feature,uifeature_usr_cntn_hstr_uc,276745075,2026-08-31
3f,GPCC_stage3_interaction_feautre,load_interaction_feature,uifeature_usr_cntn_hstr_ucm,179438095,2026-08-31
3f,GPCC_stage3_interaction_feautre,load_interaction_feature,uifeature_usr_cntn_hstr_ucc,134319414,2026-08-31
3f,GPCC_stage3_interaction_feautre,load_interaction_feature,uifeature_usr_cntn_hstr_uct,40227272,2026-08-31
3f,GPCC_stage3_interaction_feautre,load_interaction_feature,uifeature_usr_cntn_hstr_ucp,45138592,2026-08-31
3f,GPCC_stage3_interaction_feautre,load_rec_target,ft_rec_trgt,395448618,2026-08-31
3f,GPCC_stage3_interaction_feautre,unload_shared_ft_features,f13_cntn_tgps_bsis,395448618,2026-08-31
3f,GPCC_stage3_interaction_feautre,unload_shared_ft_features,f13_cntn_info,183,2026-08-31
3f,GPCC_stage3_interaction_feautre,unload_shared_ft_features,f13_cust_bhve_info,386949670,2026-08-31
3f,GPCC_stage4_post_proc,load_rec_result,rec_trgt,395448618,2026-08-31
3f,GPCC_stage4_post_proc,load_rec_result,ft_raw_result,394922257,2026-08-31
3f,GPCC_stage4_post_proc,load_rec_result,applied_contents,183,2026-08-31
3f,GPCC_stage4_post_proc,load_rec_result,applied_contents_type,183,2026-08-31
3f,GPCC_train,load_user_features_inf,user_features_inf,6488971,2026-08-31
3f,GPCC_train,load_user_features,user_features,155719389,2026-08-31
3f,GPCC_train,load_item_emb_feat,item_emb_feat,183,2026-08-31
3f,GPCC_train,load_item_meta,item_meta,183,2026-08-31
3f,GPCC_train,load_interaction,interaction,386700139,2026-08-31
3f,gpcc_dd_transfer,unload_oo3f_rec_benefit_result,oo3f_rec_bnft_rslt,394251177,2026-08-31
