service_id,workflow_id,task_id,metric_col,metric_name,metric_value,part_dt
3f,GPCC_mthly_rec_result,load_rec_target,csno,distinct_count,8623139.0,2026-08-01
3f,GPCC_mthly_rec_result,load_rec_target,cntn_id,distinct_count,213.0,2026-08-01
3f,GPCC_mthly_rec_result,load_rec_target,csno,null_count,0.0,2026-08-01
3f,GPCC_mthly_rec_result,load_rec_target,cntn_id,null_count,0.0,2026-08-01
3f,GPCC_stage1_item_feature,load_item_feature,part_yrmn,distinct_count,1.0,2026-08-01
3f,GPCC_stage1_item_feature,load_item_feature,part_mt,distinct_count,2.0,2026-08-01
3f,GPCC_stage1_item_feature,load_item_feature,mcno,distinct_count,2148560.0,2026-08-01
3f,GPCC_stage1_item_feature,load_item_feature,mccb_cd,distinct_count,1802.0,2026-08-01
3f,GPCC_stage1_item_feature,load_item_feature,pchs_cnt,distinct_count,9431.0,2026-08-01
3f,GPCC_stage1_item_feature,load_item_feature,pchs_ns,distinct_count,536204.0,2026-08-01
3f,GPCC_stage1_item_feature,load_item_feature,user_cnt,distinct_count,7284.0,2026-08-01
3f,GPCC_stage1_item_feature,load_item_feature,part_yrmn,null_count,0.0,2026-08-01
3f,GPCC_stage1_item_feature,load_item_feature,part_mt,null_count,0.0,2026-08-01
3f,GPCC_stage1_item_feature,load_item_feature,mcno,null_count,0.0,2026-08-01
3f,GPCC_stage1_item_feature,load_item_feature,mccb_cd,null_count,0.0,2026-08-01
3f,GPCC_stage1_item_feature,load_item_feature,pchs_cnt,null_count,0.0,2026-08-01
3f,GPCC_stage1_item_feature,load_item_feature,pchs_ns,null_count,0.0,2026-08-01
3f,GPCC_stage1_item_feature,load_item_feature,user_cnt,null_count,0.0,2026-08-01
3f,GPCC_stage1_item_feature,load_item_meta,mccb_cd,distinct_count,1868.0,2026-08-01
3f,GPCC_stage1_item_feature,load_item_meta,mccb_cd_nm,distinct_count,1868.0,2026-08-01
3f,GPCC_stage1_item_feature,load_item_meta,clm_cd_nm,distinct_count,87.0,2026-08-01
3f,GPCC_stage1_item_feature,load_item_meta,mccb_cd,null_count,0.0,2026-08-01
3f,GPCC_stage1_item_feature,load_item_meta,mccb_cd_nm,null_count,0.0,2026-08-01
3f,GPCC_stage1_item_feature,load_item_meta,clm_cd_nm,null_count,0.0,2026-08-01
3f,GPCC_stage1_item_feature,load_log_parser,csno,distinct_count,6102509.0,2026-08-01
3f,GPCC_stage1_item_feature,load_log_parser,cntn_id,distinct_count,205.0,2026-08-01
3f,GPCC_stage1_item_feature,load_log_parser,csno,null_count,88.0,2026-08-01
3f,GPCC_stage1_item_feature,load_log_parser,cntn_id,null_count,3394.0,2026-08-01
3f,GPCC_stage3_interaction_feautre,load_rec_target,csno,distinct_count,8623139.0,2026-08-01
3f,GPCC_stage3_interaction_feautre,load_rec_target,cntn_id,distinct_count,213.0,2026-08-01
3f,GPCC_stage3_interaction_feautre,load_rec_target,csno,null_count,0.0,2026-08-01
3f,GPCC_stage3_interaction_feautre,load_rec_target,cntn_id,null_count,0.0,2026-08-01
3f,GPCC_stage4_post_proc,load_rec_result,csno,distinct_count,8624513.0,2026-08-01
3f,GPCC_stage4_post_proc,load_rec_result,cntn_id,distinct_count,215.0,2026-08-01
3f,GPCC_stage4_post_proc,load_rec_result,csno,null_count,0.0,2026-08-01
3f,GPCC_stage4_post_proc,load_rec_result,cntn_id,null_count,0.0,2026-08-01
3f,gpcc_dd_transfer,unload_oo3f_rec_benefit_result,csno,distinct_count,8615888.0,2026-08-01
3f,gpcc_dd_transfer,unload_oo3f_rec_benefit_result,cntn_id,distinct_count,215.0,2026-08-01
3f,gpcc_dd_transfer,unload_oo3f_rec_benefit_result,csno,null_count,0.0,2026-08-01
3f,gpcc_dd_transfer,unload_oo3f_rec_benefit_result,cntn_id,null_count,0.0,2026-08-01
3f,GPCC_mthly_rec_result,load_rec_target,csno,distinct_count,8600904.0,2026-08-02
3f,GPCC_mthly_rec_result,load_rec_target,cntn_id,distinct_count,219.0,2026-08-02
3f,GPCC_mthly_rec_result,load_rec_target,csno,null_count,0.0,2026-08-02
3f,GPCC_mthly_rec_result,load_rec_target,cntn_id,null_count,0.0,2026-08-02
3f,GPCC_stage1_item_feature,load_item_feature,part_yrmn,distinct_count,1.0,2026-08-02
3f,GPCC_stage1_item_feature,load_item_feature,part_mt,distinct_count,2.0,2026-08-02
3f,GPCC_stage1_item_feature,load_item_feature,mcno,distinct_count,2148560.0,2026-08-02
3f,GPCC_stage1_item_feature,load_item_feature,mccb_cd,distinct_count,1802.0,2026-08-02
3f,GPCC_stage1_item_feature,load_item_feature,pchs_cnt,distinct_count,9431.0,2026-08-02
3f,GPCC_stage1_item_feature,load_item_feature,pchs_ns,distinct_count,536204.0,2026-08-02
3f,GPCC_stage1_item_feature,load_item_feature,user_cnt,distinct_count,7284.0,2026-08-02
3f,GPCC_stage1_item_feature,load_item_feature,part_yrmn,null_count,0.0,2026-08-02
3f,GPCC_stage1_item_feature,load_item_feature,part_mt,null_count,0.0,2026-08-02
3f,GPCC_stage1_item_feature,load_item_feature,mcno,null_count,0.0,2026-08-02
3f,GPCC_stage1_item_feature,load_item_feature,mccb_cd,null_count,0.0,2026-08-02
3f,GPCC_stage1_item_feature,load_item_feature,pchs_cnt,null_count,0.0,2026-08-02
3f,GPCC_stage1_item_feature,load_item_feature,pchs_ns,null_count,0.0,2026-08-02
3f,GPCC_stage1_item_feature,load_item_feature,user_cnt,null_count,0.0,2026-08-02
3f,GPCC_stage1_item_feature,load_item_meta,mccb_cd,distinct_count,1864.0,2026-08-02
3f,GPCC_stage1_item_feature,load_item_meta,mccb_cd_nm,distinct_count,1864.0,2026-08-02
3f,GPCC_stage1_item_feature,load_item_meta,clm_cd_nm,distinct_count,87.0,2026-08-02
3f,GPCC_stage1_item_feature,load_item_meta,mccb_cd,null_count,0.0,2026-08-02
3f,GPCC_stage1_item_feature,load_item_meta,mccb_cd_nm,null_count,0.0,2026-08-02
3f,GPCC_stage1_item_feature,load_item_meta,clm_cd_nm,null_count,0.0,2026-08-02
3f,GPCC_stage1_item_feature,load_log_parser,csno,distinct_count,6265716.0,2026-08-02
3f,GPCC_stage1_item_feature,load_log_parser,cntn_id,distinct_count,217.0,2026-08-02
3f,GPCC_stage1_item_feature,load_log_parser,csno,null_count,23.0,2026-08-02
3f,GPCC_stage1_item_feature,load_log_parser,cntn_id,null_count,3803.0,2026-08-02
3f,GPCC_stage3_interaction_feautre,load_rec_target,csno,distinct_count,8600904.0,2026-08-02
3f,GPCC_stage3_interaction_feautre,load_rec_target,cntn_id,distinct_count,219.0,2026-08-02
3f,GPCC_stage3_interaction_feautre,load_rec_target,csno,null_count,0.0,2026-08-02
3f,GPCC_stage3_interaction_feautre,load_rec_target,cntn_id,null_count,0.0,2026-08-02
3f,GPCC_stage4_post_proc,load_rec_result,csno,distinct_count,8598680.0,2026-08-02
3f,GPCC_stage4_post_proc,load_rec_result,cntn_id,distinct_count,219.0,2026-08-02
3f,GPCC_stage4_post_proc,load_rec_result,csno,null_count,0.0,2026-08-02
3f,GPCC_stage4_post_proc,load_rec_result,cntn_id,null_count,0.0,2026-08-02
3f,gpcc_dd_transfer,unload_oo3f_rec_benefit_result,csno,distinct_count,8590081.0,2026-08-02
3f,gpcc_dd_transfer,unload_oo3f_rec_benefit_result,cntn_id,distinct_count,219.0,2026-08-02
3f,gpcc_dd_transfer,unload_oo3f_rec_benefit_result,csno,null_count,0.0,2026-08-02
3f,gpcc_dd_transfer,unload_oo3f_rec_benefit_result,cntn_id,null_count,0.0,2026-08-02
3f,GPCC_mthly_rec_result,load_rec_target,csno,distinct_count,8638414.0,2026-08-03
3f,GPCC_mthly_rec_result,load_rec_target,cntn_id,distinct_count,159.0,2026-08-03
3f,GPCC_mthly_rec_result,load_rec_target,csno,null_count,0.0,2026-08-03
3f,GPCC_mthly_rec_result,load_rec_target,cntn_id,null_count,0.0,2026-08-03
3f,GPCC_stage1_item_feature,load_item_feature,part_yrmn,distinct_count,1.0,2026-08-03
3f,GPCC_stage1_item_feature,load_item_feature,part_mt,distinct_count,2.0,2026-08-03
3f,GPCC_stage1_item_feature,load_item_feature,mcno,distinct_count,2148560.0,2026-08-03
3f,GPCC_stage1_item_feature,load_item_feature,mccb_cd,distinct_count,1802.0,2026-08-03
3f,GPCC_stage1_item_feature,load_item_feature,pchs_cnt,distinct_count,9431.0,2026-08-03
3f,GPCC_stage1_item_feature,load_item_feature,pchs_ns,distinct_count,536204.0,2026-08-03
3f,GPCC_stage1_item_feature,load_item_feature,user_cnt,distinct_count,7284.0,2026-08-03
3f,GPCC_stage1_item_feature,load_item_feature,part_yrmn,null_count,0.0,2026-08-03
3f,GPCC_stage1_item_feature,load_item_feature,part_mt,null_count,0.0,2026-08-03
3f,GPCC_stage1_item_feature,load_item_feature,mcno,null_count,0.0,2026-08-03
3f,GPCC_stage1_item_feature,load_item_feature,mccb_cd,null_count,0.0,2026-08-03
3f,GPCC_stage1_item_feature,load_item_feature,pchs_cnt,null_count,0.0,2026-08-03
3f,GPCC_stage1_item_feature,load_item_feature,pchs_ns,null_count,0.0,2026-08-03
3f,GPCC_stage1_item_feature,load_item_feature,user_cnt,null_count,0.0,2026-08-03
3f,GPCC_stage1_item_feature,load_item_meta,mccb_cd,distinct_count,1868.0,2026-08-03
3f,GPCC_stage1_item_feature,load_item_meta,mccb_cd_nm,distinct_count,1868.0,2026-08-03
3f,GPCC_stage1_item_feature,load_item_meta,clm_cd_nm,distinct_count,87.0,2026-08-03
3f,GPCC_stage1_item_feature,load_item_meta,mccb_cd,null_count,0.0,2026-08-03
3f,GPCC_stage1_item_feature,load_item_meta,mccb_cd_nm,null_count,0.0,2026-08-03
3f,GPCC_stage1_item_feature,load_item_meta,clm_cd_nm,null_count,0.0,2026-08-03
3f,GPCC_stage1_item_feature,load_log_parser,csno,distinct_count,6008367.0,2026-08-03
3f,GPCC_stage1_item_feature,load_log_parser,cntn_id,distinct_count,159.0,2026-08-03
3f,GPCC_stage1_item_feature,load_log_parser,csno,null_count,108.0,2026-08-03
3f,GPCC_stage1_item_feature,load_log_parser,cntn_id,null_count,3047.0,2026-08-03
3f,GPCC_stage3_interaction_feautre,load_rec_target,csno,distinct_count,8638414.0,2026-08-03
3f,GPCC_stage3_interaction_feautre,load_rec_target,cntn_id,distinct_count,159.0,2026-08-03
3f,GPCC_stage3_interaction_feautre,load_rec_target,csno,null_count,0.0,2026-08-03
3f,GPCC_stage3_interaction_feautre,load_rec_target,cntn_id,null_count,0.0,2026-08-03
3f,GPCC_stage4_post_proc,load_rec_result,csno,distinct_count,8640331.0,2026-08-03
3f,GPCC_stage4_post_proc,load_rec_result,cntn_id,distinct_count,162.0,2026-08-03
3f,GPCC_stage4_post_proc,load_rec_result,csno,null_count,0.0,2026-08-03
3f,GPCC_stage4_post_proc,load_rec_result,cntn_id,null_count,0.0,2026-08-03
3f,gpcc_dd_transfer,unload_oo3f_rec_benefit_result,csno,distinct_count,8631690.0,2026-08-03
3f,gpcc_dd_transfer,unload_oo3f_rec_benefit_result,cntn_id,distinct_count,162.0,2026-08-03
3f,gpcc_dd_transfer,unload_oo3f_rec_benefit_result,csno,null_count,0.0,2026-08-03
3f,gpcc_dd_transfer,unload_oo3f_rec_benefit_result,cntn_id,null_count,0.0,2026-08-03
3f,GPCC_mthly_rec_result,load_rec_target,csno,distinct_count,8890564.0,2026-08-04
3f,GPCC_mthly_rec_result,load_rec_target,cntn_id,distinct_count,172.0,2026-08-04
3f,GPCC_mthly_rec_result,load_rec_target,csno,null_count,0.0,2026-08-04
3f,GPCC_mthly_rec_result,load_rec_target,cntn_id,null_count,0.0,2026-08-04
3f,GPCC_stage1_item_feature,load_item_feature,part_yrmn,distinct_count,1.0,2026-08-04
3f,GPCC_stage1_item_feature,load_item_feature,part_mt,distinct_count,2.0,2026-08-04
3f,GPCC_stage1_item_feature,load_item_feature,mcno,distinct_count,2148560.0,2026-08-04
3f,GPCC_stage1_item_feature,load_item_feature,mccb_cd,distinct_count,1802.0,2026-08-04
3f,GPCC_stage1_item_feature,load_item_feature,pchs_cnt,distinct_count,9431.0,2026-08-04
3f,GPCC_stage1_item_feature,load_item_feature,pchs_ns,distinct_count,536204.0,2026-08-04
3f,GPCC_stage1_item_feature,load_item_feature,user_cnt,distinct_count,7284.0,2026-08-04
3f,GPCC_stage1_item_feature,load_item_feature,part_yrmn,null_count,0.0,2026-08-04
3f,GPCC_stage1_item_feature,load_item_feature,part_mt,null_count,0.0,2026-08-04
3f,GPCC_stage1_item_feature,load_item_feature,mcno,null_count,0.0,2026-08-04
3f,GPCC_stage1_item_feature,load_item_feature,mccb_cd,null_count,0.0,2026-08-04
3f,GPCC_stage1_item_feature,load_item_feature,pchs_cnt,null_count,0.0,2026-08-04
3f,GPCC_stage1_item_feature,load_item_feature,pchs_ns,null_count,0.0,2026-08-04
3f,GPCC_stage1_item_feature,load_item_feature,user_cnt,null_count,0.0,2026-08-04
3f,GPCC_stage1_item_feature,load_item_meta,mccb_cd,distinct_count,1864.0,2026-08-04
3f,GPCC_stage1_item_feature,load_item_meta,mccb_cd_nm,distinct_count,1864.0,2026-08-04
3f,GPCC_stage1_item_feature,load_item_meta,clm_cd_nm,distinct_count,87.0,2026-08-04
3f,GPCC_stage1_item_feature,load_item_meta,mccb_cd,null_count,0.0,2026-08-04
3f,GPCC_stage1_item_feature,load_item_meta,mccb_cd_nm,null_count,0.0,2026-08-04
3f,GPCC_stage1_item_feature,load_item_meta,clm_cd_nm,null_count,0.0,2026-08-04
3f,GPCC_stage1_item_feature,load_log_parser,csno,distinct_count,5844542.0,2026-08-04
3f,GPCC_stage1_item_feature,load_log_parser,cntn_id,distinct_count,169.0,2026-08-04
3f,GPCC_stage1_item_feature,load_log_parser,csno,null_count,60.0,2026-08-04
3f,GPCC_stage1_item_feature,load_log_parser,cntn_id,null_count,3750.0,2026-08-04
3f,GPCC_stage3_interaction_feautre,load_rec_target,csno,distinct_count,8890564.0,2026-08-04
3f,GPCC_stage3_interaction_feautre,load_rec_target,cntn_id,distinct_count,172.0,2026-08-04
3f,GPCC_stage3_interaction_feautre,load_rec_target,csno,null_count,0.0,2026-08-04
3f,GPCC_stage3_interaction_feautre,load_rec_target,cntn_id,null_count,0.0,2026-08-04
3f,GPCC_stage4_post_proc,load_rec_result,csno,distinct_count,8892410.0,2026-08-04
3f,GPCC_stage4_post_proc,load_rec_result,cntn_id,distinct_count,175.0,2026-08-04
3f,GPCC_stage4_post_proc,load_rec_result,csno,null_count,0.0,2026-08-04
3f,GPCC_stage4_post_proc,load_rec_result,cntn_id,null_count,0.0,2026-08-04
3f,gpcc_dd_transfer,unload_oo3f_rec_benefit_result,csno,distinct_count,8883517.0,2026-08-04
3f,gpcc_dd_transfer,unload_oo3f_rec_benefit_result,cntn_id,distinct_count,175.0,2026-08-04
3f,gpcc_dd_transfer,unload_oo3f_rec_benefit_result,csno,null_count,0.0,2026-08-04
3f,gpcc_dd_transfer,unload_oo3f_rec_benefit_result,cntn_id,null_count,0.0,2026-08-04
3f,GPCC_mthly_rec_result,load_rec_target,csno,distinct_count,8811528.0,2026-08-05
3f,GPCC_mthly_rec_result,load_rec_target,cntn_id,distinct_count,242.0,2026-08-05
3f,GPCC_mthly_rec_result,load_rec_target,csno,null_count,0.0,2026-08-05
3f,GPCC_mthly_rec_result,load_rec_target,cntn_id,null_count,0.0,2026-08-05
3f,GPCC_stage1_item_feature,load_item_feature,part_yrmn,distinct_count,1.0,2026-08-05
3f,GPCC_stage1_item_feature,load_item_feature,part_mt,distinct_count,2.0,2026-08-05
3f,GPCC_stage1_item_feature,load_item_feature,mcno,distinct_count,2148560.0,2026-08-05
3f,GPCC_stage1_item_feature,load_item_feature,mccb_cd,distinct_count,1802.0,2026-08-05
3f,GPCC_stage1_item_feature,load_item_feature,pchs_cnt,distinct_count,9431.0,2026-08-05
3f,GPCC_stage1_item_feature,load_item_feature,pchs_ns,distinct_count,536204.0,2026-08-05
3f,GPCC_stage1_item_feature,load_item_feature,user_cnt,distinct_count,7284.0,2026-08-05
3f,GPCC_stage1_item_feature,load_item_feature,part_yrmn,null_count,0.0,2026-08-05
3f,GPCC_stage1_item_feature,load_item_feature,part_mt,null_count,0.0,2026-08-05
3f,GPCC_stage1_item_feature,load_item_feature,mcno,null_count,0.0,2026-08-05
3f,GPCC_stage1_item_feature,load_item_feature,mccb_cd,null_count,0.0,2026-08-05
3f,GPCC_stage1_item_feature,load_item_feature,pchs_cnt,null_count,0.0,2026-08-05
3f,GPCC_stage1_item_feature,load_item_feature,pchs_ns,null_count,0.0,2026-08-05
3f,GPCC_stage1_item_feature,load_item_feature,user_cnt,null_count,0.0,2026-08-05
3f,GPCC_stage1_item_feature,load_item_meta,mccb_cd,distinct_count,1867.0,2026-08-05
3f,GPCC_stage1_item_feature,load_item_meta,mccb_cd_nm,distinct_count,1867.0,2026-08-05
3f,GPCC_stage1_item_feature,load_item_meta,clm_cd_nm,distinct_count,87.0,2026-08-05
3f,GPCC_stage1_item_feature,load_item_meta,mccb_cd,null_count,0.0,2026-08-05
3f,GPCC_stage1_item_feature,load_item_meta,mccb_cd_nm,null_count,0.0,2026-08-05
3f,GPCC_stage1_item_feature,load_item_meta,clm_cd_nm,null_count,0.0,2026-08-05
3f,GPCC_stage1_item_feature,load_log_parser,csno,distinct_count,6535359.0,2026-08-05
3f,GPCC_stage1_item_feature,load_log_parser,cntn_id,distinct_count,238.0,2026-08-05
3f,GPCC_stage1_item_feature,load_log_parser,csno,null_count,111.0,2026-08-05
3f,GPCC_stage1_item_feature,load_log_parser,cntn_id,null_count,3751.0,2026-08-05
3f,GPCC_stage3_interaction_feautre,load_rec_target,csno,distinct_count,8811528.0,2026-08-05
3f,GPCC_stage3_interaction_feautre,load_rec_target,cntn_id,distinct_count,242.0,2026-08-05
3f,GPCC_stage3_interaction_feautre,load_rec_target,csno,null_count,0.0,2026-08-05
3f,GPCC_stage3_interaction_feautre,load_rec_target,cntn_id,null_count,0.0,2026-08-05
3f,GPCC_stage4_post_proc,load_rec_result,csno,distinct_count,8810273.0,2026-08-05
3f,GPCC_stage4_post_proc,load_rec_result,cntn_id,distinct_count,245.0,2026-08-05
3f,GPCC_stage4_post_proc,load_rec_result,csno,null_count,0.0,2026-08-05
3f,GPCC_stage4_post_proc,load_rec_result,cntn_id,null_count,0.0,2026-08-05
3f,gpcc_dd_transfer,unload_oo3f_rec_benefit_result,csno,distinct_count,8801462.0,2026-08-05
3f,gpcc_dd_transfer,unload_oo3f_rec_benefit_result,cntn_id,distinct_count,245.0,2026-08-05
3f,gpcc_dd_transfer,unload_oo3f_rec_benefit_result,csno,null_count,0.0,2026-08-05
3f,gpcc_dd_transfer,unload_oo3f_rec_benefit_result,cntn_id,null_count,0.0,2026-08-05
3f,GPCC_mthly_rec_result,load_rec_target,csno,distinct_count,8882482.0,2026-08-06
3f,GPCC_mthly_rec_result,load_rec_target,cntn_id,distinct_count,246.0,2026-08-06
3f,GPCC_mthly_rec_result,load_rec_target,csno,null_count,0.0,2026-08-06
3f,GPCC_mthly_rec_result,load_rec_target,cntn_id,null_count,0.0,2026-08-06
3f,GPCC_stage1_item_feature,load_item_feature,part_yrmn,distinct_count,1.0,2026-08-06
3f,GPCC_stage1_item_feature,load_item_feature,part_mt,distinct_count,2.0,2026-08-06
3f,GPCC_stage1_item_feature,load_item_feature,mcno,distinct_count,2148560.0,2026-08-06
3f,GPCC_stage1_item_feature,load_item_feature,mccb_cd,distinct_count,1802.0,2026-08-06
3f,GPCC_stage1_item_feature,load_item_feature,pchs_cnt,distinct_count,9431.0,2026-08-06
3f,GPCC_stage1_item_feature,load_item_feature,pchs_ns,distinct_count,536204.0,2026-08-06
3f,GPCC_stage1_item_feature,load_item_feature,user_cnt,distinct_count,7284.0,2026-08-06
3f,GPCC_stage1_item_feature,load_item_feature,part_yrmn,null_count,0.0,2026-08-06
3f,GPCC_stage1_item_feature,load_item_feature,part_mt,null_count,0.0,2026-08-06
3f,GPCC_stage1_item_feature,load_item_feature,mcno,null_count,0.0,2026-08-06
3f,GPCC_stage1_item_feature,load_item_feature,mccb_cd,null_count,0.0,2026-08-06
3f,GPCC_stage1_item_feature,load_item_feature,pchs_cnt,null_count,0.0,2026-08-06
3f,GPCC_stage1_item_feature,load_item_feature,pchs_ns,null_count,0.0,2026-08-06
3f,GPCC_stage1_item_feature,load_item_feature,user_cnt,null_count,0.0,2026-08-06
3f,GPCC_stage1_item_feature,load_item_meta,mccb_cd,distinct_count,1870.0,2026-08-06
3f,GPCC_stage1_item_feature,load_item_meta,mccb_cd_nm,distinct_count,1870.0,2026-08-06
3f,GPCC_stage1_item_feature,load_item_meta,clm_cd_nm,distinct_count,87.0,2026-08-06
3f,GPCC_stage1_item_feature,load_item_meta,mccb_cd,null_count,0.0,2026-08-06
3f,GPCC_stage1_item_feature,load_item_meta,mccb_cd_nm,null_count,0.0,2026-08-06
3f,GPCC_stage1_item_feature,load_item_meta,clm_cd_nm,null_count,0.0,2026-08-06
3f,GPCC_stage1_item_feature,load_log_parser,csno,distinct_count,5841106.0,2026-08-06
3f,GPCC_stage1_item_feature,load_log_parser,cntn_id,distinct_count,248.0,2026-08-06
3f,GPCC_stage1_item_feature,load_log_parser,csno,null_count,71.0,2026-08-06
3f,GPCC_stage1_item_feature,load_log_parser,cntn_id,null_count,5601.0,2026-08-06
3f,GPCC_stage3_interaction_feautre,load_rec_target,csno,distinct_count,8882482.0,2026-08-06
3f,GPCC_stage3_interaction_feautre,load_rec_target,cntn_id,distinct_count,246.0,2026-08-06
3f,GPCC_stage3_interaction_feautre,load_rec_target,csno,null_count,0.0,2026-08-06
3f,GPCC_stage3_interaction_feautre,load_rec_target,cntn_id,null_count,0.0,2026-08-06
3f,GPCC_stage4_post_proc,load_rec_result,csno,distinct_count,8882171.0,2026-08-06
3f,GPCC_stage4_post_proc,load_rec_result,cntn_id,distinct_count,248.0,2026-08-06
3f,GPCC_stage4_post_proc,load_rec_result,csno,null_count,0.0,2026-08-06
3f,GPCC_stage4_post_proc,load_rec_result,cntn_id,null_count,0.0,2026-08-06
3f,gpcc_dd_transfer,unload_oo3f_rec_benefit_result,csno,distinct_count,8873288.0,2026-08-06
3f,gpcc_dd_transfer,unload_oo3f_rec_benefit_result,cntn_id,distinct_count,248.0,2026-08-06
3f,gpcc_dd_transfer,unload_oo3f_rec_benefit_result,csno,null_count,0.0,2026-08-06
3f,gpcc_dd_transfer,unload_oo3f_rec_benefit_result,cntn_id,null_count,0.0,2026-08-06
3f,GPCC_mthly_rec_result,load_rec_target,csno,distinct_count,8852519.0,2026-08-07
3f,GPCC_mthly_rec_result,load_rec_target,cntn_id,distinct_count,226.0,2026-08-07
3f,GPCC_mthly_rec_result,load_rec_target,csno,null_count,0.0,2026-08-07
3f,GPCC_mthly_rec_result,load_rec_target,cntn_id,null_count,0.0,2026-08-07
3f,GPCC_stage1_item_feature,load_item_feature,part_yrmn,distinct_count,1.0,2026-08-07
3f,GPCC_stage1_item_feature,load_item_feature,part_mt,distinct_count,2.0,2026-08-07
3f,GPCC_stage1_item_feature,load_item_feature,mcno,distinct_count,2148560.0,2026-08-07
3f,GPCC_stage1_item_feature,load_item_feature,mccb_cd,distinct_count,1802.0,2026-08-07
3f,GPCC_stage1_item_feature,load_item_feature,pchs_cnt,distinct_count,9431.0,2026-08-07
3f,GPCC_stage1_item_feature,load_item_feature,pchs_ns,distinct_count,536204.0,2026-08-07
3f,GPCC_stage1_item_feature,load_item_feature,user_cnt,distinct_count,7284.0,2026-08-07
3f,GPCC_stage1_item_feature,load_item_feature,part_yrmn,null_count,0.0,2026-08-07
3f,GPCC_stage1_item_feature,load_item_feature,part_mt,null_count,0.0,2026-08-07
3f,GPCC_stage1_item_feature,load_item_feature,mcno,null_count,0.0,2026-08-07
3f,GPCC_stage1_item_feature,load_item_feature,mccb_cd,null_count,0.0,2026-08-07
3f,GPCC_stage1_item_feature,load_item_feature,pchs_cnt,null_count,0.0,2026-08-07
3f,GPCC_stage1_item_feature,load_item_feature,pchs_ns,null_count,0.0,2026-08-07
3f,GPCC_stage1_item_feature,load_item_feature,user_cnt,null_count,0.0,2026-08-07
3f,GPCC_stage1_item_feature,load_item_meta,mccb_cd,distinct_count,1869.0,2026-08-07
3f,GPCC_stage1_item_feature,load_item_meta,mccb_cd_nm,distinct_count,1869.0,2026-08-07
3f,GPCC_stage1_item_feature,load_item_meta,clm_cd_nm,distinct_count,87.0,2026-08-07
3f,GPCC_stage1_item_feature,load_item_meta,mccb_cd,null_count,0.0,2026-08-07
3f,GPCC_stage1_item_feature,load_item_meta,mccb_cd_nm,null_count,0.0,2026-08-07
3f,GPCC_stage1_item_feature,load_item_meta,clm_cd_nm,null_count,0.0,2026-08-07
3f,GPCC_stage1_item_feature,load_log_parser,csno,distinct_count,6109031.0,2026-08-07
3f,GPCC_stage1_item_feature,load_log_parser,cntn_id,distinct_count,225.0,2026-08-07
3f,GPCC_stage1_item_feature,load_log_parser,csno,null_count,111.0,2026-08-07
3f,GPCC_stage1_item_feature,load_log_parser,cntn_id,null_count,4311.0,2026-08-07
3f,GPCC_stage3_interaction_feautre,load_rec_target,csno,distinct_count,8852519.0,2026-08-07
3f,GPCC_stage3_interaction_feautre,load_rec_target,cntn_id,distinct_count,226.0,2026-08-07
3f,GPCC_stage3_interaction_feautre,load_rec_target,csno,null_count,0.0,2026-08-07
3f,GPCC_stage3_interaction_feautre,load_rec_target,cntn_id,null_count,0.0,2026-08-07
3f,GPCC_stage4_post_proc,load_rec_result,csno,distinct_count,8851762.0,2026-08-07
3f,GPCC_stage4_post_proc,load_rec_result,cntn_id,distinct_count,229.0,2026-08-07
3f,GPCC_stage4_post_proc,load_rec_result,csno,null_count,0.0,2026-08-07
3f,GPCC_stage4_post_proc,load_rec_result,cntn_id,null_count,0.0,2026-08-07
3f,gpcc_dd_transfer,unload_oo3f_rec_benefit_result,csno,distinct_count,8842910.0,2026-08-07
3f,gpcc_dd_transfer,unload_oo3f_rec_benefit_result,cntn_id,distinct_count,229.0,2026-08-07
3f,gpcc_dd_transfer,unload_oo3f_rec_benefit_result,csno,null_count,0.0,2026-08-07
3f,gpcc_dd_transfer,unload_oo3f_rec_benefit_result,cntn_id,null_count,0.0,2026-08-07
3f,GPCC_mthly_rec_result,load_rec_target,csno,distinct_count,8527548.0,2026-08-08
3f,GPCC_mthly_rec_result,load_rec_target,cntn_id,distinct_count,216.0,2026-08-08
3f,GPCC_mthly_rec_result,load_rec_target,csno,null_count,0.0,2026-08-08
3f,GPCC_mthly_rec_result,load_rec_target,cntn_id,null_count,0.0,2026-08-08
3f,GPCC_stage1_item_feature,load_item_feature,part_yrmn,distinct_count,1.0,2026-08-08
3f,GPCC_stage1_item_feature,load_item_feature,part_mt,distinct_count,2.0,2026-08-08
3f,GPCC_stage1_item_feature,load_item_feature,mcno,distinct_count,2148560.0,2026-08-08
3f,GPCC_stage1_item_feature,load_item_feature,mccb_cd,distinct_count,1802.0,2026-08-08
3f,GPCC_stage1_item_feature,load_item_feature,pchs_cnt,distinct_count,9431.0,2026-08-08
3f,GPCC_stage1_item_feature,load_item_feature,pchs_ns,distinct_count,536204.0,2026-08-08
3f,GPCC_stage1_item_feature,load_item_feature,user_cnt,distinct_count,7284.0,2026-08-08
3f,GPCC_stage1_item_feature,load_item_feature,part_yrmn,null_count,0.0,2026-08-08
3f,GPCC_stage1_item_feature,load_item_feature,part_mt,null_count,0.0,2026-08-08
3f,GPCC_stage1_item_feature,load_item_feature,mcno,null_count,0.0,2026-08-08
3f,GPCC_stage1_item_feature,load_item_feature,mccb_cd,null_count,0.0,2026-08-08
3f,GPCC_stage1_item_feature,load_item_feature,pchs_cnt,null_count,0.0,2026-08-08
3f,GPCC_stage1_item_feature,load_item_feature,pchs_ns,null_count,0.0,2026-08-08
3f,GPCC_stage1_item_feature,load_item_feature,user_cnt,null_count,0.0,2026-08-08
3f,GPCC_stage1_item_feature,load_item_meta,mccb_cd,distinct_count,1868.0,2026-08-08
3f,GPCC_stage1_item_feature,load_item_meta,mccb_cd_nm,distinct_count,1868.0,2026-08-08
3f,GPCC_stage1_item_feature,load_item_meta,clm_cd_nm,distinct_count,87.0,2026-08-08
3f,GPCC_stage1_item_feature,load_item_meta,mccb_cd,null_count,0.0,2026-08-08
3f,GPCC_stage1_item_feature,load_item_meta,mccb_cd_nm,null_count,0.0,2026-08-08
3f,GPCC_stage1_item_feature,load_item_meta,clm_cd_nm,null_count,0.0,2026-08-08
3f,GPCC_stage1_item_feature,load_log_parser,csno,distinct_count,5627375.0,2026-08-08
3f,GPCC_stage1_item_feature,load_log_parser,cntn_id,distinct_count,217.0,2026-08-08
3f,GPCC_stage1_item_feature,load_log_parser,csno,null_count,66.0,2026-08-08
3f,GPCC_stage1_item_feature,load_log_parser,cntn_id,null_count,3068.0,2026-08-08
3f,GPCC_stage3_interaction_feautre,load_rec_target,csno,distinct_count,8527548.0,2026-08-08
3f,GPCC_stage3_interaction_feautre,load_rec_target,cntn_id,distinct_count,216.0,2026-08-08
3f,GPCC_stage3_interaction_feautre,load_rec_target,csno,null_count,0.0,2026-08-08
3f,GPCC_stage3_interaction_feautre,load_rec_target,cntn_id,null_count,0.0,2026-08-08
3f,GPCC_stage4_post_proc,load_rec_result,csno,distinct_count,8526887.0,2026-08-08
3f,GPCC_stage4_post_proc,load_rec_result,cntn_id,distinct_count,218.0,2026-08-08
3f,GPCC_stage4_post_proc,load_rec_result,csno,null_count,0.0,2026-08-08
3f,GPCC_stage4_post_proc,load_rec_result,cntn_id,null_count,0.0,2026-08-08
3f,gpcc_dd_transfer,unload_oo3f_rec_benefit_result,csno,distinct_count,8518360.0,2026-08-08
3f,gpcc_dd_transfer,unload_oo3f_rec_benefit_result,cntn_id,distinct_count,218.0,2026-08-08
3f,gpcc_dd_transfer,unload_oo3f_rec_benefit_result,csno,null_count,0.0,2026-08-08
3f,gpcc_dd_transfer,unload_oo3f_rec_benefit_result,cntn_id,null_count,0.0,2026-08-08
3f,GPCC_mthly_rec_result,load_rec_target,csno,distinct_count,8737740.0,2026-08-09
3f,GPCC_mthly_rec_result,load_rec_target,cntn_id,distinct_count,242.0,2026-08-09
3f,GPCC_mthly_rec_result,load_rec_target,csno,null_count,0.0,2026-08-09
3f,GPCC_mthly_rec_result,load_rec_target,cntn_id,null_count,0.0,2026-08-09
3f,GPCC_stage1_item_feature,load_item_feature,part_yrmn,distinct_count,1.0,2026-08-09
3f,GPCC_stage1_item_feature,load_item_feature,part_mt,distinct_count,2.0,2026-08-09
3f,GPCC_stage1_item_feature,load_item_feature,mcno,distinct_count,2148560.0,2026-08-09
3f,GPCC_stage1_item_feature,load_item_feature,mccb_cd,distinct_count,1802.0,2026-08-09
3f,GPCC_stage1_item_feature,load_item_feature,pchs_cnt,distinct_count,9431.0,2026-08-09
3f,GPCC_stage1_item_feature,load_item_feature,pchs_ns,distinct_count,536204.0,2026-08-09
3f,GPCC_stage1_item_feature,load_item_feature,user_cnt,distinct_count,7284.0,2026-08-09
3f,GPCC_stage1_item_feature,load_item_feature,part_yrmn,null_count,0.0,2026-08-09
3f,GPCC_stage1_item_feature,load_item_feature,part_mt,null_count,0.0,2026-08-09
3f,GPCC_stage1_item_feature,load_item_feature,mcno,null_count,0.0,2026-08-09
3f,GPCC_stage1_item_feature,load_item_feature,mccb_cd,null_count,0.0,2026-08-09
3f,GPCC_stage1_item_feature,load_item_feature,pchs_cnt,null_count,0.0,2026-08-09
3f,GPCC_stage1_item_feature,load_item_feature,pchs_ns,null_count,0.0,2026-08-09
3f,GPCC_stage1_item_feature,load_item_feature,user_cnt,null_count,0.0,2026-08-09
3f,GPCC_stage1_item_feature,load_item_meta,mccb_cd,distinct_count,1870.0,2026-08-09
3f,GPCC_stage1_item_feature,load_item_meta,mccb_cd_nm,distinct_count,1870.0,2026-08-09
3f,GPCC_stage1_item_feature,load_item_meta,clm_cd_nm,distinct_count,87.0,2026-08-09
3f,GPCC_stage1_item_feature,load_item_meta,mccb_cd,null_count,0.0,2026-08-09
3f,GPCC_stage1_item_feature,load_item_meta,mccb_cd_nm,null_count,0.0,2026-08-09
3f,GPCC_stage1_item_feature,load_item_meta,clm_cd_nm,null_count,0.0,2026-08-09
3f,GPCC_stage1_item_feature,load_log_parser,csno,distinct_count,5410154.0,2026-08-09
3f,GPCC_stage1_item_feature,load_log_parser,cntn_id,distinct_count,240.0,2026-08-09
3f,GPCC_stage1_item_feature,load_log_parser,csno,null_count,71.0,2026-08-09
3f,GPCC_stage1_item_feature,load_log_parser,cntn_id,null_count,3348.0,2026-08-09
3f,GPCC_stage3_interaction_feautre,load_rec_target,csno,distinct_count,8737740.0,2026-08-09
3f,GPCC_stage3_interaction_feautre,load_rec_target,cntn_id,distinct_count,242.0,2026-08-09
3f,GPCC_stage3_interaction_feautre,load_rec_target,csno,null_count,0.0,2026-08-09
3f,GPCC_stage3_interaction_feautre,load_rec_target,cntn_id,null_count,0.0,2026-08-09
3f,GPCC_stage4_post_proc,load_rec_result,csno,distinct_count,8734997.0,2026-08-09
3f,GPCC_stage4_post_proc,load_rec_result,cntn_id,distinct_count,245.0,2026-08-09
3f,GPCC_stage4_post_proc,load_rec_result,csno,null_count,0.0,2026-08-09
3f,GPCC_stage4_post_proc,load_rec_result,cntn_id,null_count,0.0,2026-08-09
3f,gpcc_dd_transfer,unload_oo3f_rec_benefit_result,csno,distinct_count,8726262.0,2026-08-09
3f,gpcc_dd_transfer,unload_oo3f_rec_benefit_result,cntn_id,distinct_count,245.0,2026-08-09
3f,gpcc_dd_transfer,unload_oo3f_rec_benefit_result,csno,null_count,0.0,2026-08-09
3f,gpcc_dd_transfer,unload_oo3f_rec_benefit_result,cntn_id,null_count,0.0,2026-08-09
3f,GPCC_mthly_rec_result,load_rec_target,csno,distinct_count,8854159.0,2026-08-10
3f,GPCC_mthly_rec_result,load_rec_target,cntn_id,distinct_count,169.0,2026-08-10
3f,GPCC_mthly_rec_result,load_rec_target,csno,null_count,0.0,2026-08-10
3f,GPCC_mthly_rec_result,load_rec_target,cntn_id,null_count,0.0,2026-08-10
3f,GPCC_stage1_item_feature,load_item_feature,part_yrmn,distinct_count,1.0,2026-08-10
3f,GPCC_stage1_item_feature,load_item_feature,part_mt,distinct_count,2.0,2026-08-10
3f,GPCC_stage1_item_feature,load_item_feature,mcno,distinct_count,2148560.0,2026-08-10
3f,GPCC_stage1_item_feature,load_item_feature,mccb_cd,distinct_count,1802.0,2026-08-10
3f,GPCC_stage1_item_feature,load_item_feature,pchs_cnt,distinct_count,9431.0,2026-08-10
3f,GPCC_stage1_item_feature,load_item_feature,pchs_ns,distinct_count,536204.0,2026-08-10
3f,GPCC_stage1_item_feature,load_item_feature,user_cnt,distinct_count,7284.0,2026-08-10
3f,GPCC_stage1_item_feature,load_item_feature,part_yrmn,null_count,0.0,2026-08-10
3f,GPCC_stage1_item_feature,load_item_feature,part_mt,null_count,0.0,2026-08-10
3f,GPCC_stage1_item_feature,load_item_feature,mcno,null_count,0.0,2026-08-10
3f,GPCC_stage1_item_feature,load_item_feature,mccb_cd,null_count,0.0,2026-08-10
3f,GPCC_stage1_item_feature,load_item_feature,pchs_cnt,null_count,0.0,2026-08-10
3f,GPCC_stage1_item_feature,load_item_feature,pchs_ns,null_count,0.0,2026-08-10
3f,GPCC_stage1_item_feature,load_item_feature,user_cnt,null_count,0.0,2026-08-10
3f,GPCC_stage1_item_feature,load_item_meta,mccb_cd,distinct_count,1873.0,2026-08-10
3f,GPCC_stage1_item_feature,load_item_meta,mccb_cd_nm,distinct_count,1873.0,2026-08-10
3f,GPCC_stage1_item_feature,load_item_meta,clm_cd_nm,distinct_count,87.0,2026-08-10
3f,GPCC_stage1_item_feature,load_item_meta,mccb_cd,null_count,0.0,2026-08-10
3f,GPCC_stage1_item_feature,load_item_meta,mccb_cd_nm,null_count,0.0,2026-08-10
3f,GPCC_stage1_item_feature,load_item_meta,clm_cd_nm,null_count,0.0,2026-08-10
3f,GPCC_stage1_item_feature,load_log_parser,csno,distinct_count,6927861.0,2026-08-10
3f,GPCC_stage1_item_feature,load_log_parser,cntn_id,distinct_count,164.0,2026-08-10
3f,GPCC_stage1_item_feature,load_log_parser,csno,null_count,28.0,2026-08-10
3f,GPCC_stage1_item_feature,load_log_parser,cntn_id,null_count,5619.0,2026-08-10
3f,GPCC_stage3_interaction_feautre,load_rec_target,csno,distinct_count,8854159.0,2026-08-10
3f,GPCC_stage3_interaction_feautre,load_rec_target,cntn_id,distinct_count,169.0,2026-08-10
3f,GPCC_stage3_interaction_feautre,load_rec_target,csno,null_count,0.0,2026-08-10
3f,GPCC_stage3_interaction_feautre,load_rec_target,cntn_id,null_count,0.0,2026-08-10
3f,GPCC_stage4_post_proc,load_rec_result,csno,distinct_count,8852577.0,2026-08-10
3f,GPCC_stage4_post_proc,load_rec_result,cntn_id,distinct_count,171.0,2026-08-10
3f,GPCC_stage4_post_proc,load_rec_result,csno,null_count,0.0,2026-08-10
3f,GPCC_stage4_post_proc,load_rec_result,cntn_id,null_count,0.0,2026-08-10
3f,gpcc_dd_transfer,unload_oo3f_rec_benefit_result,csno,distinct_count,8843724.0,2026-08-10
3f,gpcc_dd_transfer,unload_oo3f_rec_benefit_result,cntn_id,distinct_count,171.0,2026-08-10
3f,gpcc_dd_transfer,unload_oo3f_rec_benefit_result,csno,null_count,0.0,2026-08-10
3f,gpcc_dd_transfer,unload_oo3f_rec_benefit_result,cntn_id,null_count,0.0,2026-08-10
3f,GPCC_mthly_rec_result,load_rec_target,csno,distinct_count,8696756.0,2026-08-11
3f,GPCC_mthly_rec_result,load_rec_target,cntn_id,distinct_count,183.0,2026-08-11
3f,GPCC_mthly_rec_result,load_rec_target,csno,null_count,0.0,2026-08-11
3f,GPCC_mthly_rec_result,load_rec_target,cntn_id,null_count,0.0,2026-08-11
3f,GPCC_stage1_item_feature,load_item_feature,part_yrmn,distinct_count,1.0,2026-08-11
3f,GPCC_stage1_item_feature,load_item_feature,part_mt,distinct_count,2.0,2026-08-11
3f,GPCC_stage1_item_feature,load_item_feature,mcno,distinct_count,2148560.0,2026-08-11
3f,GPCC_stage1_item_feature,load_item_feature,mccb_cd,distinct_count,1802.0,2026-08-11
3f,GPCC_stage1_item_feature,load_item_feature,pchs_cnt,distinct_count,9431.0,2026-08-11
3f,GPCC_stage1_item_feature,load_item_feature,pchs_ns,distinct_count,536204.0,2026-08-11
3f,GPCC_stage1_item_feature,load_item_feature,user_cnt,distinct_count,7284.0,2026-08-11
3f,GPCC_stage1_item_feature,load_item_feature,part_yrmn,null_count,0.0,2026-08-11
3f,GPCC_stage1_item_feature,load_item_feature,part_mt,null_count,0.0,2026-08-11
3f,GPCC_stage1_item_feature,load_item_feature,mcno,null_count,0.0,2026-08-11
3f,GPCC_stage1_item_feature,load_item_feature,mccb_cd,null_count,0.0,2026-08-11
3f,GPCC_stage1_item_feature,load_item_feature,pchs_cnt,null_count,0.0,2026-08-11
3f,GPCC_stage1_item_feature,load_item_feature,pchs_ns,null_count,0.0,2026-08-11
3f,GPCC_stage1_item_feature,load_item_feature,user_cnt,null_count,0.0,2026-08-11
3f,GPCC_stage1_item_feature,load_item_meta,mccb_cd,distinct_count,1868.0,2026-08-11
3f,GPCC_stage1_item_feature,load_item_meta,mccb_cd_nm,distinct_count,1868.0,2026-08-11
3f,GPCC_stage1_item_feature,load_item_meta,clm_cd_nm,distinct_count,87.0,2026-08-11
3f,GPCC_stage1_item_feature,load_item_meta,mccb_cd,null_count,0.0,2026-08-11
3f,GPCC_stage1_item_feature,load_item_meta,mccb_cd_nm,null_count,0.0,2026-08-11
3f,GPCC_stage1_item_feature,load_item_meta,clm_cd_nm,null_count,0.0,2026-08-11
3f,GPCC_stage1_item_feature,load_log_parser,csno,distinct_count,6090556.0,2026-08-11
3f,GPCC_stage1_item_feature,load_log_parser,cntn_id,distinct_count,177.0,2026-08-11
3f,GPCC_stage1_item_feature,load_log_parser,csno,null_count,42.0,2026-08-11
3f,GPCC_stage1_item_feature,load_log_parser,cntn_id,null_count,5194.0,2026-08-11
3f,GPCC_stage3_interaction_feautre,load_rec_target,csno,distinct_count,8696756.0,2026-08-11
3f,GPCC_stage3_interaction_feautre,load_rec_target,cntn_id,distinct_count,183.0,2026-08-11
3f,GPCC_stage3_interaction_feautre,load_rec_target,csno,null_count,0.0,2026-08-11
3f,GPCC_stage3_interaction_feautre,load_rec_target,cntn_id,null_count,0.0,2026-08-11
3f,GPCC_stage4_post_proc,load_rec_result,csno,distinct_count,8697079.0,2026-08-11
3f,GPCC_stage4_post_proc,load_rec_result,cntn_id,distinct_count,184.0,2026-08-11
3f,GPCC_stage4_post_proc,load_rec_result,csno,null_count,0.0,2026-08-11
3f,GPCC_stage4_post_proc,load_rec_result,cntn_id,null_count,0.0,2026-08-11
3f,gpcc_dd_transfer,unload_oo3f_rec_benefit_result,csno,distinct_count,8688381.0,2026-08-11
3f,gpcc_dd_transfer,unload_oo3f_rec_benefit_result,cntn_id,distinct_count,184.0,2026-08-11
3f,gpcc_dd_transfer,unload_oo3f_rec_benefit_result,csno,null_count,0.0,2026-08-11
3f,gpcc_dd_transfer,unload_oo3f_rec_benefit_result,cntn_id,null_count,0.0,2026-08-11
3f,GPCC_mthly_rec_result,load_rec_target,csno,distinct_count,8595678.0,2026-08-12
3f,GPCC_mthly_rec_result,load_rec_target,cntn_id,distinct_count,244.0,2026-08-12
3f,GPCC_mthly_rec_result,load_rec_target,csno,null_count,0.0,2026-08-12
3f,GPCC_mthly_rec_result,load_rec_target,cntn_id,null_count,0.0,2026-08-12
3f,GPCC_stage1_item_feature,load_item_feature,part_yrmn,distinct_count,1.0,2026-08-12
3f,GPCC_stage1_item_feature,load_item_feature,part_mt,distinct_count,2.0,2026-08-12
3f,GPCC_stage1_item_feature,load_item_feature,mcno,distinct_count,2148560.0,2026-08-12
3f,GPCC_stage1_item_feature,load_item_feature,mccb_cd,distinct_count,1802.0,2026-08-12
3f,GPCC_stage1_item_feature,load_item_feature,pchs_cnt,distinct_count,9431.0,2026-08-12
3f,GPCC_stage1_item_feature,load_item_feature,pchs_ns,distinct_count,536204.0,2026-08-12
3f,GPCC_stage1_item_feature,load_item_feature,user_cnt,distinct_count,7284.0,2026-08-12
3f,GPCC_stage1_item_feature,load_item_feature,part_yrmn,null_count,0.0,2026-08-12
3f,GPCC_stage1_item_feature,load_item_feature,part_mt,null_count,0.0,2026-08-12
3f,GPCC_stage1_item_feature,load_item_feature,mcno,null_count,0.0,2026-08-12
3f,GPCC_stage1_item_feature,load_item_feature,mccb_cd,null_count,0.0,2026-08-12
3f,GPCC_stage1_item_feature,load_item_feature,pchs_cnt,null_count,0.0,2026-08-12
3f,GPCC_stage1_item_feature,load_item_feature,pchs_ns,null_count,0.0,2026-08-12
3f,GPCC_stage1_item_feature,load_item_feature,user_cnt,null_count,0.0,2026-08-12
3f,GPCC_stage1_item_feature,load_item_meta,mccb_cd,distinct_count,1871.0,2026-08-12
3f,GPCC_stage1_item_feature,load_item_meta,mccb_cd_nm,distinct_count,1871.0,2026-08-12
3f,GPCC_stage1_item_feature,load_item_meta,clm_cd_nm,distinct_count,87.0,2026-08-12
3f,GPCC_stage1_item_feature,load_item_meta,mccb_cd,null_count,0.0,2026-08-12
3f,GPCC_stage1_item_feature,load_item_meta,mccb_cd_nm,null_count,0.0,2026-08-12
3f,GPCC_stage1_item_feature,load_item_meta,clm_cd_nm,null_count,0.0,2026-08-12
3f,GPCC_stage1_item_feature,load_log_parser,csno,distinct_count,6277025.0,2026-08-12
3f,GPCC_stage1_item_feature,load_log_parser,cntn_id,distinct_count,237.0,2026-08-12
3f,GPCC_stage1_item_feature,load_log_parser,csno,null_count,63.0,2026-08-12
3f,GPCC_stage1_item_feature,load_log_parser,cntn_id,null_count,4414.0,2026-08-12
3f,GPCC_stage3_interaction_feautre,load_rec_target,csno,distinct_count,8595678.0,2026-08-12
3f,GPCC_stage3_interaction_feautre,load_rec_target,cntn_id,distinct_count,244.0,2026-08-12
3f,GPCC_stage3_interaction_feautre,load_rec_target,csno,null_count,0.0,2026-08-12
3f,GPCC_stage3_interaction_feautre,load_rec_target,cntn_id,null_count,0.0,2026-08-12
3f,GPCC_stage4_post_proc,load_rec_result,csno,distinct_count,8598067.0,2026-08-12
3f,GPCC_stage4_post_proc,load_rec_result,cntn_id,distinct_count,246.0,2026-08-12
3f,GPCC_stage4_post_proc,load_rec_result,csno,null_count,0.0,2026-08-12
3f,GPCC_stage4_post_proc,load_rec_result,cntn_id,null_count,0.0,2026-08-12
3f,gpcc_dd_transfer,unload_oo3f_rec_benefit_result,csno,distinct_count,8589468.0,2026-08-12
3f,gpcc_dd_transfer,unload_oo3f_rec_benefit_result,cntn_id,distinct_count,246.0,2026-08-12
3f,gpcc_dd_transfer,unload_oo3f_rec_benefit_result,csno,null_count,0.0,2026-08-12
3f,gpcc_dd_transfer,unload_oo3f_rec_benefit_result,cntn_id,null_count,0.0,2026-08-12
3f,GPCC_mthly_rec_result,load_rec_target,csno,distinct_count,8861252.0,2026-08-13
3f,GPCC_mthly_rec_result,load_rec_target,cntn_id,distinct_count,193.0,2026-08-13
3f,GPCC_mthly_rec_result,load_rec_target,csno,null_count,0.0,2026-08-13
3f,GPCC_mthly_rec_result,load_rec_target,cntn_id,null_count,0.0,2026-08-13
3f,GPCC_stage1_item_feature,load_item_feature,part_yrmn,distinct_count,1.0,2026-08-13
3f,GPCC_stage1_item_feature,load_item_feature,part_mt,distinct_count,2.0,2026-08-13
3f,GPCC_stage1_item_feature,load_item_feature,mcno,distinct_count,2148560.0,2026-08-13
3f,GPCC_stage1_item_feature,load_item_feature,mccb_cd,distinct_count,1802.0,2026-08-13
3f,GPCC_stage1_item_feature,load_item_feature,pchs_cnt,distinct_count,9431.0,2026-08-13
3f,GPCC_stage1_item_feature,load_item_feature,pchs_ns,distinct_count,536204.0,2026-08-13
3f,GPCC_stage1_item_feature,load_item_feature,user_cnt,distinct_count,7284.0,2026-08-13
3f,GPCC_stage1_item_feature,load_item_feature,part_yrmn,null_count,0.0,2026-08-13
3f,GPCC_stage1_item_feature,load_item_feature,part_mt,null_count,0.0,2026-08-13
3f,GPCC_stage1_item_feature,load_item_feature,mcno,null_count,0.0,2026-08-13
3f,GPCC_stage1_item_feature,load_item_feature,mccb_cd,null_count,0.0,2026-08-13
3f,GPCC_stage1_item_feature,load_item_feature,pchs_cnt,null_count,0.0,2026-08-13
3f,GPCC_stage1_item_feature,load_item_feature,pchs_ns,null_count,0.0,2026-08-13
3f,GPCC_stage1_item_feature,load_item_feature,user_cnt,null_count,0.0,2026-08-13
3f,GPCC_stage1_item_feature,load_item_meta,mccb_cd,distinct_count,1872.0,2026-08-13
3f,GPCC_stage1_item_feature,load_item_meta,mccb_cd_nm,distinct_count,1872.0,2026-08-13
3f,GPCC_stage1_item_feature,load_item_meta,clm_cd_nm,distinct_count,87.0,2026-08-13
3f,GPCC_stage1_item_feature,load_item_meta,mccb_cd,null_count,0.0,2026-08-13
3f,GPCC_stage1_item_feature,load_item_meta,mccb_cd_nm,null_count,0.0,2026-08-13
3f,GPCC_stage1_item_feature,load_item_meta,clm_cd_nm,null_count,0.0,2026-08-13
3f,GPCC_stage1_item_feature,load_log_parser,csno,distinct_count,6504252.0,2026-08-13
3f,GPCC_stage1_item_feature,load_log_parser,cntn_id,distinct_count,187.0,2026-08-13
3f,GPCC_stage1_item_feature,load_log_parser,csno,null_count,81.0,2026-08-13
3f,GPCC_stage1_item_feature,load_log_parser,cntn_id,null_count,2880.0,2026-08-13
3f,GPCC_stage3_interaction_feautre,load_rec_target,csno,distinct_count,8861252.0,2026-08-13
3f,GPCC_stage3_interaction_feautre,load_rec_target,cntn_id,distinct_count,193.0,2026-08-13
3f,GPCC_stage3_interaction_feautre,load_rec_target,csno,null_count,0.0,2026-08-13
3f,GPCC_stage3_interaction_feautre,load_rec_target,cntn_id,null_count,0.0,2026-08-13
3f,GPCC_stage4_post_proc,load_rec_result,csno,distinct_count,8862977.0,2026-08-13
3f,GPCC_stage4_post_proc,load_rec_result,cntn_id,distinct_count,194.0,2026-08-13
3f,GPCC_stage4_post_proc,load_rec_result,csno,null_count,0.0,2026-08-13
3f,GPCC_stage4_post_proc,load_rec_result,cntn_id,null_count,0.0,2026-08-13
3f,gpcc_dd_transfer,unload_oo3f_rec_benefit_result,csno,distinct_count,8854114.0,2026-08-13
3f,gpcc_dd_transfer,unload_oo3f_rec_benefit_result,cntn_id,distinct_count,194.0,2026-08-13
3f,gpcc_dd_transfer,unload_oo3f_rec_benefit_result,csno,null_count,0.0,2026-08-13
3f,gpcc_dd_transfer,unload_oo3f_rec_benefit_result,cntn_id,null_count,0.0,2026-08-13
3f,GPCC_mthly_rec_result,load_rec_target,csno,distinct_count,5057900.0,2026-08-14
3f,GPCC_mthly_rec_result,load_rec_target,cntn_id,distinct_count,247.0,2026-08-14
3f,GPCC_mthly_rec_result,load_rec_target,csno,null_count,0.0,2026-08-14
3f,GPCC_mthly_rec_result,load_rec_target,cntn_id,null_count,0.0,2026-08-14
3f,GPCC_stage1_item_feature,load_item_feature,part_yrmn,distinct_count,1.0,2026-08-14
3f,GPCC_stage1_item_feature,load_item_feature,part_mt,distinct_count,2.0,2026-08-14
3f,GPCC_stage1_item_feature,load_item_feature,mcno,distinct_count,2148560.0,2026-08-14
3f,GPCC_stage1_item_feature,load_item_feature,mccb_cd,distinct_count,1802.0,2026-08-14
3f,GPCC_stage1_item_feature,load_item_feature,pchs_cnt,distinct_count,9431.0,2026-08-14
3f,GPCC_stage1_item_feature,load_item_feature,pchs_ns,distinct_count,536204.0,2026-08-14
3f,GPCC_stage1_item_feature,load_item_feature,user_cnt,distinct_count,7284.0,2026-08-14
3f,GPCC_stage1_item_feature,load_item_feature,part_yrmn,null_count,0.0,2026-08-14
3f,GPCC_stage1_item_feature,load_item_feature,part_mt,null_count,0.0,2026-08-14
3f,GPCC_stage1_item_feature,load_item_feature,mcno,null_count,0.0,2026-08-14
3f,GPCC_stage1_item_feature,load_item_feature,mccb_cd,null_count,0.0,2026-08-14
3f,GPCC_stage1_item_feature,load_item_feature,pchs_cnt,null_count,0.0,2026-08-14
3f,GPCC_stage1_item_feature,load_item_feature,pchs_ns,null_count,0.0,2026-08-14
3f,GPCC_stage1_item_feature,load_item_feature,user_cnt,null_count,0.0,2026-08-14
3f,GPCC_stage1_item_feature,load_item_meta,mccb_cd,distinct_count,1873.0,2026-08-14
3f,GPCC_stage1_item_feature,load_item_meta,mccb_cd_nm,distinct_count,1873.0,2026-08-14
3f,GPCC_stage1_item_feature,load_item_meta,clm_cd_nm,distinct_count,87.0,2026-08-14
3f,GPCC_stage1_item_feature,load_item_meta,mccb_cd,null_count,0.0,2026-08-14
3f,GPCC_stage1_item_feature,load_item_meta,mccb_cd_nm,null_count,0.0,2026-08-14
3f,GPCC_stage1_item_feature,load_item_meta,clm_cd_nm,null_count,0.0,2026-08-14
3f,GPCC_stage1_item_feature,load_log_parser,csno,distinct_count,6248153.0,2026-08-14
3f,GPCC_stage1_item_feature,load_log_parser,cntn_id,distinct_count,242.0,2026-08-14
3f,GPCC_stage1_item_feature,load_log_parser,csno,null_count,59.0,2026-08-14
3f,GPCC_stage1_item_feature,load_log_parser,cntn_id,null_count,2976.0,2026-08-14
3f,GPCC_stage3_interaction_feautre,load_rec_target,csno,distinct_count,5057900.0,2026-08-14
3f,GPCC_stage3_interaction_feautre,load_rec_target,cntn_id,distinct_count,247.0,2026-08-14
3f,GPCC_stage3_interaction_feautre,load_rec_target,csno,null_count,0.0,2026-08-14
3f,GPCC_stage3_interaction_feautre,load_rec_target,cntn_id,null_count,0.0,2026-08-14
3f,GPCC_stage4_post_proc,load_rec_result,csno,distinct_count,8857121.0,2026-08-14
3f,GPCC_stage4_post_proc,load_rec_result,cntn_id,distinct_count,248.0,2026-08-14
3f,GPCC_stage4_post_proc,load_rec_result,csno,null_count,0.0,2026-08-14
3f,GPCC_stage4_post_proc,load_rec_result,cntn_id,null_count,0.0,2026-08-14
3f,gpcc_dd_transfer,unload_oo3f_rec_benefit_result,csno,distinct_count,8848263.0,2026-08-14
3f,gpcc_dd_transfer,unload_oo3f_rec_benefit_result,cntn_id,distinct_count,248.0,2026-08-14
3f,gpcc_dd_transfer,unload_oo3f_rec_benefit_result,csno,null_count,0.0,2026-08-14
3f,gpcc_dd_transfer,unload_oo3f_rec_benefit_result,cntn_id,null_count,0.0,2026-08-14
3f,GPCC_mthly_rec_result,load_rec_target,csno,distinct_count,8611060.0,2026-08-15
3f,GPCC_mthly_rec_result,load_rec_target,cntn_id,distinct_count,218.0,2026-08-15
3f,GPCC_mthly_rec_result,load_rec_target,csno,null_count,0.0,2026-08-15
3f,GPCC_mthly_rec_result,load_rec_target,cntn_id,null_count,0.0,2026-08-15
3f,GPCC_stage1_item_feature,load_item_feature,part_yrmn,distinct_count,1.0,2026-08-15
3f,GPCC_stage1_item_feature,load_item_feature,part_mt,distinct_count,2.0,2026-08-15
3f,GPCC_stage1_item_feature,load_item_feature,mcno,distinct_count,2148560.0,2026-08-15
3f,GPCC_stage1_item_feature,load_item_feature,mccb_cd,distinct_count,1802.0,2026-08-15
3f,GPCC_stage1_item_feature,load_item_feature,pchs_cnt,distinct_count,9431.0,2026-08-15
3f,GPCC_stage1_item_feature,load_item_feature,pchs_ns,distinct_count,536204.0,2026-08-15
3f,GPCC_stage1_item_feature,load_item_feature,user_cnt,distinct_count,7284.0,2026-08-15
3f,GPCC_stage1_item_feature,load_item_feature,part_yrmn,null_count,0.0,2026-08-15
3f,GPCC_stage1_item_feature,load_item_feature,part_mt,null_count,0.0,2026-08-15
3f,GPCC_stage1_item_feature,load_item_feature,mcno,null_count,0.0,2026-08-15
3f,GPCC_stage1_item_feature,load_item_feature,mccb_cd,null_count,0.0,2026-08-15
3f,GPCC_stage1_item_feature,load_item_feature,pchs_cnt,null_count,0.0,2026-08-15
3f,GPCC_stage1_item_feature,load_item_feature,pchs_ns,null_count,0.0,2026-08-15
3f,GPCC_stage1_item_feature,load_item_feature,user_cnt,null_count,0.0,2026-08-15
3f,GPCC_stage1_item_feature,load_item_meta,mccb_cd,distinct_count,1872.0,2026-08-15
3f,GPCC_stage1_item_feature,load_item_meta,mccb_cd_nm,distinct_count,1872.0,2026-08-15
3f,GPCC_stage1_item_feature,load_item_meta,clm_cd_nm,distinct_count,87.0,2026-08-15
3f,GPCC_stage1_item_feature,load_item_meta,mccb_cd,null_count,0.0,2026-08-15
3f,GPCC_stage1_item_feature,load_item_meta,mccb_cd_nm,null_count,0.0,2026-08-15
3f,GPCC_stage1_item_feature,load_item_meta,clm_cd_nm,null_count,0.0,2026-08-15
3f,GPCC_stage1_item_feature,load_log_parser,csno,distinct_count,5336571.0,2026-08-15
3f,GPCC_stage1_item_feature,load_log_parser,cntn_id,distinct_count,212.0,2026-08-15
3f,GPCC_stage1_item_feature,load_log_parser,csno,null_count,40.0,2026-08-15
3f,GPCC_stage1_item_feature,load_log_parser,cntn_id,null_count,3689.0,2026-08-15
3f,GPCC_stage3_interaction_feautre,load_rec_target,csno,distinct_count,8611060.0,2026-08-15
3f,GPCC_stage3_interaction_feautre,load_rec_target,cntn_id,distinct_count,218.0,2026-08-15
3f,GPCC_stage3_interaction_feautre,load_rec_target,csno,null_count,0.0,2026-08-15
3f,GPCC_stage3_interaction_feautre,load_rec_target,cntn_id,null_count,0.0,2026-08-15
3f,GPCC_stage4_post_proc,load_rec_result,csno,distinct_count,8614926.0,2026-08-15
3f,GPCC_stage4_post_proc,load_rec_result,cntn_id,distinct_count,221.0,2026-08-15
3f,GPCC_stage4_post_proc,load_rec_result,csno,null_count,0.0,2026-08-15
3f,GPCC_stage4_post_proc,load_rec_result,cntn_id,null_count,0.0,2026-08-15
3f,gpcc_dd_transfer,unload_oo3f_rec_benefit_result,csno,distinct_count,8606311.0,2026-08-15
3f,gpcc_dd_transfer,unload_oo3f_rec_benefit_result,cntn_id,distinct_count,221.0,2026-08-15
3f,gpcc_dd_transfer,unload_oo3f_rec_benefit_result,csno,null_count,0.0,2026-08-15
3f,gpcc_dd_transfer,unload_oo3f_rec_benefit_result,cntn_id,null_count,0.0,2026-08-15
3f,GPCC_mthly_rec_result,load_rec_target,csno,distinct_count,8581832.0,2026-08-16
3f,GPCC_mthly_rec_result,load_rec_target,cntn_id,distinct_count,200.0,2026-08-16
3f,GPCC_mthly_rec_result,load_rec_target,csno,null_count,0.0,2026-08-16
3f,GPCC_mthly_rec_result,load_rec_target,cntn_id,null_count,0.0,2026-08-16
3f,GPCC_stage1_item_feature,load_item_feature,part_yrmn,distinct_count,1.0,2026-08-16
3f,GPCC_stage1_item_feature,load_item_feature,part_mt,distinct_count,2.0,2026-08-16
3f,GPCC_stage1_item_feature,load_item_feature,mcno,distinct_count,2148560.0,2026-08-16
3f,GPCC_stage1_item_feature,load_item_feature,mccb_cd,distinct_count,1802.0,2026-08-16
3f,GPCC_stage1_item_feature,load_item_feature,pchs_cnt,distinct_count,9431.0,2026-08-16
3f,GPCC_stage1_item_feature,load_item_feature,pchs_ns,distinct_count,536204.0,2026-08-16
3f,GPCC_stage1_item_feature,load_item_feature,user_cnt,distinct_count,7284.0,2026-08-16
3f,GPCC_stage1_item_feature,load_item_feature,part_yrmn,null_count,0.0,2026-08-16
3f,GPCC_stage1_item_feature,load_item_feature,part_mt,null_count,0.0,2026-08-16
3f,GPCC_stage1_item_feature,load_item_feature,mcno,null_count,0.0,2026-08-16
3f,GPCC_stage1_item_feature,load_item_feature,mccb_cd,null_count,0.0,2026-08-16
3f,GPCC_stage1_item_feature,load_item_feature,pchs_cnt,null_count,0.0,2026-08-16
3f,GPCC_stage1_item_feature,load_item_feature,pchs_ns,null_count,0.0,2026-08-16
3f,GPCC_stage1_item_feature,load_item_feature,user_cnt,null_count,0.0,2026-08-16
3f,GPCC_stage1_item_feature,load_item_meta,mccb_cd,distinct_count,1871.0,2026-08-16
3f,GPCC_stage1_item_feature,load_item_meta,mccb_cd_nm,distinct_count,1871.0,2026-08-16
3f,GPCC_stage1_item_feature,load_item_meta,clm_cd_nm,distinct_count,87.0,2026-08-16
3f,GPCC_stage1_item_feature,load_item_meta,mccb_cd,null_count,0.0,2026-08-16
3f,GPCC_stage1_item_feature,load_item_meta,mccb_cd_nm,null_count,0.0,2026-08-16
3f,GPCC_stage1_item_feature,load_item_meta,clm_cd_nm,null_count,0.0,2026-08-16
3f,GPCC_stage1_item_feature,load_log_parser,csno,distinct_count,5280992.0,2026-08-16
3f,GPCC_stage1_item_feature,load_log_parser,cntn_id,distinct_count,198.0,2026-08-16
3f,GPCC_stage1_item_feature,load_log_parser,csno,null_count,72.0,2026-08-16
3f,GPCC_stage1_item_feature,load_log_parser,cntn_id,null_count,2794.0,2026-08-16
3f,GPCC_stage3_interaction_feautre,load_rec_target,csno,distinct_count,8581832.0,2026-08-16
3f,GPCC_stage3_interaction_feautre,load_rec_target,cntn_id,distinct_count,200.0,2026-08-16
3f,GPCC_stage3_interaction_feautre,load_rec_target,csno,null_count,0.0,2026-08-16
3f,GPCC_stage3_interaction_feautre,load_rec_target,cntn_id,null_count,0.0,2026-08-16
3f,GPCC_stage4_post_proc,load_rec_result,csno,distinct_count,8579040.0,2026-08-16
3f,GPCC_stage4_post_proc,load_rec_result,cntn_id,distinct_count,203.0,2026-08-16
3f,GPCC_stage4_post_proc,load_rec_result,csno,null_count,0.0,2026-08-16
3f,GPCC_stage4_post_proc,load_rec_result,cntn_id,null_count,0.0,2026-08-16
3f,gpcc_dd_transfer,unload_oo3f_rec_benefit_result,csno,distinct_count,8570460.0,2026-08-16
3f,gpcc_dd_transfer,unload_oo3f_rec_benefit_result,cntn_id,distinct_count,203.0,2026-08-16
3f,gpcc_dd_transfer,unload_oo3f_rec_benefit_result,csno,null_count,0.0,2026-08-16
3f,gpcc_dd_transfer,unload_oo3f_rec_benefit_result,cntn_id,null_count,0.0,2026-08-16
3f,GPCC_mthly_rec_result,load_rec_target,csno,distinct_count,8606943.0,2026-08-17
3f,GPCC_mthly_rec_result,load_rec_target,cntn_id,distinct_count,216.0,2026-08-17
3f,GPCC_mthly_rec_result,load_rec_target,csno,null_count,0.0,2026-08-17
3f,GPCC_mthly_rec_result,load_rec_target,cntn_id,null_count,0.0,2026-08-17
3f,GPCC_stage1_item_feature,load_item_feature,part_yrmn,distinct_count,1.0,2026-08-17
3f,GPCC_stage1_item_feature,load_item_feature,part_mt,distinct_count,2.0,2026-08-17
3f,GPCC_stage1_item_feature,load_item_feature,mcno,distinct_count,2148560.0,2026-08-17
3f,GPCC_stage1_item_feature,load_item_feature,mccb_cd,distinct_count,1802.0,2026-08-17
3f,GPCC_stage1_item_feature,load_item_feature,pchs_cnt,distinct_count,9431.0,2026-08-17
3f,GPCC_stage1_item_feature,load_item_feature,pchs_ns,distinct_count,536204.0,2026-08-17
3f,GPCC_stage1_item_feature,load_item_feature,user_cnt,distinct_count,7284.0,2026-08-17
3f,GPCC_stage1_item_feature,load_item_feature,part_yrmn,null_count,0.0,2026-08-17
3f,GPCC_stage1_item_feature,load_item_feature,part_mt,null_count,0.0,2026-08-17
3f,GPCC_stage1_item_feature,load_item_feature,mcno,null_count,0.0,2026-08-17
3f,GPCC_stage1_item_feature,load_item_feature,mccb_cd,null_count,0.0,2026-08-17
3f,GPCC_stage1_item_feature,load_item_feature,pchs_cnt,null_count,0.0,2026-08-17
3f,GPCC_stage1_item_feature,load_item_feature,pchs_ns,null_count,0.0,2026-08-17
3f,GPCC_stage1_item_feature,load_item_feature,user_cnt,null_count,0.0,2026-08-17
3f,GPCC_stage1_item_feature,load_item_meta,mccb_cd,distinct_count,1870.0,2026-08-17
3f,GPCC_stage1_item_feature,load_item_meta,mccb_cd_nm,distinct_count,1870.0,2026-08-17
3f,GPCC_stage1_item_feature,load_item_meta,clm_cd_nm,distinct_count,87.0,2026-08-17
3f,GPCC_stage1_item_feature,load_item_meta,mccb_cd,null_count,0.0,2026-08-17
3f,GPCC_stage1_item_feature,load_item_meta,mccb_cd_nm,null_count,0.0,2026-08-17
3f,GPCC_stage1_item_feature,load_item_meta,clm_cd_nm,null_count,0.0,2026-08-17
3f,GPCC_stage1_item_feature,load_log_parser,csno,distinct_count,6661280.0,2026-08-17
3f,GPCC_stage1_item_feature,load_log_parser,cntn_id,distinct_count,212.0,2026-08-17
3f,GPCC_stage1_item_feature,load_log_parser,csno,null_count,119.0,2026-08-17
3f,GPCC_stage1_item_feature,load_log_parser,cntn_id,null_count,6013.0,2026-08-17
3f,GPCC_stage3_interaction_feautre,load_rec_target,csno,distinct_count,8606943.0,2026-08-17
3f,GPCC_stage3_interaction_feautre,load_rec_target,cntn_id,distinct_count,216.0,2026-08-17
3f,GPCC_stage3_interaction_feautre,load_rec_target,csno,null_count,0.0,2026-08-17
3f,GPCC_stage3_interaction_feautre,load_rec_target,cntn_id,null_count,0.0,2026-08-17
3f,GPCC_stage4_post_proc,load_rec_result,csno,distinct_count,8605705.0,2026-08-17
3f,GPCC_stage4_post_proc,load_rec_result,cntn_id,distinct_count,217.0,2026-08-17
3f,GPCC_stage4_post_proc,load_rec_result,csno,null_count,10989.0,2026-08-17
3f,GPCC_stage4_post_proc,load_rec_result,cntn_id,null_count,0.0,2026-08-17
3f,gpcc_dd_transfer,unload_oo3f_rec_benefit_result,csno,distinct_count,8597099.0,2026-08-17
3f,gpcc_dd_transfer,unload_oo3f_rec_benefit_result,cntn_id,distinct_count,217.0,2026-08-17
3f,gpcc_dd_transfer,unload_oo3f_rec_benefit_result,csno,null_count,10989.0,2026-08-17
3f,gpcc_dd_transfer,unload_oo3f_rec_benefit_result,cntn_id,null_count,0.0,2026-08-17
3f,GPCC_mthly_rec_result,load_rec_target,csno,distinct_count,8827316.0,2026-08-18
3f,GPCC_mthly_rec_result,load_rec_target,cntn_id,distinct_count,182.0,2026-08-18
3f,GPCC_mthly_rec_result,load_rec_target,csno,null_count,0.0,2026-08-18
3f,GPCC_mthly_rec_result,load_rec_target,cntn_id,null_count,0.0,2026-08-18
3f,GPCC_stage1_item_feature,load_item_feature,part_yrmn,distinct_count,1.0,2026-08-18
3f,GPCC_stage1_item_feature,load_item_feature,part_mt,distinct_count,2.0,2026-08-18
3f,GPCC_stage1_item_feature,load_item_feature,mcno,distinct_count,2148560.0,2026-08-18
3f,GPCC_stage1_item_feature,load_item_feature,mccb_cd,distinct_count,1802.0,2026-08-18
3f,GPCC_stage1_item_feature,load_item_feature,pchs_cnt,distinct_count,9431.0,2026-08-18
3f,GPCC_stage1_item_feature,load_item_feature,pchs_ns,distinct_count,536204.0,2026-08-18
3f,GPCC_stage1_item_feature,load_item_feature,user_cnt,distinct_count,7284.0,2026-08-18
3f,GPCC_stage1_item_feature,load_item_feature,part_yrmn,null_count,0.0,2026-08-18
3f,GPCC_stage1_item_feature,load_item_feature,part_mt,null_count,0.0,2026-08-18
3f,GPCC_stage1_item_feature,load_item_feature,mcno,null_count,0.0,2026-08-18
3f,GPCC_stage1_item_feature,load_item_feature,mccb_cd,null_count,0.0,2026-08-18
3f,GPCC_stage1_item_feature,load_item_feature,pchs_cnt,null_count,0.0,2026-08-18
3f,GPCC_stage1_item_feature,load_item_feature,pchs_ns,null_count,0.0,2026-08-18
3f,GPCC_stage1_item_feature,load_item_feature,user_cnt,null_count,0.0,2026-08-18
3f,GPCC_stage1_item_feature,load_item_meta,mccb_cd,distinct_count,1870.0,2026-08-18
3f,GPCC_stage1_item_feature,load_item_meta,mccb_cd_nm,distinct_count,1870.0,2026-08-18
3f,GPCC_stage1_item_feature,load_item_meta,clm_cd_nm,distinct_count,87.0,2026-08-18
3f,GPCC_stage1_item_feature,load_item_meta,mccb_cd,null_count,0.0,2026-08-18
3f,GPCC_stage1_item_feature,load_item_meta,mccb_cd_nm,null_count,0.0,2026-08-18
3f,GPCC_stage1_item_feature,load_item_meta,clm_cd_nm,null_count,0.0,2026-08-18
3f,GPCC_stage1_item_feature,load_log_parser,csno,distinct_count,6349153.0,2026-08-18
3f,GPCC_stage1_item_feature,load_log_parser,cntn_id,distinct_count,177.0,2026-08-18
3f,GPCC_stage1_item_feature,load_log_parser,csno,null_count,37.0,2026-08-18
3f,GPCC_stage1_item_feature,load_log_parser,cntn_id,null_count,5218.0,2026-08-18
3f,GPCC_stage3_interaction_feautre,load_rec_target,csno,distinct_count,8827316.0,2026-08-18
3f,GPCC_stage3_interaction_feautre,load_rec_target,cntn_id,distinct_count,182.0,2026-08-18
3f,GPCC_stage3_interaction_feautre,load_rec_target,csno,null_count,0.0,2026-08-18
3f,GPCC_stage3_interaction_feautre,load_rec_target,cntn_id,null_count,0.0,2026-08-18
3f,GPCC_stage4_post_proc,load_rec_result,csno,distinct_count,8830368.0,2026-08-18
3f,GPCC_stage4_post_proc,load_rec_result,cntn_id,distinct_count,185.0,2026-08-18
3f,GPCC_stage4_post_proc,load_rec_result,csno,null_count,0.0,2026-08-18
3f,GPCC_stage4_post_proc,load_rec_result,cntn_id,null_count,0.0,2026-08-18
3f,gpcc_dd_transfer,unload_oo3f_rec_benefit_result,csno,distinct_count,8821537.0,2026-08-18
3f,gpcc_dd_transfer,unload_oo3f_rec_benefit_result,cntn_id,distinct_count,185.0,2026-08-18
3f,gpcc_dd_transfer,unload_oo3f_rec_benefit_result,csno,null_count,0.0,2026-08-18
3f,gpcc_dd_transfer,unload_oo3f_rec_benefit_result,cntn_id,null_count,0.0,2026-08-18
3f,GPCC_mthly_rec_result,load_rec_target,csno,distinct_count,8683861.0,2026-08-19
3f,GPCC_mthly_rec_result,load_rec_target,cntn_id,distinct_count,167.0,2026-08-19
3f,GPCC_mthly_rec_result,load_rec_target,csno,null_count,0.0,2026-08-19
3f,GPCC_mthly_rec_result,load_rec_target,cntn_id,null_count,0.0,2026-08-19
3f,GPCC_stage1_item_feature,load_item_feature,part_yrmn,distinct_count,1.0,2026-08-19
3f,GPCC_stage1_item_feature,load_item_feature,part_mt,distinct_count,2.0,2026-08-19
3f,GPCC_stage1_item_feature,load_item_feature,mcno,distinct_count,2148560.0,2026-08-19
3f,GPCC_stage1_item_feature,load_item_feature,mccb_cd,distinct_count,1802.0,2026-08-19
3f,GPCC_stage1_item_feature,load_item_feature,pchs_cnt,distinct_count,9431.0,2026-08-19
3f,GPCC_stage1_item_feature,load_item_feature,pchs_ns,distinct_count,536204.0,2026-08-19
3f,GPCC_stage1_item_feature,load_item_feature,user_cnt,distinct_count,7284.0,2026-08-19
3f,GPCC_stage1_item_feature,load_item_feature,part_yrmn,null_count,0.0,2026-08-19
3f,GPCC_stage1_item_feature,load_item_feature,part_mt,null_count,0.0,2026-08-19
3f,GPCC_stage1_item_feature,load_item_feature,mcno,null_count,0.0,2026-08-19
3f,GPCC_stage1_item_feature,load_item_feature,mccb_cd,null_count,0.0,2026-08-19
3f,GPCC_stage1_item_feature,load_item_feature,pchs_cnt,null_count,0.0,2026-08-19
3f,GPCC_stage1_item_feature,load_item_feature,pchs_ns,null_count,0.0,2026-08-19
3f,GPCC_stage1_item_feature,load_item_feature,user_cnt,null_count,0.0,2026-08-19
3f,GPCC_stage1_item_feature,load_item_meta,mccb_cd,distinct_count,1872.0,2026-08-19
3f,GPCC_stage1_item_feature,load_item_meta,mccb_cd_nm,distinct_count,1872.0,2026-08-19
3f,GPCC_stage1_item_feature,load_item_meta,clm_cd_nm,distinct_count,87.0,2026-08-19
3f,GPCC_stage1_item_feature,load_item_meta,mccb_cd,null_count,0.0,2026-08-19
3f,GPCC_stage1_item_feature,load_item_meta,mccb_cd_nm,null_count,0.0,2026-08-19
3f,GPCC_stage1_item_feature,load_item_meta,clm_cd_nm,null_count,0.0,2026-08-19
3f,GPCC_stage1_item_feature,load_log_parser,csno,distinct_count,6730807.0,2026-08-19
3f,GPCC_stage1_item_feature,load_log_parser,cntn_id,distinct_count,159.0,2026-08-19
3f,GPCC_stage1_item_feature,load_log_parser,csno,null_count,70.0,2026-08-19
3f,GPCC_stage1_item_feature,load_log_parser,cntn_id,null_count,4660.0,2026-08-19
3f,GPCC_stage3_interaction_feautre,load_rec_target,csno,distinct_count,8683861.0,2026-08-19
3f,GPCC_stage3_interaction_feautre,load_rec_target,cntn_id,distinct_count,167.0,2026-08-19
3f,GPCC_stage3_interaction_feautre,load_rec_target,csno,null_count,0.0,2026-08-19
3f,GPCC_stage3_interaction_feautre,load_rec_target,cntn_id,null_count,0.0,2026-08-19
3f,GPCC_stage4_post_proc,load_rec_result,csno,distinct_count,8685685.0,2026-08-19
3f,GPCC_stage4_post_proc,load_rec_result,cntn_id,distinct_count,168.0,2026-08-19
3f,GPCC_stage4_post_proc,load_rec_result,csno,null_count,0.0,2026-08-19
3f,GPCC_stage4_post_proc,load_rec_result,cntn_id,null_count,0.0,2026-08-19
3f,gpcc_dd_transfer,unload_oo3f_rec_benefit_result,csno,distinct_count,8676999.0,2026-08-19
3f,gpcc_dd_transfer,unload_oo3f_rec_benefit_result,cntn_id,distinct_count,168.0,2026-08-19
3f,gpcc_dd_transfer,unload_oo3f_rec_benefit_result,csno,null_count,0.0,2026-08-19
3f,gpcc_dd_transfer,unload_oo3f_rec_benefit_result,cntn_id,null_count,0.0,2026-08-19
3f,GPCC_mthly_rec_result,load_rec_target,csno,distinct_count,8734229.0,2026-08-20
3f,GPCC_mthly_rec_result,load_rec_target,cntn_id,distinct_count,244.0,2026-08-20
3f,GPCC_mthly_rec_result,load_rec_target,csno,null_count,0.0,2026-08-20
3f,GPCC_mthly_rec_result,load_rec_target,cntn_id,null_count,0.0,2026-08-20
3f,GPCC_stage1_item_feature,load_item_feature,part_yrmn,distinct_count,1.0,2026-08-20
3f,GPCC_stage1_item_feature,load_item_feature,part_mt,distinct_count,2.0,2026-08-20
3f,GPCC_stage1_item_feature,load_item_feature,mcno,distinct_count,2148560.0,2026-08-20
3f,GPCC_stage1_item_feature,load_item_feature,mccb_cd,distinct_count,1802.0,2026-08-20
3f,GPCC_stage1_item_feature,load_item_feature,pchs_cnt,distinct_count,9431.0,2026-08-20
3f,GPCC_stage1_item_feature,load_item_feature,pchs_ns,distinct_count,536204.0,2026-08-20
3f,GPCC_stage1_item_feature,load_item_feature,user_cnt,distinct_count,7284.0,2026-08-20
3f,GPCC_stage1_item_feature,load_item_feature,part_yrmn,null_count,0.0,2026-08-20
3f,GPCC_stage1_item_feature,load_item_feature,part_mt,null_count,0.0,2026-08-20
3f,GPCC_stage1_item_feature,load_item_feature,mcno,null_count,0.0,2026-08-20
3f,GPCC_stage1_item_feature,load_item_feature,mccb_cd,null_count,0.0,2026-08-20
3f,GPCC_stage1_item_feature,load_item_feature,pchs_cnt,null_count,0.0,2026-08-20
3f,GPCC_stage1_item_feature,load_item_feature,pchs_ns,null_count,0.0,2026-08-20
3f,GPCC_stage1_item_feature,load_item_feature,user_cnt,null_count,0.0,2026-08-20
3f,GPCC_stage1_item_feature,load_item_meta,mccb_cd,distinct_count,1871.0,2026-08-20
3f,GPCC_stage1_item_feature,load_item_meta,mccb_cd_nm,distinct_count,1871.0,2026-08-20
3f,GPCC_stage1_item_feature,load_item_meta,clm_cd_nm,distinct_count,87.0,2026-08-20
3f,GPCC_stage1_item_feature,load_item_meta,mccb_cd,null_count,0.0,2026-08-20
3f,GPCC_stage1_item_feature,load_item_meta,mccb_cd_nm,null_count,0.0,2026-08-20
3f,GPCC_stage1_item_feature,load_item_meta,clm_cd_nm,null_count,0.0,2026-08-20
3f,GPCC_stage1_item_feature,load_log_parser,csno,distinct_count,3043906.0,2026-08-20
3f,GPCC_stage1_item_feature,load_log_parser,cntn_id,distinct_count,238.0,2026-08-20
3f,GPCC_stage1_item_feature,load_log_parser,csno,null_count,46.0,2026-08-20
3f,GPCC_stage1_item_feature,load_log_parser,cntn_id,null_count,2283.0,2026-08-20
3f,GPCC_stage3_interaction_feautre,load_rec_target,csno,distinct_count,8734229.0,2026-08-20
3f,GPCC_stage3_interaction_feautre,load_rec_target,cntn_id,distinct_count,244.0,2026-08-20
3f,GPCC_stage3_interaction_feautre,load_rec_target,csno,null_count,0.0,2026-08-20
3f,GPCC_stage3_interaction_feautre,load_rec_target,cntn_id,null_count,0.0,2026-08-20
3f,GPCC_stage4_post_proc,load_rec_result,csno,distinct_count,8730816.0,2026-08-20
3f,GPCC_stage4_post_proc,load_rec_result,cntn_id,distinct_count,245.0,2026-08-20
3f,GPCC_stage4_post_proc,load_rec_result,csno,null_count,0.0,2026-08-20
3f,GPCC_stage4_post_proc,load_rec_result,cntn_id,null_count,0.0,2026-08-20
3f,gpcc_dd_transfer,unload_oo3f_rec_benefit_result,csno,distinct_count,8722085.0,2026-08-20
3f,gpcc_dd_transfer,unload_oo3f_rec_benefit_result,cntn_id,distinct_count,245.0,2026-08-20
3f,gpcc_dd_transfer,unload_oo3f_rec_benefit_result,csno,null_count,0.0,2026-08-20
3f,gpcc_dd_transfer,unload_oo3f_rec_benefit_result,cntn_id,null_count,0.0,2026-08-20
3f,GPCC_mthly_rec_result,load_rec_target,csno,distinct_count,8680636.0,2026-08-21
3f,GPCC_mthly_rec_result,load_rec_target,cntn_id,distinct_count,171.0,2026-08-21
3f,GPCC_mthly_rec_result,load_rec_target,csno,null_count,0.0,2026-08-21
3f,GPCC_mthly_rec_result,load_rec_target,cntn_id,null_count,0.0,2026-08-21
3f,GPCC_stage1_item_feature,load_item_feature,part_yrmn,distinct_count,1.0,2026-08-21
3f,GPCC_stage1_item_feature,load_item_feature,part_mt,distinct_count,2.0,2026-08-21
3f,GPCC_stage1_item_feature,load_item_feature,mcno,distinct_count,2148560.0,2026-08-21
3f,GPCC_stage1_item_feature,load_item_feature,mccb_cd,distinct_count,1802.0,2026-08-21
3f,GPCC_stage1_item_feature,load_item_feature,pchs_cnt,distinct_count,9431.0,2026-08-21
3f,GPCC_stage1_item_feature,load_item_feature,pchs_ns,distinct_count,536204.0,2026-08-21
3f,GPCC_stage1_item_feature,load_item_feature,user_cnt,distinct_count,7284.0,2026-08-21
3f,GPCC_stage1_item_feature,load_item_feature,part_yrmn,null_count,0.0,2026-08-21
3f,GPCC_stage1_item_feature,load_item_feature,part_mt,null_count,0.0,2026-08-21
3f,GPCC_stage1_item_feature,load_item_feature,mcno,null_count,0.0,2026-08-21
3f,GPCC_stage1_item_feature,load_item_feature,mccb_cd,null_count,0.0,2026-08-21
3f,GPCC_stage1_item_feature,load_item_feature,pchs_cnt,null_count,0.0,2026-08-21
3f,GPCC_stage1_item_feature,load_item_feature,pchs_ns,null_count,0.0,2026-08-21
3f,GPCC_stage1_item_feature,load_item_feature,user_cnt,null_count,0.0,2026-08-21
3f,GPCC_stage1_item_feature,load_item_meta,mccb_cd,distinct_count,1870.0,2026-08-21
3f,GPCC_stage1_item_feature,load_item_meta,mccb_cd_nm,distinct_count,1870.0,2026-08-21
3f,GPCC_stage1_item_feature,load_item_meta,clm_cd_nm,distinct_count,87.0,2026-08-21
3f,GPCC_stage1_item_feature,load_item_meta,mccb_cd,null_count,0.0,2026-08-21
3f,GPCC_stage1_item_feature,load_item_meta,mccb_cd_nm,null_count,0.0,2026-08-21
3f,GPCC_stage1_item_feature,load_item_meta,clm_cd_nm,null_count,0.0,2026-08-21
3f,GPCC_stage1_item_feature,load_log_parser,csno,distinct_count,6595557.0,2026-08-21
3f,GPCC_stage1_item_feature,load_log_parser,cntn_id,distinct_count,169.0,2026-08-21
3f,GPCC_stage1_item_feature,load_log_parser,csno,null_count,87.0,2026-08-21
3f,GPCC_stage1_item_feature,load_log_parser,cntn_id,null_count,2692.0,2026-08-21
3f,GPCC_stage3_interaction_feautre,load_rec_target,csno,distinct_count,8680636.0,2026-08-21
3f,GPCC_stage3_interaction_feautre,load_rec_target,cntn_id,distinct_count,171.0,2026-08-21
3f,GPCC_stage3_interaction_feautre,load_rec_target,csno,null_count,0.0,2026-08-21
3f,GPCC_stage3_interaction_feautre,load_rec_target,cntn_id,null_count,0.0,2026-08-21
3f,GPCC_stage4_post_proc,load_rec_result,csno,distinct_count,8679428.0,2026-08-21
3f,GPCC_stage4_post_proc,load_rec_result,cntn_id,distinct_count,173.0,2026-08-21
3f,GPCC_stage4_post_proc,load_rec_result,csno,null_count,0.0,2026-08-21
3f,GPCC_stage4_post_proc,load_rec_result,cntn_id,null_count,0.0,2026-08-21
3f,gpcc_dd_transfer,unload_oo3f_rec_benefit_result,csno,distinct_count,8670748.0,2026-08-21
3f,gpcc_dd_transfer,unload_oo3f_rec_benefit_result,cntn_id,distinct_count,173.0,2026-08-21
3f,gpcc_dd_transfer,unload_oo3f_rec_benefit_result,csno,null_count,0.0,2026-08-21
3f,gpcc_dd_transfer,unload_oo3f_rec_benefit_result,cntn_id,null_count,0.0,2026-08-21
3f,GPCC_mthly_rec_result,load_rec_target,csno,distinct_count,8713590.0,2026-08-22
3f,GPCC_mthly_rec_result,load_rec_target,cntn_id,distinct_count,154.0,2026-08-22
3f,GPCC_mthly_rec_result,load_rec_target,csno,null_count,0.0,2026-08-22
3f,GPCC_mthly_rec_result,load_rec_target,cntn_id,null_count,0.0,2026-08-22
3f,GPCC_stage1_item_feature,load_item_feature,part_yrmn,distinct_count,1.0,2026-08-22
3f,GPCC_stage1_item_feature,load_item_feature,part_mt,distinct_count,2.0,2026-08-22
3f,GPCC_stage1_item_feature,load_item_feature,mcno,distinct_count,2148560.0,2026-08-22
3f,GPCC_stage1_item_feature,load_item_feature,mccb_cd,distinct_count,1802.0,2026-08-22
3f,GPCC_stage1_item_feature,load_item_feature,pchs_cnt,distinct_count,9431.0,2026-08-22
3f,GPCC_stage1_item_feature,load_item_feature,pchs_ns,distinct_count,536204.0,2026-08-22
3f,GPCC_stage1_item_feature,load_item_feature,user_cnt,distinct_count,7284.0,2026-08-22
3f,GPCC_stage1_item_feature,load_item_feature,part_yrmn,null_count,0.0,2026-08-22
3f,GPCC_stage1_item_feature,load_item_feature,part_mt,null_count,0.0,2026-08-22
3f,GPCC_stage1_item_feature,load_item_feature,mcno,null_count,0.0,2026-08-22
3f,GPCC_stage1_item_feature,load_item_feature,mccb_cd,null_count,0.0,2026-08-22
3f,GPCC_stage1_item_feature,load_item_feature,pchs_cnt,null_count,0.0,2026-08-22
3f,GPCC_stage1_item_feature,load_item_feature,pchs_ns,null_count,0.0,2026-08-22
3f,GPCC_stage1_item_feature,load_item_feature,user_cnt,null_count,0.0,2026-08-22
3f,GPCC_stage1_item_feature,load_item_meta,mccb_cd,distinct_count,1875.0,2026-08-22
3f,GPCC_stage1_item_feature,load_item_meta,mccb_cd_nm,distinct_count,1875.0,2026-08-22
3f,GPCC_stage1_item_feature,load_item_meta,clm_cd_nm,distinct_count,87.0,2026-08-22
3f,GPCC_stage1_item_feature,load_item_meta,mccb_cd,null_count,0.0,2026-08-22
3f,GPCC_stage1_item_feature,load_item_meta,mccb_cd_nm,null_count,0.0,2026-08-22
3f,GPCC_stage1_item_feature,load_item_meta,clm_cd_nm,null_count,0.0,2026-08-22
3f,GPCC_stage1_item_feature,load_log_parser,csno,distinct_count,5691960.0,2026-08-22
3f,GPCC_stage1_item_feature,load_log_parser,cntn_id,distinct_count,152.0,2026-08-22
3f,GPCC_stage1_item_feature,load_log_parser,csno,null_count,39.0,2026-08-22
3f,GPCC_stage1_item_feature,load_log_parser,cntn_id,null_count,2313.0,2026-08-22
3f,GPCC_stage3_interaction_feautre,load_rec_target,csno,distinct_count,8713590.0,2026-08-22
3f,GPCC_stage3_interaction_feautre,load_rec_target,cntn_id,distinct_count,154.0,2026-08-22
3f,GPCC_stage3_interaction_feautre,load_rec_target,csno,null_count,0.0,2026-08-22
3f,GPCC_stage3_interaction_feautre,load_rec_target,cntn_id,null_count,0.0,2026-08-22
3f,GPCC_stage4_post_proc,load_rec_result,csno,distinct_count,8710378.0,2026-08-22
3f,GPCC_stage4_post_proc,load_rec_result,cntn_id,distinct_count,154.0,2026-08-22
3f,GPCC_stage4_post_proc,load_rec_result,csno,null_count,0.0,2026-08-22
3f,GPCC_stage4_post_proc,load_rec_result,cntn_id,null_count,0.0,2026-08-22
3f,gpcc_dd_transfer,unload_oo3f_rec_benefit_result,csno,distinct_count,8701667.0,2026-08-22
3f,gpcc_dd_transfer,unload_oo3f_rec_benefit_result,cntn_id,distinct_count,154.0,2026-08-22
3f,gpcc_dd_transfer,unload_oo3f_rec_benefit_result,csno,null_count,0.0,2026-08-22
3f,gpcc_dd_transfer,unload_oo3f_rec_benefit_result,cntn_id,null_count,0.0,2026-08-22
3f,GPCC_mthly_rec_result,load_rec_target,csno,distinct_count,8589649.0,2026-08-23
3f,GPCC_mthly_rec_result,load_rec_target,cntn_id,distinct_count,200.0,2026-08-23
3f,GPCC_mthly_rec_result,load_rec_target,csno,null_count,0.0,2026-08-23
3f,GPCC_mthly_rec_result,load_rec_target,cntn_id,null_count,0.0,2026-08-23
3f,GPCC_stage1_item_feature,load_item_feature,part_yrmn,distinct_count,1.0,2026-08-23
3f,GPCC_stage1_item_feature,load_item_feature,part_mt,distinct_count,2.0,2026-08-23
3f,GPCC_stage1_item_feature,load_item_feature,mcno,distinct_count,2148560.0,2026-08-23
3f,GPCC_stage1_item_feature,load_item_feature,mccb_cd,distinct_count,1802.0,2026-08-23
3f,GPCC_stage1_item_feature,load_item_feature,pchs_cnt,distinct_count,9431.0,2026-08-23
3f,GPCC_stage1_item_feature,load_item_feature,pchs_ns,distinct_count,536204.0,2026-08-23
3f,GPCC_stage1_item_feature,load_item_feature,user_cnt,distinct_count,7284.0,2026-08-23
3f,GPCC_stage1_item_feature,load_item_feature,part_yrmn,null_count,0.0,2026-08-23
3f,GPCC_stage1_item_feature,load_item_feature,part_mt,null_count,0.0,2026-08-23
3f,GPCC_stage1_item_feature,load_item_feature,mcno,null_count,0.0,2026-08-23
3f,GPCC_stage1_item_feature,load_item_feature,mccb_cd,null_count,0.0,2026-08-23
3f,GPCC_stage1_item_feature,load_item_feature,pchs_cnt,null_count,0.0,2026-08-23
3f,GPCC_stage1_item_feature,load_item_feature,pchs_ns,null_count,0.0,2026-08-23
3f,GPCC_stage1_item_feature,load_item_feature,user_cnt,null_count,0.0,2026-08-23
3f,GPCC_stage1_item_feature,load_item_meta,mccb_cd,distinct_count,1877.0,2026-08-23
3f,GPCC_stage1_item_feature,load_item_meta,mccb_cd_nm,distinct_count,1877.0,2026-08-23
3f,GPCC_stage1_item_feature,load_item_meta,clm_cd_nm,distinct_count,87.0,2026-08-23
3f,GPCC_stage1_item_feature,load_item_meta,mccb_cd,null_count,0.0,2026-08-23
3f,GPCC_stage1_item_feature,load_item_meta,mccb_cd_nm,null_count,0.0,2026-08-23
3f,GPCC_stage1_item_feature,load_item_meta,clm_cd_nm,null_count,0.0,2026-08-23
3f,GPCC_stage1_item_feature,load_log_parser,csno,distinct_count,6355326.0,2026-08-23
3f,GPCC_stage1_item_feature,load_log_parser,cntn_id,distinct_count,199.0,2026-08-23
3f,GPCC_stage1_item_feature,load_log_parser,csno,null_count,43.0,2026-08-23
3f,GPCC_stage1_item_feature,load_log_parser,cntn_id,null_count,4411.0,2026-08-23
3f,gpcc_dd_transfer,unload_oo3f_rec_benefit_result,csno,distinct_count,8577875.0,2026-08-23
3f,gpcc_dd_transfer,unload_oo3f_rec_benefit_result,cntn_id,distinct_count,200.0,2026-08-23
3f,gpcc_dd_transfer,unload_oo3f_rec_benefit_result,csno,null_count,0.0,2026-08-23
3f,gpcc_dd_transfer,unload_oo3f_rec_benefit_result,cntn_id,null_count,0.0,2026-08-23
3f,GPCC_mthly_rec_result,load_rec_target,csno,distinct_count,8730267.0,2026-08-24
3f,GPCC_mthly_rec_result,load_rec_target,cntn_id,distinct_count,154.0,2026-08-24
3f,GPCC_mthly_rec_result,load_rec_target,csno,null_count,0.0,2026-08-24
3f,GPCC_mthly_rec_result,load_rec_target,cntn_id,null_count,0.0,2026-08-24
3f,GPCC_stage1_item_feature,load_item_feature,part_yrmn,distinct_count,1.0,2026-08-24
3f,GPCC_stage1_item_feature,load_item_feature,part_mt,distinct_count,2.0,2026-08-24
3f,GPCC_stage1_item_feature,load_item_feature,mcno,distinct_count,2148560.0,2026-08-24
3f,GPCC_stage1_item_feature,load_item_feature,mccb_cd,distinct_count,1802.0,2026-08-24
3f,GPCC_stage1_item_feature,load_item_feature,pchs_cnt,distinct_count,9431.0,2026-08-24
3f,GPCC_stage1_item_feature,load_item_feature,pchs_ns,distinct_count,536204.0,2026-08-24
3f,GPCC_stage1_item_feature,load_item_feature,user_cnt,distinct_count,7284.0,2026-08-24
3f,GPCC_stage1_item_feature,load_item_feature,part_yrmn,null_count,0.0,2026-08-24
3f,GPCC_stage1_item_feature,load_item_feature,part_mt,null_count,0.0,2026-08-24
3f,GPCC_stage1_item_feature,load_item_feature,mcno,null_count,0.0,2026-08-24
3f,GPCC_stage1_item_feature,load_item_feature,mccb_cd,null_count,0.0,2026-08-24
3f,GPCC_stage1_item_feature,load_item_feature,pchs_cnt,null_count,0.0,2026-08-24
3f,GPCC_stage1_item_feature,load_item_feature,pchs_ns,null_count,0.0,2026-08-24
3f,GPCC_stage1_item_feature,load_item_feature,user_cnt,null_count,0.0,2026-08-24
3f,GPCC_stage1_item_feature,load_item_meta,mccb_cd,distinct_count,1873.0,2026-08-24
3f,GPCC_stage1_item_feature,load_item_meta,mccb_cd_nm,distinct_count,1873.0,2026-08-24
3f,GPCC_stage1_item_feature,load_item_meta,clm_cd_nm,distinct_count,87.0,2026-08-24
3f,GPCC_stage1_item_feature,load_item_meta,mccb_cd,null_count,0.0,2026-08-24
3f,GPCC_stage1_item_feature,load_item_meta,mccb_cd_nm,null_count,0.0,2026-08-24
3f,GPCC_stage1_item_feature,load_item_meta,clm_cd_nm,null_count,0.0,2026-08-24
3f,GPCC_stage1_item_feature,load_log_parser,csno,distinct_count,5945957.0,2026-08-24
3f,GPCC_stage1_item_feature,load_log_parser,cntn_id,distinct_count,145.0,2026-08-24
3f,GPCC_stage1_item_feature,load_log_parser,csno,null_count,110.0,2026-08-24
3f,GPCC_stage1_item_feature,load_log_parser,cntn_id,null_count,4054.0,2026-08-24
3f,GPCC_stage3_interaction_feautre,load_rec_target,csno,distinct_count,8730267.0,2026-08-24
3f,GPCC_stage3_interaction_feautre,load_rec_target,cntn_id,distinct_count,154.0,2026-08-24
3f,GPCC_stage3_interaction_feautre,load_rec_target,csno,null_count,0.0,2026-08-24
3f,GPCC_stage3_interaction_feautre,load_rec_target,cntn_id,null_count,0.0,2026-08-24
3f,GPCC_stage4_post_proc,load_rec_result,csno,distinct_count,8730933.0,2026-08-24
3f,GPCC_stage4_post_proc,load_rec_result,cntn_id,distinct_count,155.0,2026-08-24
3f,GPCC_stage4_post_proc,load_rec_result,csno,null_count,0.0,2026-08-24
3f,GPCC_stage4_post_proc,load_rec_result,cntn_id,null_count,0.0,2026-08-24
3f,gpcc_dd_transfer,unload_oo3f_rec_benefit_result,csno,distinct_count,8722202.0,2026-08-24
3f,gpcc_dd_transfer,unload_oo3f_rec_benefit_result,cntn_id,distinct_count,155.0,2026-08-24
3f,gpcc_dd_transfer,unload_oo3f_rec_benefit_result,csno,null_count,0.0,2026-08-24
3f,gpcc_dd_transfer,unload_oo3f_rec_benefit_result,cntn_id,null_count,0.0,2026-08-24
3f,GPCC_mthly_rec_result,load_rec_target,csno,distinct_count,8631806.0,2026-08-25
3f,GPCC_mthly_rec_result,load_rec_target,cntn_id,distinct_count,213.0,2026-08-25
3f,GPCC_mthly_rec_result,load_rec_target,csno,null_count,0.0,2026-08-25
3f,GPCC_mthly_rec_result,load_rec_target,cntn_id,null_count,0.0,2026-08-25
3f,GPCC_stage1_item_feature,load_item_feature,part_yrmn,distinct_count,1.0,2026-08-25
3f,GPCC_stage1_item_feature,load_item_feature,part_mt,distinct_count,2.0,2026-08-25
3f,GPCC_stage1_item_feature,load_item_feature,mcno,distinct_count,2148560.0,2026-08-25
3f,GPCC_stage1_item_feature,load_item_feature,mccb_cd,distinct_count,1802.0,2026-08-25
3f,GPCC_stage1_item_feature,load_item_feature,pchs_cnt,distinct_count,9431.0,2026-08-25
3f,GPCC_stage1_item_feature,load_item_feature,pchs_ns,distinct_count,536204.0,2026-08-25
3f,GPCC_stage1_item_feature,load_item_feature,user_cnt,distinct_count,7284.0,2026-08-25
3f,GPCC_stage1_item_feature,load_item_feature,part_yrmn,null_count,0.0,2026-08-25
3f,GPCC_stage1_item_feature,load_item_feature,part_mt,null_count,0.0,2026-08-25
3f,GPCC_stage1_item_feature,load_item_feature,mcno,null_count,0.0,2026-08-25
3f,GPCC_stage1_item_feature,load_item_feature,mccb_cd,null_count,0.0,2026-08-25
3f,GPCC_stage1_item_feature,load_item_feature,pchs_cnt,null_count,0.0,2026-08-25
3f,GPCC_stage1_item_feature,load_item_feature,pchs_ns,null_count,0.0,2026-08-25
3f,GPCC_stage1_item_feature,load_item_feature,user_cnt,null_count,0.0,2026-08-25
3f,GPCC_stage1_item_feature,load_item_meta,mccb_cd,distinct_count,1875.0,2026-08-25
3f,GPCC_stage1_item_feature,load_item_meta,mccb_cd_nm,distinct_count,1875.0,2026-08-25
3f,GPCC_stage1_item_feature,load_item_meta,clm_cd_nm,distinct_count,87.0,2026-08-25
3f,GPCC_stage1_item_feature,load_item_meta,mccb_cd,null_count,0.0,2026-08-25
3f,GPCC_stage1_item_feature,load_item_meta,mccb_cd_nm,null_count,0.0,2026-08-25
3f,GPCC_stage1_item_feature,load_item_meta,clm_cd_nm,null_count,0.0,2026-08-25
3f,GPCC_stage1_item_feature,load_log_parser,csno,distinct_count,6311444.0,2026-08-25
3f,GPCC_stage1_item_feature,load_log_parser,cntn_id,distinct_count,212.0,2026-08-25
3f,GPCC_stage1_item_feature,load_log_parser,csno,null_count,105.0,2026-08-25
3f,GPCC_stage1_item_feature,load_log_parser,cntn_id,null_count,3961.0,2026-08-25
3f,GPCC_stage3_interaction_feautre,load_rec_target,csno,distinct_count,8631806.0,2026-08-25
3f,GPCC_stage3_interaction_feautre,load_rec_target,cntn_id,distinct_count,213.0,2026-08-25
3f,GPCC_stage3_interaction_feautre,load_rec_target,csno,null_count,0.0,2026-08-25
3f,GPCC_stage3_interaction_feautre,load_rec_target,cntn_id,null_count,0.0,2026-08-25
3f,GPCC_stage4_post_proc,load_rec_result,csno,distinct_count,8628128.0,2026-08-25
3f,GPCC_stage4_post_proc,load_rec_result,cntn_id,distinct_count,213.0,2026-08-25
3f,GPCC_stage4_post_proc,load_rec_result,csno,null_count,0.0,2026-08-25
3f,GPCC_stage4_post_proc,load_rec_result,cntn_id,null_count,0.0,2026-08-25
3f,gpcc_dd_transfer,unload_oo3f_rec_benefit_result,csno,distinct_count,8619499.0,2026-08-25
3f,gpcc_dd_transfer,unload_oo3f_rec_benefit_result,cntn_id,distinct_count,213.0,2026-08-25
3f,gpcc_dd_transfer,unload_oo3f_rec_benefit_result,csno,null_count,0.0,2026-08-25
3f,gpcc_dd_transfer,unload_oo3f_rec_benefit_result,cntn_id,null_count,0.0,2026-08-25
3f,GPCC_mthly_rec_result,load_rec_target,csno,distinct_count,8862095.0,2026-08-26
3f,GPCC_mthly_rec_result,load_rec_target,cntn_id,distinct_count,233.0,2026-08-26
3f,GPCC_mthly_rec_result,load_rec_target,csno,null_count,0.0,2026-08-26
3f,GPCC_mthly_rec_result,load_rec_target,cntn_id,null_count,0.0,2026-08-26
3f,GPCC_stage1_item_feature,load_item_feature,part_yrmn,distinct_count,1.0,2026-08-26
3f,GPCC_stage1_item_feature,load_item_feature,part_mt,distinct_count,2.0,2026-08-26
3f,GPCC_stage1_item_feature,load_item_feature,mcno,distinct_count,2148560.0,2026-08-26
3f,GPCC_stage1_item_feature,load_item_feature,mccb_cd,distinct_count,1802.0,2026-08-26
3f,GPCC_stage1_item_feature,load_item_feature,pchs_cnt,distinct_count,9431.0,2026-08-26
3f,GPCC_stage1_item_feature,load_item_feature,pchs_ns,distinct_count,536204.0,2026-08-26
3f,GPCC_stage1_item_feature,load_item_feature,user_cnt,distinct_count,7284.0,2026-08-26
3f,GPCC_stage1_item_feature,load_item_feature,part_yrmn,null_count,0.0,2026-08-26
3f,GPCC_stage1_item_feature,load_item_feature,part_mt,null_count,0.0,2026-08-26
3f,GPCC_stage1_item_feature,load_item_feature,mcno,null_count,0.0,2026-08-26
3f,GPCC_stage1_item_feature,load_item_feature,mccb_cd,null_count,0.0,2026-08-26
3f,GPCC_stage1_item_feature,load_item_feature,pchs_cnt,null_count,0.0,2026-08-26
3f,GPCC_stage1_item_feature,load_item_feature,pchs_ns,null_count,0.0,2026-08-26
3f,GPCC_stage1_item_feature,load_item_feature,user_cnt,null_count,0.0,2026-08-26
3f,GPCC_stage1_item_feature,load_item_meta,mccb_cd,distinct_count,1874.0,2026-08-26
3f,GPCC_stage1_item_feature,load_item_meta,mccb_cd_nm,distinct_count,1874.0,2026-08-26
3f,GPCC_stage1_item_feature,load_item_meta,clm_cd_nm,distinct_count,87.0,2026-08-26
3f,GPCC_stage1_item_feature,load_item_meta,mccb_cd,null_count,0.0,2026-08-26
3f,GPCC_stage1_item_feature,load_item_meta,mccb_cd_nm,null_count,0.0,2026-08-26
3f,GPCC_stage1_item_feature,load_item_meta,clm_cd_nm,null_count,0.0,2026-08-26
3f,GPCC_stage1_item_feature,load_log_parser,csno,distinct_count,6334192.0,2026-08-26
3f,GPCC_stage1_item_feature,load_log_parser,cntn_id,distinct_count,228.0,2026-08-26
3f,GPCC_stage1_item_feature,load_log_parser,csno,null_count,115.0,2026-08-26
3f,GPCC_stage1_item_feature,load_log_parser,cntn_id,null_count,3772.0,2026-08-26
3f,GPCC_stage3_interaction_feautre,load_rec_target,csno,distinct_count,8862095.0,2026-08-26
3f,GPCC_stage3_interaction_feautre,load_rec_target,cntn_id,distinct_count,233.0,2026-08-26
3f,GPCC_stage3_interaction_feautre,load_rec_target,csno,null_count,0.0,2026-08-26
3f,GPCC_stage3_interaction_feautre,load_rec_target,cntn_id,null_count,0.0,2026-08-26
3f,GPCC_stage4_post_proc,load_rec_result,csno,distinct_count,8863200.0,2026-08-26
3f,GPCC_stage4_post_proc,load_rec_result,cntn_id,distinct_count,234.0,2026-08-26
3f,GPCC_stage4_post_proc,load_rec_result,csno,null_count,0.0,2026-08-26
3f,GPCC_stage4_post_proc,load_rec_result,cntn_id,null_count,0.0,2026-08-26
3f,gpcc_dd_transfer,unload_oo3f_rec_benefit_result,csno,distinct_count,8854336.0,2026-08-26
3f,gpcc_dd_transfer,unload_oo3f_rec_benefit_result,cntn_id,distinct_count,234.0,2026-08-26
3f,gpcc_dd_transfer,unload_oo3f_rec_benefit_result,csno,null_count,0.0,2026-08-26
3f,gpcc_dd_transfer,unload_oo3f_rec_benefit_result,cntn_id,null_count,0.0,2026-08-26
3f,GPCC_mthly_rec_result,load_rec_target,csno,distinct_count,8683584.0,2026-08-27
3f,GPCC_mthly_rec_result,load_rec_target,cntn_id,distinct_count,229.0,2026-08-27
3f,GPCC_mthly_rec_result,load_rec_target,csno,null_count,0.0,2026-08-27
3f,GPCC_mthly_rec_result,load_rec_target,cntn_id,null_count,0.0,2026-08-27
3f,GPCC_stage1_item_feature,load_item_feature,part_yrmn,distinct_count,1.0,2026-08-27
3f,GPCC_stage1_item_feature,load_item_feature,part_mt,distinct_count,2.0,2026-08-27
3f,GPCC_stage1_item_feature,load_item_feature,mcno,distinct_count,2148560.0,2026-08-27
3f,GPCC_stage1_item_feature,load_item_feature,mccb_cd,distinct_count,1802.0,2026-08-27
3f,GPCC_stage1_item_feature,load_item_feature,pchs_cnt,distinct_count,9431.0,2026-08-27
3f,GPCC_stage1_item_feature,load_item_feature,pchs_ns,distinct_count,536204.0,2026-08-27
3f,GPCC_stage1_item_feature,load_item_feature,user_cnt,distinct_count,7284.0,2026-08-27
3f,GPCC_stage1_item_feature,load_item_feature,part_yrmn,null_count,0.0,2026-08-27
3f,GPCC_stage1_item_feature,load_item_feature,part_mt,null_count,0.0,2026-08-27
3f,GPCC_stage1_item_feature,load_item_feature,mcno,null_count,0.0,2026-08-27
3f,GPCC_stage1_item_feature,load_item_feature,mccb_cd,null_count,0.0,2026-08-27
3f,GPCC_stage1_item_feature,load_item_feature,pchs_cnt,null_count,0.0,2026-08-27
3f,GPCC_stage1_item_feature,load_item_feature,pchs_ns,null_count,0.0,2026-08-27
3f,GPCC_stage1_item_feature,load_item_feature,user_cnt,null_count,0.0,2026-08-27
3f,GPCC_stage1_item_feature,load_item_meta,mccb_cd,distinct_count,1879.0,2026-08-27
3f,GPCC_stage1_item_feature,load_item_meta,mccb_cd_nm,distinct_count,1879.0,2026-08-27
3f,GPCC_stage1_item_feature,load_item_meta,clm_cd_nm,distinct_count,87.0,2026-08-27
3f,GPCC_stage1_item_feature,load_item_meta,mccb_cd,null_count,0.0,2026-08-27
3f,GPCC_stage1_item_feature,load_item_meta,mccb_cd_nm,null_count,0.0,2026-08-27
3f,GPCC_stage1_item_feature,load_item_meta,clm_cd_nm,null_count,0.0,2026-08-27
3f,GPCC_stage1_item_feature,load_log_parser,csno,distinct_count,6856238.0,2026-08-27
3f,GPCC_stage1_item_feature,load_log_parser,cntn_id,distinct_count,231.0,2026-08-27
3f,GPCC_stage1_item_feature,load_log_parser,csno,null_count,105.0,2026-08-27
3f,GPCC_stage1_item_feature,load_log_parser,cntn_id,null_count,2605.0,2026-08-27
3f,GPCC_stage3_interaction_feautre,load_rec_target,csno,distinct_count,8683584.0,2026-08-27
3f,GPCC_stage3_interaction_feautre,load_rec_target,cntn_id,distinct_count,229.0,2026-08-27
3f,GPCC_stage3_interaction_feautre,load_rec_target,csno,null_count,0.0,2026-08-27
3f,GPCC_stage3_interaction_feautre,load_rec_target,cntn_id,null_count,0.0,2026-08-27
3f,GPCC_stage4_post_proc,load_rec_result,csno,distinct_count,8683524.0,2026-08-27
3f,GPCC_stage4_post_proc,load_rec_result,cntn_id,distinct_count,232.0,2026-08-27
3f,GPCC_stage4_post_proc,load_rec_result,csno,null_count,0.0,2026-08-27
3f,GPCC_stage4_post_proc,load_rec_result,cntn_id,null_count,0.0,2026-08-27
3f,gpcc_dd_transfer,unload_oo3f_rec_benefit_result,csno,distinct_count,8674840.0,2026-08-27
3f,gpcc_dd_transfer,unload_oo3f_rec_benefit_result,cntn_id,distinct_count,232.0,2026-08-27
3f,gpcc_dd_transfer,unload_oo3f_rec_benefit_result,csno,null_count,0.0,2026-08-27
3f,gpcc_dd_transfer,unload_oo3f_rec_benefit_result,cntn_id,null_count,0.0,2026-08-27
3f,GPCC_mthly_rec_result,load_rec_target,csno,distinct_count,8674659.0,2026-08-28
3f,GPCC_mthly_rec_result,load_rec_target,cntn_id,distinct_count,220.0,2026-08-28
3f,GPCC_mthly_rec_result,load_rec_target,csno,null_count,0.0,2026-08-28
3f,GPCC_mthly_rec_result,load_rec_target,cntn_id,null_count,0.0,2026-08-28
3f,GPCC_stage1_item_feature,load_item_feature,part_yrmn,distinct_count,1.0,2026-08-28
3f,GPCC_stage1_item_feature,load_item_feature,part_mt,distinct_count,2.0,2026-08-28
3f,GPCC_stage1_item_feature,load_item_feature,mcno,distinct_count,2148560.0,2026-08-28
3f,GPCC_stage1_item_feature,load_item_feature,mccb_cd,distinct_count,1802.0,2026-08-28
3f,GPCC_stage1_item_feature,load_item_feature,pchs_cnt,distinct_count,9431.0,2026-08-28
3f,GPCC_stage1_item_feature,load_item_feature,pchs_ns,distinct_count,536204.0,2026-08-28
3f,GPCC_stage1_item_feature,load_item_feature,user_cnt,distinct_count,7284.0,2026-08-28
3f,GPCC_stage1_item_feature,load_item_feature,part_yrmn,null_count,0.0,2026-08-28
3f,GPCC_stage1_item_feature,load_item_feature,part_mt,null_count,0.0,2026-08-28
3f,GPCC_stage1_item_feature,load_item_feature,mcno,null_count,0.0,2026-08-28
3f,GPCC_stage1_item_feature,load_item_feature,mccb_cd,null_count,0.0,2026-08-28
3f,GPCC_stage1_item_feature,load_item_feature,pchs_cnt,null_count,0.0,2026-08-28
3f,GPCC_stage1_item_feature,load_item_feature,pchs_ns,null_count,0.0,2026-08-28
3f,GPCC_stage1_item_feature,load_item_feature,user_cnt,null_count,0.0,2026-08-28
3f,GPCC_stage1_item_feature,load_item_meta,mccb_cd,distinct_count,1878.0,2026-08-28
3f,GPCC_stage1_item_feature,load_item_meta,mccb_cd_nm,distinct_count,1878.0,2026-08-28
3f,GPCC_stage1_item_feature,load_item_meta,clm_cd_nm,distinct_count,87.0,2026-08-28
3f,GPCC_stage1_item_feature,load_item_meta,mccb_cd,null_count,0.0,2026-08-28
3f,GPCC_stage1_item_feature,load_item_meta,mccb_cd_nm,null_count,0.0,2026-08-28
3f,GPCC_stage1_item_feature,load_item_meta,clm_cd_nm,null_count,0.0,2026-08-28
3f,GPCC_stage1_item_feature,load_log_parser,csno,distinct_count,6182856.0,2026-08-28
3f,GPCC_stage1_item_feature,load_log_parser,cntn_id,distinct_count,222.0,2026-08-28
3f,GPCC_stage1_item_feature,load_log_parser,csno,null_count,34.0,2026-08-28
3f,GPCC_stage1_item_feature,load_log_parser,cntn_id,null_count,3020.0,2026-08-28
3f,GPCC_stage3_interaction_feautre,load_rec_target,csno,distinct_count,8674659.0,2026-08-28
3f,GPCC_stage3_interaction_feautre,load_rec_target,cntn_id,distinct_count,220.0,2026-08-28
3f,GPCC_stage3_interaction_feautre,load_rec_target,csno,null_count,0.0,2026-08-28
3f,GPCC_stage3_interaction_feautre,load_rec_target,cntn_id,null_count,0.0,2026-08-28
3f,GPCC_stage4_post_proc,load_rec_result,csno,distinct_count,8671688.0,2026-08-28
3f,GPCC_stage4_post_proc,load_rec_result,cntn_id,distinct_count,223.0,2026-08-28
3f,GPCC_stage4_post_proc,load_rec_result,csno,null_count,0.0,2026-08-28
3f,GPCC_stage4_post_proc,load_rec_result,cntn_id,null_count,0.0,2026-08-28
3f,gpcc_dd_transfer,unload_oo3f_rec_benefit_result,csno,distinct_count,8663016.0,2026-08-28
3f,gpcc_dd_transfer,unload_oo3f_rec_benefit_result,cntn_id,distinct_count,223.0,2026-08-28
3f,gpcc_dd_transfer,unload_oo3f_rec_benefit_result,csno,null_count,0.0,2026-08-28
3f,gpcc_dd_transfer,unload_oo3f_rec_benefit_result,cntn_id,null_count,0.0,2026-08-28
3f,GPCC_mthly_rec_result,load_rec_target,csno,distinct_count,8508013.0,2026-08-29
3f,GPCC_mthly_rec_result,load_rec_target,cntn_id,distinct_count,217.0,2026-08-29
3f,GPCC_mthly_rec_result,load_rec_target,csno,null_count,0.0,2026-08-29
3f,GPCC_mthly_rec_result,load_rec_target,cntn_id,null_count,0.0,2026-08-29
3f,GPCC_stage1_item_feature,load_item_feature,part_yrmn,distinct_count,1.0,2026-08-29
3f,GPCC_stage1_item_feature,load_item_feature,part_mt,distinct_count,2.0,2026-08-29
3f,GPCC_stage1_item_feature,load_item_feature,mcno,distinct_count,2148560.0,2026-08-29
3f,GPCC_stage1_item_feature,load_item_feature,mccb_cd,distinct_count,1802.0,2026-08-29
3f,GPCC_stage1_item_feature,load_item_feature,pchs_cnt,distinct_count,9431.0,2026-08-29
3f,GPCC_stage1_item_feature,load_item_feature,pchs_ns,distinct_count,536204.0,2026-08-29
3f,GPCC_stage1_item_feature,load_item_feature,user_cnt,distinct_count,7284.0,2026-08-29
3f,GPCC_stage1_item_feature,load_item_feature,part_yrmn,null_count,0.0,2026-08-29
3f,GPCC_stage1_item_feature,load_item_feature,part_mt,null_count,0.0,2026-08-29
3f,GPCC_stage1_item_feature,load_item_feature,mcno,null_count,0.0,2026-08-29
3f,GPCC_stage1_item_feature,load_item_feature,mccb_cd,null_count,0.0,2026-08-29
3f,GPCC_stage1_item_feature,load_item_feature,pchs_cnt,null_count,0.0,2026-08-29
3f,GPCC_stage1_item_feature,load_item_feature,pchs_ns,null_count,0.0,2026-08-29
3f,GPCC_stage1_item_feature,load_item_feature,user_cnt,null_count,0.0,2026-08-29
3f,GPCC_stage1_item_feature,load_item_meta,mccb_cd,distinct_count,1877.0,2026-08-29
3f,GPCC_stage1_item_feature,load_item_meta,mccb_cd_nm,distinct_count,1877.0,2026-08-29
3f,GPCC_stage1_item_feature,load_item_meta,clm_cd_nm,distinct_count,87.0,2026-08-29
3f,GPCC_stage1_item_feature,load_item_meta,mccb_cd,null_count,0.0,2026-08-29
3f,GPCC_stage1_item_feature,load_item_meta,mccb_cd_nm,null_count,0.0,2026-08-29
3f,GPCC_stage1_item_feature,load_item_meta,clm_cd_nm,null_count,0.0,2026-08-29
3f,GPCC_stage1_item_feature,load_log_parser,csno,distinct_count,6377665.0,2026-08-29
3f,GPCC_stage1_item_feature,load_log_parser,cntn_id,distinct_count,211.0,2026-08-29
3f,GPCC_stage1_item_feature,load_log_parser,csno,null_count,94.0,2026-08-29
3f,GPCC_stage1_item_feature,load_log_parser,cntn_id,null_count,5977.0,2026-08-29
3f,GPCC_stage3_interaction_feautre,load_rec_target,csno,distinct_count,8508013.0,2026-08-29
3f,GPCC_stage3_interaction_feautre,load_rec_target,cntn_id,distinct_count,217.0,2026-08-29
3f,GPCC_stage3_interaction_feautre,load_rec_target,csno,null_count,0.0,2026-08-29
3f,GPCC_stage3_interaction_feautre,load_rec_target,cntn_id,null_count,0.0,2026-08-29
3f,GPCC_stage4_post_proc,load_rec_result,csno,distinct_count,8507047.0,2026-08-29
3f,GPCC_stage4_post_proc,load_rec_result,cntn_id,distinct_count,218.0,2026-08-29
3f,GPCC_stage4_post_proc,load_rec_result,csno,null_count,0.0,2026-08-29
3f,GPCC_stage4_post_proc,load_rec_result,cntn_id,null_count,0.0,2026-08-29
3f,gpcc_dd_transfer,unload_oo3f_rec_benefit_result,csno,distinct_count,8498539.0,2026-08-29
3f,gpcc_dd_transfer,unload_oo3f_rec_benefit_result,cntn_id,distinct_count,218.0,2026-08-29
3f,gpcc_dd_transfer,unload_oo3f_rec_benefit_result,csno,null_count,0.0,2026-08-29
3f,gpcc_dd_transfer,unload_oo3f_rec_benefit_result,cntn_id,null_count,0.0,2026-08-29
3f,GPCC_mthly_rec_result,load_rec_target,csno,distinct_count,8861091.0,2026-08-30
3f,GPCC_mthly_rec_result,load_rec_target,cntn_id,distinct_count,181.0,2026-08-30
3f,GPCC_mthly_rec_result,load_rec_target,csno,null_count,0.0,2026-08-30
3f,GPCC_mthly_rec_result,load_rec_target,cntn_id,null_count,0.0,2026-08-30
3f,GPCC_stage1_item_feature,load_item_feature,part_yrmn,distinct_count,1.0,2026-08-30
3f,GPCC_stage1_item_feature,load_item_feature,part_mt,distinct_count,2.0,2026-08-30
3f,GPCC_stage1_item_feature,load_item_feature,mcno,distinct_count,2148560.0,2026-08-30
3f,GPCC_stage1_item_feature,load_item_feature,mccb_cd,distinct_count,1802.0,2026-08-30
3f,GPCC_stage1_item_feature,load_item_feature,pchs_cnt,distinct_count,9431.0,2026-08-30
3f,GPCC_stage1_item_feature,load_item_feature,pchs_ns,distinct_count,536204.0,2026-08-30
3f,GPCC_stage1_item_feature,load_item_feature,user_cnt,distinct_count,7284.0,2026-08-30
3f,GPCC_stage1_item_feature,load_item_feature,part_yrmn,null_count,0.0,2026-08-30
3f,GPCC_stage1_item_feature,load_item_feature,part_mt,null_count,0.0,2026-08-30
3f,GPCC_stage1_item_feature,load_item_feature,mcno,null_count,0.0,2026-08-30
3f,GPCC_stage1_item_feature,load_item_feature,mccb_cd,null_count,0.0,2026-08-30
3f,GPCC_stage1_item_feature,load_item_feature,pchs_cnt,null_count,0.0,2026-08-30
3f,GPCC_stage1_item_feature,load_item_feature,pchs_ns,null_count,0.0,2026-08-30
3f,GPCC_stage1_item_feature,load_item_feature,user_cnt,null_count,0.0,2026-08-30
3f,GPCC_stage1_item_feature,load_item_meta,mccb_cd,distinct_count,1876.0,2026-08-30
3f,GPCC_stage1_item_feature,load_item_meta,mccb_cd_nm,distinct_count,1876.0,2026-08-30
3f,GPCC_stage1_item_feature,load_item_meta,clm_cd_nm,distinct_count,87.0,2026-08-30
3f,GPCC_stage1_item_feature,load_item_meta,mccb_cd,null_count,0.0,2026-08-30
3f,GPCC_stage1_item_feature,load_item_meta,mccb_cd_nm,null_count,0.0,2026-08-30
3f,GPCC_stage1_item_feature,load_item_meta,clm_cd_nm,null_count,0.0,2026-08-30
3f,GPCC_stage1_item_feature,load_log_parser,csno,distinct_count,6188323.0,2026-08-30
3f,GPCC_stage1_item_feature,load_log_parser,cntn_id,distinct_count,182.0,2026-08-30
3f,GPCC_stage1_item_feature,load_log_parser,csno,null_count,76.0,2026-08-30
3f,GPCC_stage1_item_feature,load_log_parser,cntn_id,null_count,2271.0,2026-08-30
3f,GPCC_stage3_interaction_feautre,load_rec_target,csno,distinct_count,8861091.0,2026-08-30
3f,GPCC_stage3_interaction_feautre,load_rec_target,cntn_id,distinct_count,181.0,2026-08-30
3f,GPCC_stage3_interaction_feautre,load_rec_target,csno,null_count,0.0,2026-08-30
3f,GPCC_stage3_interaction_feautre,load_rec_target,cntn_id,null_count,0.0,2026-08-30
3f,GPCC_stage4_post_proc,load_rec_result,csno,distinct_count,8859838.0,2026-08-30
3f,GPCC_stage4_post_proc,load_rec_result,cntn_id,distinct_count,183.0,2026-08-30
3f,GPCC_stage4_post_proc,load_rec_result,csno,null_count,0.0,2026-08-30
3f,GPCC_stage4_post_proc,load_rec_result,cntn_id,null_count,0.0,2026-08-30
3f,gpcc_dd_transfer,unload_oo3f_rec_benefit_result,csno,distinct_count,8850978.0,2026-08-30
3f,gpcc_dd_transfer,unload_oo3f_rec_benefit_result,cntn_id,distinct_count,183.0,2026-08-30
3f,gpcc_dd_transfer,unload_oo3f_rec_benefit_result,csno,null_count,0.0,2026-08-30
3f,gpcc_dd_transfer,unload_oo3f_rec_benefit_result,cntn_id,null_count,0.0,2026-08-30
3f,GPCC_mthly_rec_result,load_rec_target,csno,distinct_count,8667382.0,2026-08-31
3f,GPCC_mthly_rec_result,load_rec_target,cntn_id,distinct_count,182.0,2026-08-31
3f,GPCC_mthly_rec_result,load_rec_target,csno,null_count,0.0,2026-08-31
3f,GPCC_mthly_rec_result,load_rec_target,cntn_id,null_count,0.0,2026-08-31
3f,GPCC_stage1_item_feature,load_item_feature,part_yrmn,distinct_count,1.0,2026-08-31
3f,GPCC_stage1_item_feature,load_item_feature,part_mt,distinct_count,2.0,2026-08-31
3f,GPCC_stage1_item_feature,load_item_feature,mcno,distinct_count,2148560.0,2026-08-31
3f,GPCC_stage1_item_feature,load_item_feature,mccb_cd,distinct_count,1802.0,2026-08-31
3f,GPCC_stage1_item_feature,load_item_feature,pchs_cnt,distinct_count,9431.0,2026-08-31
3f,GPCC_stage1_item_feature,load_item_feature,pchs_ns,distinct_count,536204.0,2026-08-31
3f,GPCC_stage1_item_feature,load_item_feature,user_cnt,distinct_count,7284.0,2026-08-31
3f,GPCC_stage1_item_feature,load_item_feature,part_yrmn,null_count,0.0,2026-08-31
3f,GPCC_stage1_item_feature,load_item_feature,part_mt,null_count,0.0,2026-08-31
3f,GPCC_stage1_item_feature,load_item_feature,mcno,null_count,0.0,2026-08-31
3f,GPCC_stage1_item_feature,load_item_feature,mccb_cd,null_count,0.0,2026-08-31
3f,GPCC_stage1_item_feature,load_item_feature,pchs_cnt,null_count,0.0,2026-08-31
3f,GPCC_stage1_item_feature,load_item_feature,pchs_ns,null_count,0.0,2026-08-31
3f,GPCC_stage1_item_feature,load_item_feature,user_cnt,null_count,0.0,2026-08-31
3f,GPCC_stage1_item_feature,load_item_meta,mccb_cd,distinct_count,1881.0,2026-08-31
3f,GPCC_stage1_item_feature,load_item_meta,mccb_cd_nm,distinct_count,1881.0,2026-08-31
3f,GPCC_stage1_item_feature,load_item_meta,clm_cd_nm,distinct_count,87.0,2026-08-31
3f,GPCC_stage1_item_feature,load_item_meta,mccb_cd,null_count,0.0,2026-08-31
3f,GPCC_stage1_item_feature,load_item_meta,mccb_cd_nm,null_count,0.0,2026-08-31
3f,GPCC_stage1_item_feature,load_item_meta,clm_cd_nm,null_count,0.0,2026-08-31
3f,GPCC_stage1_item_feature,load_log_parser,csno,distinct_count,6488971.0,2026-08-31
3f,GPCC_stage1_item_feature,load_log_parser,cntn_id,distinct_count,177.0,2026-08-31
3f,GPCC_stage1_item_feature,load_log_parser,csno,null_count,64.0,2026-08-31
3f,GPCC_stage1_item_feature,load_log_parser,cntn_id,null_count,2316.0,2026-08-31
3f,GPCC_stage3_interaction_feautre,load_rec_target,csno,distinct_count,8667382.0,2026-08-31
3f,GPCC_stage3_interaction_feautre,load_rec_target,cntn_id,distinct_count,182.0,2026-08-31
3f,GPCC_stage3_interaction_feautre,load_rec_target,csno,null_count,0.0,2026-08-31
3f,GPCC_stage3_interaction_feautre,load_rec_target,cntn_id,null_count,0.0,2026-08-31
3f,GPCC_stage4_post_proc,load_rec_result,csno,distinct_count,8665287.0,2026-08-31
3f,GPCC_stage4_post_proc,load_rec_result,cntn_id,distinct_count,183.0,2026-08-31
3f,GPCC_stage4_post_proc,load_rec_result,csno,null_count,0.0,2026-08-31
3f,GPCC_stage4_post_proc,load_rec_result,cntn_id,null_count,0.0,2026-08-31
3f,gpcc_dd_transfer,unload_oo3f_rec_benefit_result,csno,distinct_count,8656621.0,2026-08-31
3f,gpcc_dd_transfer,unload_oo3f_rec_benefit_result,cntn_id,distinct_count,183.0,2026-08-31
3f,gpcc_dd_transfer,unload_oo3f_rec_benefit_result,csno,null_count,0.0,2026-08-31
3f,gpcc_dd_transfer,unload_oo3f_rec_benefit_result,cntn_id,null_count,0.0,2026-08-31
