service_id,workflow_id,run_id,task_id,run_type,run_status,try_number,start_time,end_time,duration_sec,error_message,base_dt,part_dt
3f,GPCC_stage4_post_proc,scheduled__2026-07-30T14:40:00+00:00,RecResult,scheduled,,2,2026-07-31 23:52:27.844,2026-07-31 23:58:36.106,368,,2026-08-01,2026-08-02
3f,GPCC_stage4_post_proc,scheduled__2026-07-30T14:40:00+00:00,save_rec_result,scheduled,,2,2026-07-31 23:58:39.156,2026-08-01 00:02:36.236,237,,2026-08-01,2026-08-02
3f,GPCC_stage4_post_proc,scheduled__2026-07-30T14:40:00+00:00,check_dd_rec_result,scheduled,,2,2026-08-01 00:02:39.902,2026-08-01 00:03:02.403,22,,2026-08-01,2026-08-02
3f,GPCC_stage4_post_proc,scheduled__2026-07-30T14:40:00+00:00,trigger_mark_success_all_success,scheduled,,2,2026-08-01 00:03:04.969,2026-08-01 00:03:07.804,2,,2026-08-01,2026-08-02
3f,GPCC_stage4_post_proc,scheduled__2026-07-30T14:40:00+00:00,trigger_sg_workflow_if_one_failed,scheduled,,1,2026-08-01 00:03:07.909,2026-08-01 00:03:07.909,0,,2026-08-01,2026-08-02
3f,GPCC_stage4_post_proc,scheduled__2026-07-30T14:40:00+00:00,done_api,scheduled,,1,2026-08-01 00:03:08.000,2026-08-01 00:03:08.000,0,,2026-08-01,2026-08-02
3f,gpcc_mark_success,manual__2026-07-31T15:03:07.139078+00:00,start,manual,,2,2026-08-01 00:03:11.256,2026-08-01 00:03:11.940,0,,2026-08-01,2026-08-02
3f,gpcc_mark_success,manual__2026-07-31T15:03:07.139078+00:00,trigger,manual,,2,2026-08-01 00:03:14.676,2026-08-01 00:03:15.208,0,,2026-08-01,2026-08-02
3f,gpcc_mark_success,manual__2026-07-31T15:03:07.139078+00:00,check_mark_success,manual,,2,2026-08-01 00:03:18.352,2026-08-01 00:03:28.595,10,,2026-08-01,2026-08-02
3f,gpcc_mark_success,manual__2026-07-31T15:03:07.139078+00:00,done_api,manual,,2,2026-08-01 00:03:32.059,2026-08-01 00:03:32.735,0,,2026-08-01,2026-08-02
3f,gpcc_dd_transfer,scheduled__2026-07-30T16:00:00+00:00,start,scheduled,,2,2026-08-01 01:00:04.643,2026-08-01 01:00:05.335,0,,2026-08-01,2026-08-02
3f,gpcc_dd_transfer,scheduled__2026-07-30T16:00:00+00:00,trigger,scheduled,,2,2026-08-01 01:00:08.517,2026-08-01 01:00:09.515,0,,2026-08-01,2026-08-02
3f,gpcc_dd_transfer,scheduled__2026-07-30T16:00:00+00:00,transfer_table,scheduled,,2,2026-08-01 01:00:12.949,2026-08-01 01:03:22.350,189,,2026-08-01,2026-08-02
3f,gpcc_dd_transfer,scheduled__2026-07-30T16:00:00+00:00,unload_oo3f_rec_benefit_result,scheduled,,2,2026-08-01 01:03:25.043,2026-08-01 01:03:47.752,22,,2026-08-01,2026-08-02
3f,gpcc_dd_transfer,scheduled__2026-07-30T16:00:00+00:00,trigger_arbiter_transfer,scheduled,,2,2026-08-01 01:03:25.477,2026-08-01 01:03:26.026,0,,2026-08-01,2026-08-02
3f,gpcc_dd_transfer,scheduled__2026-07-30T16:00:00+00:00,trigger_dq_check_mail,scheduled,,2,2026-08-01 01:03:25.615,2026-08-01 01:03:28.994,3,,2026-08-01,2026-08-02
3f,gpcc_dq_mail,manual__2026-07-31T16:03:28.396206+00:00,start,manual,,2,2026-08-01 01:03:32.018,2026-08-01 01:03:32.675,0,,2026-08-01,2026-08-02
3f,gpcc_dq_mail,manual__2026-07-31T16:03:28.396206+00:00,trigger,manual,,2,2026-08-01 01:03:35.556,2026-08-01 01:03:36.348,0,,2026-08-01,2026-08-02
3f,gpcc_dq_mail,manual__2026-07-31T16:03:28.396206+00:00,unload_dq_candidate,manual,,2,2026-08-01 01:03:39.120,2026-08-01 01:04:27.179,48,,2026-08-01,2026-08-02
3f,gpcc_dq_mail,manual__2026-07-31T16:03:28.396206+00:00,unload_dq_check,manual,,2,2026-08-01 01:03:39.242,2026-08-01 01:07:17.614,218,,2026-08-01,2026-08-02
3f,gpcc_dd_transfer,scheduled__2026-07-30T16:00:00+00:00,sink_cms_transfer,scheduled,,2,2026-08-01 01:03:51.330,2026-08-01 01:17:23.925,812,,2026-08-01,2026-08-02
3f,gpcc_dq_mail,manual__2026-07-31T16:03:28.396206+00:00,DQcheck,manual,,2,2026-08-01 01:07:20.414,2026-08-01 01:18:27.503,667,,2026-08-01,2026-08-02
3f,gpcc_dd_transfer,scheduled__2026-07-30T16:00:00+00:00,done_api,scheduled,,2,2026-08-01 01:17:27.134,2026-08-01 01:17:27.895,0,,2026-08-01,2026-08-02
3f,gpcc_dq_mail,manual__2026-07-31T16:03:28.396206+00:00,save_dq_summary,manual,,2,2026-08-01 01:18:30.333,2026-08-01 01:23:11.922,281,,2026-08-01,2026-08-02
3f,gpcc_dq_mail,manual__2026-07-31T16:03:28.396206+00:00,dq_check_mail,manual,,2,2026-08-01 01:23:14.840,2026-08-01 01:24:31.447,76,,2026-08-01,2026-08-02
3f,gpcc_dq_mail,manual__2026-07-31T16:03:28.396206+00:00,done_api,manual,,2,2026-08-01 01:24:34.089,2026-08-01 01:24:34.566,0,,2026-08-01,2026-08-02
3f,temp_log_agg,scheduled__2026-07-31T03:00:00+00:00,start,scheduled,,2,2026-08-01 12:00:06.460,2026-08-01 12:00:07.520,1,,2026-08-01,2026-08-02
3f,temp_log_agg,scheduled__2026-07-31T03:00:00+00:00,trigger,scheduled,,2,2026-08-01 12:00:10.846,2026-08-01 12:00:11.316,0,,2026-08-01,2026-08-02
3f,temp_log_agg,scheduled__2026-07-31T03:00:00+00:00,load_log_agg,scheduled,,2,2026-08-01 12:00:14.782,2026-08-01 12:31:54.365,1899,,2026-08-01,2026-08-02
3f,temp_log_agg,scheduled__2026-07-31T03:00:00+00:00,save_log_agg,scheduled,,2,2026-08-01 12:31:57.093,2026-08-01 12:32:20.865,23,,2026-08-01,2026-08-02
3f,temp_log_agg,scheduled__2026-07-31T03:00:00+00:00,log_check_mail,scheduled,,2,2026-08-01 12:32:23.680,2026-08-01 12:32:29.967,6,,2026-08-01,2026-08-02
3f,temp_log_agg,scheduled__2026-07-31T03:00:00+00:00,done_api,scheduled,,2,2026-08-01 12:32:33.330,2026-08-01 12:32:33.950,0,,2026-08-01,2026-08-02
3f,GPCC_stage1_item_feature,scheduled__2026-07-31T10:00:00+00:00,start,scheduled,,2,2026-08-01 19:00:07.402,2026-08-01 19:00:08.437,1,,2026-08-01,2026-08-02
3f,GPCC_stage1_item_feature,scheduled__2026-07-31T10:00:00+00:00,trigger,scheduled,,2,2026-08-01 19:00:11.853,2026-08-01 19:00:12.742,0,,2026-08-01,2026-08-02
3f,GPCC_stage1_item_feature,scheduled__2026-07-31T10:00:00+00:00,make_pipeline_date,scheduled,,2,2026-08-01 19:00:16.413,2026-08-01 19:03:34.189,197,,2026-08-01,2026-08-02
3f,GPCC_stage1_item_feature,scheduled__2026-07-31T10:00:00+00:00,save_pipeline_date,scheduled,,2,2026-08-01 19:03:37.401,2026-08-01 19:04:21.610,44,,2026-08-01,2026-08-02
3f,GPCC_stage1_item_feature,scheduled__2026-07-31T10:00:00+00:00,load_log_parser,scheduled,,2,2026-08-01 19:04:24.436,2026-08-01 19:11:10.863,406,,2026-08-01,2026-08-02
3f,GPCC_stage1_item_feature,scheduled__2026-07-31T10:00:00+00:00,load_item_meta,scheduled,,2,2026-08-01 19:04:24.760,2026-08-01 19:07:07.309,162,,2026-08-01,2026-08-02
3f,GPCC_stage1_item_feature,scheduled__2026-07-31T10:00:00+00:00,load_item_feature,scheduled,,2,2026-08-01 19:04:24.842,2026-08-01 19:09:01.958,277,,2026-08-01,2026-08-02
3f,GPCC_stage1_item_feature,scheduled__2026-07-31T10:00:00+00:00,ItemMetaGenerator,scheduled,,2,2026-08-01 19:11:14.522,2026-08-01 19:16:01.308,286,,2026-08-01,2026-08-02
3f,GPCC_stage1_item_feature,scheduled__2026-07-31T10:00:00+00:00,LogGenerator,scheduled,,2,2026-08-01 19:16:03.953,2026-08-01 19:25:34.523,570,,2026-08-01,2026-08-02
3f,GPCC_stage1_item_feature,scheduled__2026-07-31T10:00:00+00:00,FT_ItemFeature,scheduled,,2,2026-08-01 19:25:37.369,2026-08-01 19:31:56.254,378,,2026-08-01,2026-08-02
3f,GPCC_stage1_item_feature,scheduled__2026-07-31T10:00:00+00:00,save_stage1_mart,scheduled,,2,2026-08-01 19:31:59.507,2026-08-01 19:40:53.380,533,,2026-08-01,2026-08-02
3f,GPCC_stage1_item_feature,scheduled__2026-07-31T10:00:00+00:00,trigger_gpcc_candidate,scheduled,,2,2026-08-01 19:40:56.425,2026-08-01 19:40:59.873,3,,2026-08-01,2026-08-02
3f,GPCC_stage1_item_feature,scheduled__2026-07-31T10:00:00+00:00,done_api,scheduled,,2,2026-08-01 19:41:02.305,2026-08-01 19:41:03.090,0,,2026-08-01,2026-08-02
3f,GPCC_stage2_select,manual__2026-08-01T10:40:59.239204+00:00,start,manual,,2,2026-08-01 19:41:02.435,2026-08-01 19:41:02.915,0,,2026-08-01,2026-08-02
3f,GPCC_stage2_select,manual__2026-08-01T10:40:59.239204+00:00,trigger,manual,,2,2026-08-01 19:41:05.941,2026-08-01 19:41:07.021,1,,2026-08-01,2026-08-02
3f,GPCC_stage2_select,manual__2026-08-01T10:40:59.239204+00:00,save_targeting,manual,,2,2026-08-01 19:41:10.555,2026-08-01 19:43:46.513,155,,2026-08-01,2026-08-02
3f,GPCC_stage2_select,manual__2026-08-01T10:40:59.239204+00:00,save_cs_size,manual,,2,2026-08-01 19:43:49.591,2026-08-01 19:44:35.880,46,,2026-08-01,2026-08-02
3f,GPCC_stage2_select,manual__2026-08-01T10:40:59.239204+00:00,check_c2p_cnt,manual,,2,2026-08-01 19:44:38.725,2026-08-01 19:44:59.866,21,,2026-08-01,2026-08-02
3f,GPCC_stage2_select,manual__2026-08-01T10:40:59.239204+00:00,save_all_c2p,manual,,1,2026-08-01 19:45:00.024,2026-08-01 19:45:00.024,0,,2026-08-01,2026-08-02
3f,GPCC_stage2_select,manual__2026-08-01T10:40:59.239204+00:00,load_dv_features,manual,,2,2026-08-01 19:45:02.613,2026-08-01 19:45:12.739,10,,2026-08-01,2026-08-02
3f,GPCC_stage2_select,manual__2026-08-01T10:40:59.239204+00:00,load_user_features,manual,,2,2026-08-01 19:45:02.967,2026-08-01 19:45:32.799,29,,2026-08-01,2026-08-02
3f,GPCC_stage2_select,manual__2026-08-01T10:40:59.239204+00:00,load_user_lgcn_embs,manual,,2,2026-08-01 19:45:03.212,2026-08-01 19:45:32.091,28,,2026-08-01,2026-08-02
3f,GPCC_stage2_select,manual__2026-08-01T10:40:59.239204+00:00,load_item_emb_feat,manual,,2,2026-08-01 19:45:03.214,2026-08-01 19:45:13.462,10,,2026-08-01,2026-08-02
3f,GPCC_stage2_select,manual__2026-08-01T10:40:59.239204+00:00,load_item_meta,manual,,2,2026-08-01 19:45:03.280,2026-08-01 19:45:13.349,10,,2026-08-01,2026-08-02
3f,GPCC_stage2_select,manual__2026-08-01T10:40:59.239204+00:00,load_item_lgcn_embs,manual,,2,2026-08-01 19:45:03.633,2026-08-01 19:45:13.267,9,,2026-08-01,2026-08-02
3f,GPCC_stage2_select,manual__2026-08-01T10:40:59.239204+00:00,task_prd_pl_inf_pl2mfl3101_v2,manual,,2,2026-08-01 19:45:36.282,2026-08-01 20:15:07.529,1771,,2026-08-01,2026-08-02
3f,gpcc_select_dq_mail,scheduled__2026-07-31T11:00:00+00:00,start,scheduled,,2,2026-08-01 20:00:04.025,2026-08-01 20:00:05.198,1,,2026-08-01,2026-08-02
3f,GPCC_stage2_select,manual__2026-08-01T10:40:59.239204+00:00,save_cs_result,manual,,2,2026-08-01 20:15:11.075,2026-08-01 20:16:45.581,94,,2026-08-01,2026-08-02
3f,GPCC_stage2_select,manual__2026-08-01T10:40:59.239204+00:00,save_gpcc,manual,,2,2026-08-01 20:16:48.979,2026-08-01 20:17:50.838,61,,2026-08-01,2026-08-02
3f,GPCC_stage2_select,manual__2026-08-01T10:40:59.239204+00:00,trigger_stage3,manual,,2,2026-08-01 20:17:54.097,2026-08-01 20:17:57.647,3,,2026-08-01,2026-08-02
3f,GPCC_stage3_interaction_feautre,manual__2026-08-01T11:17:56.940010+00:00,start,manual,,2,2026-08-01 20:18:00.779,2026-08-01 20:18:01.398,0,,2026-08-01,2026-08-02
3f,GPCC_stage2_select,manual__2026-08-01T10:40:59.239204+00:00,done_api,manual,,2,2026-08-01 20:18:01.036,2026-08-01 20:18:01.740,0,,2026-08-01,2026-08-02
3f,GPCC_stage3_interaction_feautre,manual__2026-08-01T11:17:56.940010+00:00,trigger,manual,,2,2026-08-01 20:18:04.766,2026-08-01 20:18:05.365,0,,2026-08-01,2026-08-02
3f,GPCC_stage3_interaction_feautre,manual__2026-08-01T11:17:56.940010+00:00,load_interaction_feature,manual,,2,2026-08-01 20:18:08.356,2026-08-01 20:23:56.570,348,,2026-08-01,2026-08-02
3f,GPCC_stage3_interaction_feautre,manual__2026-08-01T11:17:56.940010+00:00,load_rec_target,manual,,2,2026-08-01 20:18:08.830,2026-08-01 20:18:45.590,36,,2026-08-01,2026-08-02
3f,gpcc_select_dq_mail,scheduled__2026-07-31T11:00:00+00:00,trigger,scheduled,,2,2026-08-01 20:19:37.863,2026-08-01 20:19:38.612,0,,2026-08-01,2026-08-02
3f,gpcc_select_dq_mail,scheduled__2026-07-31T11:00:00+00:00,save_input_summary,scheduled,,2,2026-08-01 20:19:41.758,2026-08-01 20:20:24.824,43,,2026-08-01,2026-08-02
3f,gpcc_select_dq_mail,scheduled__2026-07-31T11:00:00+00:00,save_select_wf,scheduled,,2,2026-08-01 20:19:42.448,2026-08-01 20:20:25.847,43,,2026-08-01,2026-08-02
3f,gpcc_select_dq_mail,scheduled__2026-07-31T11:00:00+00:00,dq_mail,scheduled,,2,2026-08-01 20:20:28.591,2026-08-01 20:20:39.765,11,,2026-08-01,2026-08-02
3f,gpcc_select_dq_mail,scheduled__2026-07-31T11:00:00+00:00,done_api,scheduled,,2,2026-08-01 20:20:42.553,2026-08-01 20:20:43.083,0,,2026-08-01,2026-08-02
3f,GPCC_stage3_interaction_feautre,manual__2026-08-01T11:17:56.940010+00:00,FT_InteractionFeature,manual,,2,2026-08-01 20:24:00.220,2026-08-01 20:32:31.926,511,,2026-08-01,2026-08-02
3f,GPCC_stage3_interaction_feautre,manual__2026-08-01T11:17:56.940010+00:00,save_inter_feature,manual,,2,2026-08-01 20:32:35.369,2026-08-01 20:37:30.650,295,,2026-08-01,2026-08-02
3f,GPCC_stage3_interaction_feautre,manual__2026-08-01T11:17:56.940010+00:00,unload_shared_ft_features,manual,,2,2026-08-01 20:37:34.180,2026-08-01 20:38:25.105,50,,2026-08-01,2026-08-02
3f,GPCC_stage3_interaction_feautre,manual__2026-08-01T11:17:56.940010+00:00,trigger_gv_tgps_bsis,manual,,2,2026-08-01 20:38:28.537,2026-08-01 20:38:32.411,3,,2026-08-01,2026-08-02
3f,GPCC_stage3_interaction_feautre,manual__2026-08-01T11:17:56.940010+00:00,trigger_gv_cntn_info,manual,,2,2026-08-01 20:38:36.083,2026-08-01 20:38:40.792,4,,2026-08-01,2026-08-02
3f,GPCC_stage3_interaction_feautre,manual__2026-08-01T11:17:56.940010+00:00,trigger_gv_cust_bhve_info,manual,,2,2026-08-01 20:38:43.346,2026-08-01 20:38:47.436,4,,2026-08-01,2026-08-02
3f,GPCC_stage3_interaction_feautre,manual__2026-08-01T11:17:56.940010+00:00,preproc_end_alert,manual,,2,2026-08-01 20:38:50.653,2026-08-01 20:38:51.485,0,,2026-08-01,2026-08-02
3f,GPCC_stage3_interaction_feautre,manual__2026-08-01T11:17:56.940010+00:00,done_api,manual,,2,2026-08-01 20:38:54.659,2026-08-01 20:38:55.471,0,,2026-08-01,2026-08-02
3f,GPCC_mthly_execute_trigger,scheduled__2026-07-31T12:30:00+00:00,start,scheduled,,2,2026-08-01 21:30:07.139,2026-08-01 21:30:07.986,0,,2026-08-01,2026-08-02
3f,GPCC_mthly_execute_trigger,scheduled__2026-07-31T12:30:00+00:00,trigger,scheduled,,2,2026-08-01 21:30:11.660,2026-08-01 21:30:12.060,0,,2026-08-01,2026-08-02
3f,GPCC_mthly_execute_trigger,scheduled__2026-07-31T12:30:00+00:00,trigger_execute_date,scheduled,,2,2026-08-01 21:30:15.747,2026-08-01 21:30:30.881,15,,2026-08-01,2026-08-02
3f,GPCC_mthly_execute_trigger,scheduled__2026-07-31T12:30:00+00:00,fail_empty_mail,scheduled,,1,2026-08-01 21:30:31.056,2026-08-01 21:30:31.056,0,,2026-08-01,2026-08-02
3f,GPCC_mthly_execute_trigger,scheduled__2026-07-31T12:30:00+00:00,trigger_mthly_rec_result,scheduled,,2,2026-08-01 21:30:34.292,2026-08-01 21:30:37.757,3,,2026-08-01,2026-08-02
3f,GPCC_mthly_execute_trigger,scheduled__2026-07-31T12:30:00+00:00,done_api,scheduled,,2,2026-08-01 21:30:39.981,2026-08-01 21:30:40.570,0,,2026-08-01,2026-08-02
3f,GPCC_mthly_rec_result,manual__2026-08-01T12:30:37.135501+00:00,start,manual,,2,2026-08-01 21:30:39.982,2026-08-01 21:30:40.737,0,,2026-08-01,2026-08-02
3f,GPCC_mthly_rec_result,manual__2026-08-01T12:30:37.135501+00:00,trigger,manual,,2,2026-08-01 21:30:44.031,2026-08-01 21:30:44.578,0,,2026-08-01,2026-08-02
3f,GPCC_mthly_rec_result,manual__2026-08-01T12:30:37.135501+00:00,make_pipeline_date,manual,,2,2026-08-01 21:30:47.255,2026-08-01 21:33:38.460,171,,2026-08-01,2026-08-02
3f,GPCC_mthly_rec_result,manual__2026-08-01T12:30:37.135501+00:00,load_rec_target,manual,,2,2026-08-01 21:33:41.204,2026-08-01 21:34:51.556,70,,2026-08-01,2026-08-02
3f,GPCC_mthly_rec_result,manual__2026-08-01T12:30:37.135501+00:00,mk_mthly_rec_result,manual,,2,2026-08-01 21:34:54.810,2026-08-01 21:44:41.126,586,,2026-08-01,2026-08-02
3f,GPCC_mthly_rec_result,manual__2026-08-01T12:30:37.135501+00:00,save_rec_result,manual,,2,2026-08-01 21:44:44.281,2026-08-01 21:49:22.889,278,,2026-08-01,2026-08-02
3f,GPCC_mthly_rec_result,manual__2026-08-01T12:30:37.135501+00:00,mthly_dq_check,manual,,2,2026-08-01 21:49:26.241,2026-08-01 21:51:41.052,134,,2026-08-01,2026-08-02
3f,GPCC_mthly_rec_result,manual__2026-08-01T12:30:37.135501+00:00,dq_check_mail,manual,,2,2026-08-01 21:51:43.809,2026-08-01 21:51:50.006,6,,2026-08-01,2026-08-02
3f,GPCC_mthly_rec_result,manual__2026-08-01T12:30:37.135501+00:00,done_api,manual,,2,2026-08-01 21:51:53.385,2026-08-01 21:51:54.162,0,,2026-08-01,2026-08-02
3f,duplicate_ft_result_check,scheduled__2026-07-31T14:40:00+00:00,start,scheduled,,2,2026-08-01 23:40:04.140,2026-08-01 23:40:04.758,0,,2026-08-01,2026-08-02
3f,GPCC_stage4_post_proc,scheduled__2026-07-31T14:40:00+00:00,start,scheduled,,2,2026-08-01 23:40:05.233,2026-08-01 23:40:05.842,0,,2026-08-01,2026-08-02
3f,duplicate_ft_result_check,scheduled__2026-07-31T14:40:00+00:00,trigger,scheduled,,2,2026-08-01 23:50:06.846,2026-08-01 23:50:07.449,0,,2026-08-01,2026-08-02
3f,GPCC_stage4_post_proc,scheduled__2026-07-31T14:40:00+00:00,trigger,scheduled,,2,2026-08-01 23:50:07.350,2026-08-01 23:50:08.177,0,,2026-08-01,2026-08-02
3f,duplicate_ft_result_check,scheduled__2026-07-31T14:40:00+00:00,check_duplicate,scheduled,,2,2026-08-01 23:50:10.444,2026-08-01 23:50:54.211,43,,2026-08-01,2026-08-02
3f,GPCC_stage4_post_proc,scheduled__2026-07-31T14:40:00+00:00,check_duplicate,scheduled,,2,2026-08-01 23:50:11.496,2026-08-01 23:50:33.859,22,,2026-08-01,2026-08-02
3f,GPCC_stage4_post_proc,scheduled__2026-07-31T14:40:00+00:00,load_rec_result,scheduled,,2,2026-08-01 23:50:37.525,2026-08-01 23:52:20.489,102,,2026-08-01,2026-08-02
3f,duplicate_ft_result_check,scheduled__2026-07-31T14:40:00+00:00,ft_result_dup_check_mail,scheduled,,2,2026-08-01 23:50:56.914,2026-08-01 23:51:03.058,6,,2026-08-01,2026-08-02
3f,duplicate_ft_result_check,scheduled__2026-07-31T14:40:00+00:00,done_api,scheduled,,2,2026-08-01 23:51:06.817,2026-08-01 23:51:07.467,0,,2026-08-01,2026-08-02
3f,GPCC_stage4_post_proc,scheduled__2026-07-31T14:40:00+00:00,RecResult,scheduled,,2,2026-08-01 23:52:23.101,2026-08-01 23:58:59.671,396,,2026-08-02,2026-08-03
3f,GPCC_stage4_post_proc,scheduled__2026-07-31T14:40:00+00:00,save_rec_result,scheduled,,2,2026-08-01 23:59:02.942,2026-08-02 00:03:18.244,255,,2026-08-02,2026-08-03
3f,GPCC_stage4_post_proc,scheduled__2026-07-31T14:40:00+00:00,check_dd_rec_result,scheduled,,2,2026-08-02 00:03:21.330,2026-08-02 00:03:45.937,24,,2026-08-02,2026-08-03
3f,GPCC_stage4_post_proc,scheduled__2026-07-31T14:40:00+00:00,trigger_mark_success_all_success,scheduled,,2,2026-08-02 00:03:48.766,2026-08-02 00:03:51.568,2,,2026-08-02,2026-08-03
3f,GPCC_stage4_post_proc,scheduled__2026-07-31T14:40:00+00:00,trigger_sg_workflow_if_one_failed,scheduled,,1,2026-08-02 00:03:51.678,2026-08-02 00:03:51.678,0,,2026-08-02,2026-08-03
3f,GPCC_stage4_post_proc,scheduled__2026-07-31T14:40:00+00:00,done_api,scheduled,,1,2026-08-02 00:03:51.829,2026-08-02 00:03:51.829,0,,2026-08-02,2026-08-03
3f,gpcc_mark_success,manual__2026-08-01T15:03:50.891707+00:00,start,manual,,2,2026-08-02 00:03:54.352,2026-08-02 00:03:55.015,0,,2026-08-02,2026-08-03
3f,gpcc_mark_success,manual__2026-08-01T15:03:50.891707+00:00,trigger,manual,,2,2026-08-02 00:03:57.566,2026-08-02 00:03:58.069,0,,2026-08-02,2026-08-03
3f,gpcc_mark_success,manual__2026-08-01T15:03:50.891707+00:00,check_mark_success,manual,,2,2026-08-02 00:04:00.896,2026-08-02 00:04:13.883,12,,2026-08-02,2026-08-03
3f,gpcc_mark_success,manual__2026-08-01T15:03:50.891707+00:00,done_api,manual,,2,2026-08-02 00:04:16.738,2026-08-02 00:04:17.237,0,,2026-08-02,2026-08-03
3f,gpcc_dd_transfer,scheduled__2026-07-31T16:00:00+00:00,start,scheduled,,2,2026-08-02 01:00:06.178,2026-08-02 01:00:06.829,0,,2026-08-02,2026-08-03
3f,gpcc_dd_transfer,scheduled__2026-07-31T16:00:00+00:00,trigger,scheduled,,2,2026-08-02 01:00:09.402,2026-08-02 01:00:10.461,1,,2026-08-02,2026-08-03
3f,gpcc_dd_transfer,scheduled__2026-07-31T16:00:00+00:00,transfer_table,scheduled,,2,2026-08-02 01:00:13.418,2026-08-02 01:03:33.121,199,,2026-08-02,2026-08-03
3f,gpcc_dd_transfer,scheduled__2026-07-31T16:00:00+00:00,trigger_arbiter_transfer,scheduled,,2,2026-08-02 01:03:36.290,2026-08-02 01:03:36.831,0,,2026-08-02,2026-08-03
3f,gpcc_dd_transfer,scheduled__2026-07-31T16:00:00+00:00,unload_oo3f_rec_benefit_result,scheduled,,2,2026-08-02 01:03:36.811,2026-08-02 01:03:59.368,22,,2026-08-02,2026-08-03
3f,gpcc_dd_transfer,scheduled__2026-07-31T16:00:00+00:00,trigger_dq_check_mail,scheduled,,2,2026-08-02 01:03:36.912,2026-08-02 01:03:40.270,3,,2026-08-02,2026-08-03
3f,gpcc_dq_mail,manual__2026-08-01T16:03:39.571998+00:00,start,manual,,2,2026-08-02 01:03:43.141,2026-08-02 01:03:43.830,0,,2026-08-02,2026-08-03
3f,gpcc_dq_mail,manual__2026-08-01T16:03:39.571998+00:00,trigger,manual,,2,2026-08-02 01:03:47.097,2026-08-02 01:03:47.912,0,,2026-08-02,2026-08-03
3f,gpcc_dq_mail,manual__2026-08-01T16:03:39.571998+00:00,unload_dq_check,manual,,2,2026-08-02 01:03:51.036,2026-08-02 01:07:15.076,204,,2026-08-02,2026-08-03
3f,gpcc_dq_mail,manual__2026-08-01T16:03:39.571998+00:00,unload_dq_candidate,manual,,2,2026-08-02 01:03:51.611,2026-08-02 01:04:36.306,44,,2026-08-02,2026-08-03
3f,gpcc_dd_transfer,scheduled__2026-07-31T16:00:00+00:00,sink_cms_transfer,scheduled,,2,2026-08-02 01:04:02.083,2026-08-02 01:17:49.424,827,,2026-08-02,2026-08-03
3f,gpcc_dq_mail,manual__2026-08-01T16:03:39.571998+00:00,DQcheck,manual,,2,2026-08-02 01:07:17.706,2026-08-02 01:17:53.084,635,,2026-08-02,2026-08-03
3f,gpcc_dd_transfer,scheduled__2026-07-31T16:00:00+00:00,done_api,scheduled,,2,2026-08-02 01:17:52.815,2026-08-02 01:17:53.460,0,,2026-08-02,2026-08-03
3f,gpcc_dq_mail,manual__2026-08-01T16:03:39.571998+00:00,save_dq_summary,manual,,2,2026-08-02 01:17:56.531,2026-08-02 01:22:38.081,281,,2026-08-02,2026-08-03
3f,gpcc_dq_mail,manual__2026-08-01T16:03:39.571998+00:00,dq_check_mail,manual,,2,2026-08-02 01:22:41.002,2026-08-02 01:23:46.978,65,,2026-08-02,2026-08-03
3f,gpcc_dq_mail,manual__2026-08-01T16:03:39.571998+00:00,done_api,manual,,2,2026-08-02 01:23:50.560,2026-08-02 01:23:51.174,0,,2026-08-02,2026-08-03
3f,temp_log_agg,scheduled__2026-08-01T03:00:00+00:00,start,scheduled,,2,2026-08-02 12:00:03.841,2026-08-02 12:00:04.906,1,,2026-08-02,2026-08-03
3f,temp_log_agg,scheduled__2026-08-01T03:00:00+00:00,trigger,scheduled,,2,2026-08-02 12:00:07.568,2026-08-02 12:00:08.068,0,,2026-08-02,2026-08-03
3f,temp_log_agg,scheduled__2026-08-01T03:00:00+00:00,load_log_agg,scheduled,,2,2026-08-02 12:00:10.622,2026-08-02 12:30:49.289,1838,,2026-08-02,2026-08-03
3f,temp_log_agg,scheduled__2026-08-01T03:00:00+00:00,save_log_agg,scheduled,,2,2026-08-02 12:30:52.459,2026-08-02 12:31:13.955,21,,2026-08-02,2026-08-03
3f,temp_log_agg,scheduled__2026-08-01T03:00:00+00:00,log_check_mail,scheduled,,2,2026-08-02 12:31:17.602,2026-08-02 12:31:23.457,5,,2026-08-02,2026-08-03
3f,temp_log_agg,scheduled__2026-08-01T03:00:00+00:00,done_api,scheduled,,2,2026-08-02 12:31:26.583,2026-08-02 12:31:27.231,0,,2026-08-02,2026-08-03
3f,GPCC_stage1_item_feature,scheduled__2026-08-01T10:00:00+00:00,start,scheduled,,2,2026-08-02 19:00:06.005,2026-08-02 19:00:07.122,1,,2026-08-02,2026-08-03
3f,GPCC_stage1_item_feature,scheduled__2026-08-01T10:00:00+00:00,trigger,scheduled,,2,2026-08-02 19:00:09.954,2026-08-02 19:00:10.822,0,,2026-08-02,2026-08-03
3f,GPCC_stage1_item_feature,scheduled__2026-08-01T10:00:00+00:00,make_pipeline_date,scheduled,,2,2026-08-02 19:00:14.404,2026-08-02 19:03:22.550,188,,2026-08-02,2026-08-03
3f,GPCC_stage1_item_feature,scheduled__2026-08-01T10:00:00+00:00,save_pipeline_date,scheduled,,2,2026-08-02 19:03:25.894,2026-08-02 19:04:11.208,45,,2026-08-02,2026-08-03
3f,GPCC_stage1_item_feature,scheduled__2026-08-01T10:00:00+00:00,load_item_meta,scheduled,,2,2026-08-02 19:04:13.883,2026-08-02 19:07:21.321,187,,2026-08-02,2026-08-03
3f,GPCC_stage1_item_feature,scheduled__2026-08-01T10:00:00+00:00,load_item_feature,scheduled,,2,2026-08-02 19:04:14.023,2026-08-02 19:08:45.650,271,,2026-08-02,2026-08-03
3f,GPCC_stage1_item_feature,scheduled__2026-08-01T10:00:00+00:00,load_log_parser,scheduled,,2,2026-08-02 19:04:14.222,2026-08-02 19:11:56.306,462,,2026-08-02,2026-08-03
3f,GPCC_stage1_item_feature,scheduled__2026-08-01T10:00:00+00:00,ItemMetaGenerator,scheduled,,2,2026-08-02 19:11:59.367,2026-08-02 19:17:12.310,312,,2026-08-02,2026-08-03
3f,GPCC_stage1_item_feature,scheduled__2026-08-01T10:00:00+00:00,LogGenerator,scheduled,,2,2026-08-02 19:17:14.899,2026-08-02 19:26:55.397,580,,2026-08-02,2026-08-03
3f,GPCC_stage1_item_feature,scheduled__2026-08-01T10:00:00+00:00,FT_ItemFeature,scheduled,,2,2026-08-02 19:26:58.622,2026-08-02 19:33:12.824,374,,2026-08-02,2026-08-03
3f,GPCC_stage1_item_feature,scheduled__2026-08-01T10:00:00+00:00,save_stage1_mart,scheduled,,2,2026-08-02 19:33:15.878,2026-08-02 19:42:31.107,555,,2026-08-02,2026-08-03
3f,GPCC_stage1_item_feature,scheduled__2026-08-01T10:00:00+00:00,trigger_gpcc_candidate,scheduled,,2,2026-08-02 19:42:33.681,2026-08-02 19:42:37.143,3,,2026-08-02,2026-08-03
3f,GPCC_stage1_item_feature,scheduled__2026-08-01T10:00:00+00:00,done_api,scheduled,,2,2026-08-02 19:42:39.400,2026-08-02 19:42:40.236,0,,2026-08-02,2026-08-03
3f,GPCC_stage2_select,manual__2026-08-02T10:42:36.503434+00:00,start,manual,,2,2026-08-02 19:42:39.658,2026-08-02 19:42:40.189,0,,2026-08-02,2026-08-03
3f,GPCC_stage2_select,manual__2026-08-02T10:42:36.503434+00:00,trigger,manual,,2,2026-08-02 19:42:43.568,2026-08-02 19:42:44.700,1,,2026-08-02,2026-08-03
3f,GPCC_stage2_select,manual__2026-08-02T10:42:36.503434+00:00,save_targeting,manual,,2,2026-08-02 19:42:47.452,2026-08-02 19:45:40.086,172,,2026-08-02,2026-08-03
3f,GPCC_stage2_select,manual__2026-08-02T10:42:36.503434+00:00,save_cs_size,manual,,2,2026-08-02 19:45:43.492,2026-08-02 19:46:38.205,54,,2026-08-02,2026-08-03
3f,GPCC_stage2_select,manual__2026-08-02T10:42:36.503434+00:00,check_c2p_cnt,manual,,2,2026-08-02 19:46:40.910,2026-08-02 19:47:04.867,23,,2026-08-02,2026-08-03
3f,GPCC_stage2_select,manual__2026-08-02T10:42:36.503434+00:00,save_all_c2p,manual,,1,2026-08-02 19:47:04.984,2026-08-02 19:47:04.984,0,,2026-08-02,2026-08-03
3f,GPCC_stage2_select,manual__2026-08-02T10:42:36.503434+00:00,load_user_features,manual,,2,2026-08-02 19:47:07.706,2026-08-02 19:47:40.516,32,,2026-08-02,2026-08-03
3f,GPCC_stage2_select,manual__2026-08-02T10:42:36.503434+00:00,load_user_lgcn_embs,manual,,2,2026-08-02 19:47:08.170,2026-08-02 19:47:42.111,33,,2026-08-02,2026-08-03
3f,GPCC_stage2_select,manual__2026-08-02T10:42:36.503434+00:00,load_dv_features,manual,,2,2026-08-02 19:47:08.491,2026-08-02 19:47:20.688,12,,2026-08-02,2026-08-03
3f,GPCC_stage2_select,manual__2026-08-02T10:42:36.503434+00:00,load_item_emb_feat,manual,,2,2026-08-02 19:47:08.504,2026-08-02 19:47:20.820,12,,2026-08-02,2026-08-03
3f,GPCC_stage2_select,manual__2026-08-02T10:42:36.503434+00:00,load_item_meta,manual,,2,2026-08-02 19:47:08.521,2026-08-02 19:47:19.895,11,,2026-08-02,2026-08-03
3f,GPCC_stage2_select,manual__2026-08-02T10:42:36.503434+00:00,load_item_lgcn_embs,manual,,2,2026-08-02 19:47:08.754,2026-08-02 19:47:20.774,12,,2026-08-02,2026-08-03
3f,GPCC_stage2_select,manual__2026-08-02T10:42:36.503434+00:00,task_prd_pl_inf_pl2mfl3101_v2,manual,,2,2026-08-02 19:47:44.853,2026-08-02 20:17:40.127,1795,,2026-08-02,2026-08-03
3f,gpcc_select_dq_mail,scheduled__2026-08-01T11:00:00+00:00,start,scheduled,,2,2026-08-02 20:00:04.972,2026-08-02 20:00:06.120,1,,2026-08-02,2026-08-03
3f,GPCC_stage2_select,manual__2026-08-02T10:42:36.503434+00:00,save_cs_result,manual,,2,2026-08-02 20:17:43.343,2026-08-02 20:19:30.059,106,,2026-08-02,2026-08-03
3f,gpcc_select_dq_mail,scheduled__2026-08-01T11:00:00+00:00,trigger,scheduled,,2,2026-08-02 20:19:16.712,2026-08-02 20:19:17.566,0,,2026-08-02,2026-08-03
3f,gpcc_select_dq_mail,scheduled__2026-08-01T11:00:00+00:00,save_input_summary,scheduled,,2,2026-08-02 20:19:20.497,2026-08-02 20:20:05.447,44,,2026-08-02,2026-08-03
3f,gpcc_select_dq_mail,scheduled__2026-08-01T11:00:00+00:00,save_select_wf,scheduled,,2,2026-08-02 20:19:20.922,2026-08-02 20:20:04.757,43,,2026-08-02,2026-08-03
3f,GPCC_stage2_select,manual__2026-08-02T10:42:36.503434+00:00,save_gpcc,manual,,2,2026-08-02 20:19:32.961,2026-08-02 20:20:49.139,76,,2026-08-02,2026-08-03
3f,gpcc_select_dq_mail,scheduled__2026-08-01T11:00:00+00:00,dq_mail,scheduled,,2,2026-08-02 20:20:08.046,2026-08-02 20:20:19.197,11,,2026-08-02,2026-08-03
3f,gpcc_select_dq_mail,scheduled__2026-08-01T11:00:00+00:00,done_api,scheduled,,2,2026-08-02 20:20:22.348,2026-08-02 20:20:22.840,0,,2026-08-02,2026-08-03
3f,GPCC_stage2_select,manual__2026-08-02T10:42:36.503434+00:00,trigger_stage3,manual,,2,2026-08-02 20:20:52.512,2026-08-02 20:20:55.754,3,,2026-08-02,2026-08-03
3f,GPCC_stage3_interaction_feautre,manual__2026-08-02T11:20:55.031417+00:00,start,manual,,2,2026-08-02 20:20:57.853,2026-08-02 20:20:58.479,0,,2026-08-02,2026-08-03
3f,GPCC_stage2_select,manual__2026-08-02T10:42:36.503434+00:00,done_api,manual,,2,2026-08-02 20:20:58.993,2026-08-02 20:20:59.787,0,,2026-08-02,2026-08-03
3f,GPCC_stage3_interaction_feautre,manual__2026-08-02T11:20:55.031417+00:00,trigger,manual,,2,2026-08-02 20:21:01.188,2026-08-02 20:21:01.772,0,,2026-08-02,2026-08-03
3f,GPCC_stage3_interaction_feautre,manual__2026-08-02T11:20:55.031417+00:00,load_interaction_feature,manual,,2,2026-08-02 20:21:05.116,2026-08-02 20:26:36.966,331,,2026-08-02,2026-08-03
3f,GPCC_stage3_interaction_feautre,manual__2026-08-02T11:20:55.031417+00:00,load_rec_target,manual,,2,2026-08-02 20:21:05.564,2026-08-02 20:21:46.975,41,,2026-08-02,2026-08-03
3f,GPCC_stage3_interaction_feautre,manual__2026-08-02T11:20:55.031417+00:00,FT_InteractionFeature,manual,,2,2026-08-02 20:26:39.922,2026-08-02 20:36:17.578,577,,2026-08-02,2026-08-03
3f,GPCC_stage3_interaction_feautre,manual__2026-08-02T11:20:55.031417+00:00,save_inter_feature,manual,,2,2026-08-02 20:36:21.072,2026-08-02 20:41:40.142,319,,2026-08-02,2026-08-03
3f,GPCC_stage3_interaction_feautre,manual__2026-08-02T11:20:55.031417+00:00,unload_shared_ft_features,manual,,2,2026-08-02 20:41:42.967,2026-08-02 20:42:32.633,49,,2026-08-02,2026-08-03
3f,GPCC_stage3_interaction_feautre,manual__2026-08-02T11:20:55.031417+00:00,trigger_gv_tgps_bsis,manual,,2,2026-08-02 20:42:35.681,2026-08-02 20:42:39.744,4,,2026-08-02,2026-08-03
3f,GPCC_stage3_interaction_feautre,manual__2026-08-02T11:20:55.031417+00:00,trigger_gv_cntn_info,manual,,2,2026-08-02 20:42:42.586,2026-08-02 20:42:47.423,4,,2026-08-02,2026-08-03
3f,GPCC_stage3_interaction_feautre,manual__2026-08-02T11:20:55.031417+00:00,trigger_gv_cust_bhve_info,manual,,2,2026-08-02 20:42:51.022,2026-08-02 20:42:54.940,3,,2026-08-02,2026-08-03
3f,GPCC_stage3_interaction_feautre,manual__2026-08-02T11:20:55.031417+00:00,preproc_end_alert,manual,,2,2026-08-02 20:42:57.907,2026-08-02 20:42:58.721,0,,2026-08-02,2026-08-03
3f,GPCC_stage3_interaction_feautre,manual__2026-08-02T11:20:55.031417+00:00,done_api,manual,,2,2026-08-02 20:43:01.924,2026-08-02 20:43:02.494,0,,2026-08-02,2026-08-03
3f,GPCC_mthly_execute_trigger,scheduled__2026-08-01T12:30:00+00:00,start,scheduled,,2,2026-08-02 21:30:07.144,2026-08-02 21:30:07.937,0,,2026-08-02,2026-08-03
3f,GPCC_mthly_execute_trigger,scheduled__2026-08-01T12:30:00+00:00,trigger,scheduled,,2,2026-08-02 21:30:11.334,2026-08-02 21:30:11.758,0,,2026-08-02,2026-08-03
3f,GPCC_mthly_execute_trigger,scheduled__2026-08-01T12:30:00+00:00,trigger_execute_date,scheduled,,2,2026-08-02 21:30:14.647,2026-08-02 21:30:23.796,9,,2026-08-02,2026-08-03
3f,GPCC_mthly_execute_trigger,scheduled__2026-08-01T12:30:00+00:00,fail_empty_mail,scheduled,,1,2026-08-02 21:30:23.883,2026-08-02 21:30:23.883,0,,2026-08-02,2026-08-03
3f,GPCC_mthly_execute_trigger,scheduled__2026-08-01T12:30:00+00:00,trigger_mthly_rec_result,scheduled,,2,2026-08-02 21:30:27.417,2026-08-02 21:30:31.358,3,,2026-08-02,2026-08-03
3f,GPCC_mthly_execute_trigger,scheduled__2026-08-01T12:30:00+00:00,done_api,scheduled,,2,2026-08-02 21:30:34.882,2026-08-02 21:30:35.352,0,,2026-08-02,2026-08-03
3f,GPCC_mthly_rec_result,manual__2026-08-02T12:30:30.775542+00:00,start,manual,,2,2026-08-02 21:30:34.930,2026-08-02 21:30:35.726,0,,2026-08-02,2026-08-03
3f,GPCC_mthly_rec_result,manual__2026-08-02T12:30:30.775542+00:00,trigger,manual,,2,2026-08-02 21:30:39.316,2026-08-02 21:30:39.842,0,,2026-08-02,2026-08-03
3f,GPCC_mthly_rec_result,manual__2026-08-02T12:30:30.775542+00:00,make_pipeline_date,manual,,2,2026-08-02 21:30:42.712,2026-08-02 21:33:55.885,193,,2026-08-02,2026-08-03
3f,GPCC_mthly_rec_result,manual__2026-08-02T12:30:30.775542+00:00,load_rec_target,manual,,2,2026-08-02 21:33:59.328,2026-08-02 21:35:17.435,78,,2026-08-02,2026-08-03
3f,GPCC_mthly_rec_result,manual__2026-08-02T12:30:30.775542+00:00,mk_mthly_rec_result,manual,,2,2026-08-02 21:35:20.053,2026-08-02 21:46:36.029,675,,2026-08-02,2026-08-03
3f,GPCC_mthly_rec_result,manual__2026-08-02T12:30:30.775542+00:00,save_rec_result,manual,,2,2026-08-02 21:46:39.009,2026-08-02 21:51:37.522,298,,2026-08-02,2026-08-03
3f,GPCC_mthly_rec_result,manual__2026-08-02T12:30:30.775542+00:00,mthly_dq_check,manual,,2,2026-08-02 21:51:40.966,2026-08-02 21:54:08.570,147,,2026-08-02,2026-08-03
3f,GPCC_mthly_rec_result,manual__2026-08-02T12:30:30.775542+00:00,dq_check_mail,manual,,2,2026-08-02 21:54:12.230,2026-08-02 21:54:18.021,5,,2026-08-02,2026-08-03
3f,GPCC_mthly_rec_result,manual__2026-08-02T12:30:30.775542+00:00,done_api,manual,,2,2026-08-02 21:54:21.298,2026-08-02 21:54:22.075,0,,2026-08-02,2026-08-03
3f,duplicate_ft_result_check,scheduled__2026-08-01T14:40:00+00:00,start,scheduled,,2,2026-08-02 23:40:06.295,2026-08-02 23:40:06.855,0,,2026-08-02,2026-08-03
3f,GPCC_stage4_post_proc,scheduled__2026-08-01T14:40:00+00:00,start,scheduled,,2,2026-08-02 23:40:07.729,2026-08-02 23:40:08.352,0,,2026-08-02,2026-08-03
3f,duplicate_ft_result_check,scheduled__2026-08-01T14:40:00+00:00,trigger,scheduled,,2,2026-08-02 23:50:08.892,2026-08-02 23:50:09.548,0,,2026-08-02,2026-08-03
3f,GPCC_stage4_post_proc,scheduled__2026-08-01T14:40:00+00:00,trigger,scheduled,,2,2026-08-02 23:50:09.713,2026-08-02 23:50:10.513,0,,2026-08-02,2026-08-03
3f,duplicate_ft_result_check,scheduled__2026-08-01T14:40:00+00:00,check_duplicate,scheduled,,2,2026-08-02 23:50:12.758,2026-08-02 23:50:55.396,42,,2026-08-02,2026-08-03
3f,GPCC_stage4_post_proc,scheduled__2026-08-01T14:40:00+00:00,check_duplicate,scheduled,,2,2026-08-02 23:50:13.371,2026-08-02 23:50:37.878,24,,2026-08-02,2026-08-03
3f,GPCC_stage4_post_proc,scheduled__2026-08-01T14:40:00+00:00,load_rec_result,scheduled,,2,2026-08-02 23:50:41.523,2026-08-02 23:52:27.240,105,,2026-08-02,2026-08-03
3f,duplicate_ft_result_check,scheduled__2026-08-01T14:40:00+00:00,ft_result_dup_check_mail,scheduled,,2,2026-08-02 23:50:58.211,2026-08-02 23:51:04.342,6,,2026-08-02,2026-08-03
3f,duplicate_ft_result_check,scheduled__2026-08-01T14:40:00+00:00,done_api,scheduled,,2,2026-08-02 23:51:07.857,2026-08-02 23:51:08.614,0,,2026-08-02,2026-08-03
3f,GPCC_stage4_post_proc,scheduled__2026-08-01T14:40:00+00:00,RecResult,scheduled,,2,2026-08-02 23:52:29.929,2026-08-02 23:59:32.491,422,,2026-08-03,2026-08-04
3f,GPCC_stage4_post_proc,scheduled__2026-08-01T14:40:00+00:00,save_rec_result,scheduled,,2,2026-08-02 23:59:35.205,2026-08-03 00:03:56.213,261,,2026-08-03,2026-08-04
3f,GPCC_stage4_post_proc,scheduled__2026-08-01T14:40:00+00:00,check_dd_rec_result,scheduled,,2,2026-08-03 00:03:59.287,2026-08-03 00:04:22.310,23,,2026-08-03,2026-08-04
3f,GPCC_stage4_post_proc,scheduled__2026-08-01T14:40:00+00:00,trigger_mark_success_all_success,scheduled,,2,2026-08-03 00:04:25.978,2026-08-03 00:04:28.491,2,,2026-08-03,2026-08-04
3f,GPCC_stage4_post_proc,scheduled__2026-08-01T14:40:00+00:00,trigger_sg_workflow_if_one_failed,scheduled,,1,2026-08-03 00:04:28.699,2026-08-03 00:04:28.699,0,,2026-08-03,2026-08-04
3f,GPCC_stage4_post_proc,scheduled__2026-08-01T14:40:00+00:00,done_api,scheduled,,1,2026-08-03 00:04:28.785,2026-08-03 00:04:28.785,0,,2026-08-03,2026-08-04
3f,gpcc_mark_success,manual__2026-08-02T15:04:27.998364+00:00,start,manual,,2,2026-08-03 00:04:31.500,2026-08-03 00:04:32.179,0,,2026-08-03,2026-08-04
3f,gpcc_mark_success,manual__2026-08-02T15:04:27.998364+00:00,trigger,manual,,2,2026-08-03 00:04:34.839,2026-08-03 00:04:35.320,0,,2026-08-03,2026-08-04
3f,gpcc_mark_success,manual__2026-08-02T15:04:27.998364+00:00,check_mark_success,manual,,2,2026-08-03 00:04:38.905,2026-08-03 00:04:47.542,8,,2026-08-03,2026-08-04
3f,gpcc_mark_success,manual__2026-08-02T15:04:27.998364+00:00,done_api,manual,,2,2026-08-03 00:04:50.898,2026-08-03 00:04:51.642,0,,2026-08-03,2026-08-04
3f,gpcc_dd_transfer,scheduled__2026-08-01T16:00:00+00:00,start,scheduled,,2,2026-08-03 01:00:05.801,2026-08-03 01:00:06.459,0,,2026-08-03,2026-08-04
3f,gpcc_dd_transfer,scheduled__2026-08-01T16:00:00+00:00,trigger,scheduled,,2,2026-08-03 01:00:09.846,2026-08-03 01:00:10.863,1,,2026-08-03,2026-08-04
3f,gpcc_dd_transfer,scheduled__2026-08-01T16:00:00+00:00,transfer_table,scheduled,,2,2026-08-03 01:00:13.435,2026-08-03 01:03:26.938,193,,2026-08-03,2026-08-04
3f,gpcc_dd_transfer,scheduled__2026-08-01T16:00:00+00:00,unload_oo3f_rec_benefit_result,scheduled,,2,2026-08-03 01:03:30.294,2026-08-03 01:03:53.169,22,,2026-08-03,2026-08-04
3f,gpcc_dd_transfer,scheduled__2026-08-01T16:00:00+00:00,trigger_dq_check_mail,scheduled,,2,2026-08-03 01:03:30.375,2026-08-03 01:03:34.046,3,,2026-08-03,2026-08-04
3f,gpcc_dd_transfer,scheduled__2026-08-01T16:00:00+00:00,trigger_arbiter_transfer,scheduled,,2,2026-08-03 01:03:30.823,2026-08-03 01:03:31.355,0,,2026-08-03,2026-08-04
3f,gpcc_dq_mail,manual__2026-08-02T16:03:33.416411+00:00,start,manual,,2,2026-08-03 01:03:36.432,2026-08-03 01:03:37.131,0,,2026-08-03,2026-08-04
3f,gpcc_dq_mail,manual__2026-08-02T16:03:33.416411+00:00,trigger,manual,,2,2026-08-03 01:03:39.835,2026-08-03 01:03:40.600,0,,2026-08-03,2026-08-04
3f,gpcc_dq_mail,manual__2026-08-02T16:03:33.416411+00:00,unload_dq_check,manual,,2,2026-08-03 01:03:43.160,2026-08-03 01:07:05.883,202,,2026-08-03,2026-08-04
3f,gpcc_dq_mail,manual__2026-08-02T16:03:33.416411+00:00,unload_dq_candidate,manual,,2,2026-08-03 01:03:44.359,2026-08-03 01:04:27.907,43,,2026-08-03,2026-08-04
3f,gpcc_dd_transfer,scheduled__2026-08-01T16:00:00+00:00,sink_cms_transfer,scheduled,,2,2026-08-03 01:03:56.528,2026-08-03 01:15:33.456,696,,2026-08-03,2026-08-04
3f,gpcc_dq_mail,manual__2026-08-02T16:03:33.416411+00:00,DQcheck,manual,,2,2026-08-03 01:07:08.748,2026-08-03 01:18:43.730,694,,2026-08-03,2026-08-04
3f,gpcc_dd_transfer,scheduled__2026-08-01T16:00:00+00:00,done_api,scheduled,,2,2026-08-03 01:15:36.426,2026-08-03 01:15:37.034,0,,2026-08-03,2026-08-04
3f,gpcc_dq_mail,manual__2026-08-02T16:03:33.416411+00:00,save_dq_summary,manual,,2,2026-08-03 01:18:46.544,2026-08-03 01:23:48.876,302,,2026-08-03,2026-08-04
3f,gpcc_dq_mail,manual__2026-08-02T16:03:33.416411+00:00,dq_check_mail,manual,,2,2026-08-03 01:23:52.415,2026-08-03 01:25:03.779,71,,2026-08-03,2026-08-04
3f,gpcc_dq_mail,manual__2026-08-02T16:03:33.416411+00:00,done_api,manual,,2,2026-08-03 01:25:07.342,2026-08-03 01:25:07.873,0,,2026-08-03,2026-08-04
3f,GPCC_train,scheduled__2026-07-29T21:00:00+00:00,start,scheduled,,2,2026-08-03 06:00:05.397,2026-08-03 06:00:06.056,0,,2026-08-03,2026-08-04
3f,GPCC_train,scheduled__2026-07-29T21:00:00+00:00,trigger,scheduled,,2,2026-08-03 06:00:08.923,2026-08-03 06:00:09.507,0,,2026-08-03,2026-08-04
3f,GPCC_train,scheduled__2026-07-29T21:00:00+00:00,load_user_features_inf,scheduled,,2,2026-08-03 06:00:12.187,2026-08-03 06:01:55.314,103,,2026-08-03,2026-08-04
3f,GPCC_train,scheduled__2026-07-29T21:00:00+00:00,load_item_emb_feat,scheduled,,2,2026-08-03 06:00:13.559,2026-08-03 06:00:25.549,11,,2026-08-03,2026-08-04
3f,GPCC_train,scheduled__2026-07-29T21:00:00+00:00,load_user_features,scheduled,,2,2026-08-03 06:00:13.656,2026-08-03 06:01:07.217,53,,2026-08-03,2026-08-04
3f,GPCC_train,scheduled__2026-07-29T21:00:00+00:00,load_interaction,scheduled,,2,2026-08-03 06:00:14.009,2026-08-03 06:00:47.999,33,,2026-08-03,2026-08-04
3f,GPCC_train,scheduled__2026-07-29T21:00:00+00:00,load_item_meta,scheduled,,2,2026-08-03 06:00:14.172,2026-08-03 06:00:44.886,30,,2026-08-03,2026-08-04
3f,GPCC_train,scheduled__2026-07-29T21:00:00+00:00,task_prd_pl_trn_pl2mfl3101_v2,scheduled,,2,2026-08-03 06:01:58.791,2026-08-03 09:58:51.971,14213,,2026-08-03,2026-08-04
3f,GPCC_train,scheduled__2026-07-29T21:00:00+00:00,save_user_lgcn_emb,scheduled,,2,2026-08-03 09:58:55.127,2026-08-03 10:00:56.517,121,,2026-08-03,2026-08-04
3f,GPCC_train,scheduled__2026-07-29T21:00:00+00:00,save_cntn_lgcn_emb,scheduled,,2,2026-08-03 09:58:55.356,2026-08-03 10:00:01.457,66,,2026-08-03,2026-08-04
3f,GPCC_train,scheduled__2026-07-29T21:00:00+00:00,save_item_cntn_emb,scheduled,,2,2026-08-03 09:58:55.665,2026-08-03 09:59:37.242,41,,2026-08-03,2026-08-04
3f,GPCC_train,scheduled__2026-07-29T21:00:00+00:00,save_train_date,scheduled,,2,2026-08-03 10:00:59.594,2026-08-03 10:01:11.781,12,,2026-08-03,2026-08-04
3f,GPCC_train,scheduled__2026-07-29T21:00:00+00:00,trigger_dq,scheduled,,2,2026-08-03 10:01:14.660,2026-08-03 10:01:16.956,2,,2026-08-03,2026-08-04
3f,gpcc_train_dq_mail,manual__2026-08-03T01:01:16.364269+00:00,start,manual,,2,2026-08-03 10:01:19.291,2026-08-03 10:01:20.006,0,,2026-08-03,2026-08-04
3f,GPCC_train,scheduled__2026-07-29T21:00:00+00:00,done_api,scheduled,,2,2026-08-03 10:01:19.450,2026-08-03 10:01:20.029,0,,2026-08-03,2026-08-04
3f,gpcc_train_dq_mail,manual__2026-08-03T01:01:16.364269+00:00,trigger,manual,,2,2026-08-03 10:01:23.121,2026-08-03 10:01:23.599,0,,2026-08-03,2026-08-04
3f,gpcc_train_dq_mail,manual__2026-08-03T01:01:16.364269+00:00,save_train_result,manual,,2,2026-08-03 10:01:26.506,2026-08-03 10:01:57.564,31,,2026-08-03,2026-08-04
3f,gpcc_train_dq_mail,manual__2026-08-03T01:01:16.364269+00:00,dq_mail,manual,,2,2026-08-03 10:02:00.507,2026-08-03 10:02:06.382,5,,2026-08-03,2026-08-04
3f,gpcc_train_dq_mail,manual__2026-08-03T01:01:16.364269+00:00,done_api,manual,,2,2026-08-03 10:02:09.191,2026-08-03 10:02:09.983,0,,2026-08-03,2026-08-04
3f,gpcc_train_dq_mail,scheduled__2026-07-30T02:30:00+00:00,start,scheduled,,2,2026-08-03 11:30:07.921,2026-08-03 11:30:08.592,0,,2026-08-03,2026-08-04
3f,gpcc_train_dq_mail,scheduled__2026-07-30T02:30:00+00:00,trigger,scheduled,,2,2026-08-03 11:30:11.677,2026-08-03 11:30:12.096,0,,2026-08-03,2026-08-04
3f,gpcc_train_dq_mail,scheduled__2026-07-30T02:30:00+00:00,save_train_result,scheduled,,2,2026-08-03 11:30:15.179,2026-08-03 11:30:49.260,34,,2026-08-03,2026-08-04
3f,gpcc_train_dq_mail,scheduled__2026-07-30T02:30:00+00:00,dq_mail,scheduled,,2,2026-08-03 11:30:52.342,2026-08-03 11:30:58.110,5,,2026-08-03,2026-08-04
3f,gpcc_train_dq_mail,scheduled__2026-07-30T02:30:00+00:00,done_api,scheduled,,2,2026-08-03 11:31:00.744,2026-08-03 11:31:01.280,0,,2026-08-03,2026-08-04
3f,temp_log_agg,scheduled__2026-08-02T03:00:00+00:00,start,scheduled,,2,2026-08-03 12:00:05.246,2026-08-03 12:00:06.284,1,,2026-08-03,2026-08-04
3f,temp_log_agg,scheduled__2026-08-02T03:00:00+00:00,trigger,scheduled,,2,2026-08-03 12:00:09.811,2026-08-03 12:00:10.336,0,,2026-08-03,2026-08-04
3f,temp_log_agg,scheduled__2026-08-02T03:00:00+00:00,load_log_agg,scheduled,,2,2026-08-03 12:00:13.897,2026-08-03 12:31:29.083,1875,,2026-08-03,2026-08-04
3f,temp_log_agg,scheduled__2026-08-02T03:00:00+00:00,save_log_agg,scheduled,,2,2026-08-03 12:31:32.509,2026-08-03 12:31:56.248,23,,2026-08-03,2026-08-04
3f,temp_log_agg,scheduled__2026-08-02T03:00:00+00:00,log_check_mail,scheduled,,2,2026-08-03 12:31:59.581,2026-08-03 12:32:05.831,6,,2026-08-03,2026-08-04
3f,temp_log_agg,scheduled__2026-08-02T03:00:00+00:00,done_api,scheduled,,2,2026-08-03 12:32:09.588,2026-08-03 12:32:10.134,0,,2026-08-03,2026-08-04
3f,GPCC_stage1_item_feature,scheduled__2026-08-02T10:00:00+00:00,start,scheduled,,2,2026-08-03 19:00:04.707,2026-08-03 19:00:05.767,1,,2026-08-03,2026-08-04
3f,GPCC_stage1_item_feature,scheduled__2026-08-02T10:00:00+00:00,trigger,scheduled,,2,2026-08-03 19:00:08.984,2026-08-03 19:00:09.941,0,,2026-08-03,2026-08-04
3f,GPCC_stage1_item_feature,scheduled__2026-08-02T10:00:00+00:00,make_pipeline_date,scheduled,,2,2026-08-03 19:00:13.590,2026-08-03 19:03:17.906,184,,2026-08-03,2026-08-04
3f,GPCC_stage1_item_feature,scheduled__2026-08-02T10:00:00+00:00,save_pipeline_date,scheduled,,2,2026-08-03 19:03:20.489,2026-08-03 19:04:03.872,43,,2026-08-03,2026-08-04
3f,GPCC_stage1_item_feature,scheduled__2026-08-02T10:00:00+00:00,load_log_parser,scheduled,,2,2026-08-03 19:04:07.151,2026-08-03 19:11:02.993,415,,2026-08-03,2026-08-04
3f,GPCC_stage1_item_feature,scheduled__2026-08-02T10:00:00+00:00,load_item_feature,scheduled,,2,2026-08-03 19:04:07.333,2026-08-03 19:08:22.681,255,,2026-08-03,2026-08-04
3f,GPCC_stage1_item_feature,scheduled__2026-08-02T10:00:00+00:00,load_item_meta,scheduled,,2,2026-08-03 19:04:07.352,2026-08-03 19:06:53.050,165,,2026-08-03,2026-08-04
3f,GPCC_stage1_item_feature,scheduled__2026-08-02T10:00:00+00:00,ItemMetaGenerator,scheduled,,2,2026-08-03 19:11:05.803,2026-08-03 19:15:53.925,288,,2026-08-03,2026-08-04
3f,GPCC_stage1_item_feature,scheduled__2026-08-02T10:00:00+00:00,LogGenerator,scheduled,,2,2026-08-03 19:15:56.589,2026-08-03 19:25:27.714,571,,2026-08-03,2026-08-04
3f,GPCC_stage1_item_feature,scheduled__2026-08-02T10:00:00+00:00,FT_ItemFeature,scheduled,,2,2026-08-03 19:25:31.306,2026-08-03 19:31:36.543,365,,2026-08-03,2026-08-04
3f,GPCC_stage1_item_feature,scheduled__2026-08-02T10:00:00+00:00,save_stage1_mart,scheduled,,2,2026-08-03 19:31:39.916,2026-08-03 19:41:35.327,595,,2026-08-03,2026-08-04
3f,GPCC_stage1_item_feature,scheduled__2026-08-02T10:00:00+00:00,trigger_gpcc_candidate,scheduled,,2,2026-08-03 19:41:38.836,2026-08-03 19:41:42.691,3,,2026-08-03,2026-08-04
3f,GPCC_stage2_select,manual__2026-08-03T10:41:41.915863+00:00,start,manual,,2,2026-08-03 19:41:44.937,2026-08-03 19:41:45.462,0,,2026-08-03,2026-08-04
3f,GPCC_stage1_item_feature,scheduled__2026-08-02T10:00:00+00:00,done_api,scheduled,,2,2026-08-03 19:41:45.666,2026-08-03 19:41:46.131,0,,2026-08-03,2026-08-04
3f,GPCC_stage2_select,manual__2026-08-03T10:41:41.915863+00:00,trigger,manual,,2,2026-08-03 19:41:48.103,2026-08-03 19:41:49.223,1,,2026-08-03,2026-08-04
3f,GPCC_stage2_select,manual__2026-08-03T10:41:41.915863+00:00,save_targeting,manual,,2,2026-08-03 19:41:52.779,2026-08-03 19:44:22.978,150,,2026-08-03,2026-08-04
3f,GPCC_stage2_select,manual__2026-08-03T10:41:41.915863+00:00,save_cs_size,manual,,2,2026-08-03 19:44:26.476,2026-08-03 19:45:16.016,49,,2026-08-03,2026-08-04
3f,GPCC_stage2_select,manual__2026-08-03T10:41:41.915863+00:00,check_c2p_cnt,manual,,2,2026-08-03 19:45:18.655,2026-08-03 19:45:39.041,20,,2026-08-03,2026-08-04
3f,GPCC_stage2_select,manual__2026-08-03T10:41:41.915863+00:00,save_all_c2p,manual,,1,2026-08-03 19:45:39.123,2026-08-03 19:45:39.123,0,,2026-08-03,2026-08-04
3f,GPCC_stage2_select,manual__2026-08-03T10:41:41.915863+00:00,load_user_features,manual,,2,2026-08-03 19:45:41.968,2026-08-03 19:46:11.421,29,,2026-08-03,2026-08-04
3f,GPCC_stage2_select,manual__2026-08-03T10:41:41.915863+00:00,load_dv_features,manual,,2,2026-08-03 19:45:42.130,2026-08-03 19:45:52.161,10,,2026-08-03,2026-08-04
3f,GPCC_stage2_select,manual__2026-08-03T10:41:41.915863+00:00,load_user_lgcn_embs,manual,,2,2026-08-03 19:45:42.235,2026-08-03 19:46:10.786,28,,2026-08-03,2026-08-04
3f,GPCC_stage2_select,manual__2026-08-03T10:41:41.915863+00:00,load_item_lgcn_embs,manual,,2,2026-08-03 19:45:42.508,2026-08-03 19:45:53.508,10,,2026-08-03,2026-08-04
3f,GPCC_stage2_select,manual__2026-08-03T10:41:41.915863+00:00,load_item_emb_feat,manual,,2,2026-08-03 19:45:42.589,2026-08-03 19:45:52.741,10,,2026-08-03,2026-08-04
3f,GPCC_stage2_select,manual__2026-08-03T10:41:41.915863+00:00,load_item_meta,manual,,2,2026-08-03 19:45:42.972,2026-08-03 19:45:52.872,9,,2026-08-03,2026-08-04
3f,GPCC_stage2_select,manual__2026-08-03T10:41:41.915863+00:00,task_prd_pl_inf_pl2mfl3101_v2,manual,,2,2026-08-03 19:46:14.435,2026-08-03 20:15:00.365,1725,,2026-08-03,2026-08-04
3f,gpcc_select_dq_mail,scheduled__2026-08-02T11:00:00+00:00,start,scheduled,,2,2026-08-03 20:00:05.144,2026-08-03 20:00:06.189,1,,2026-08-03,2026-08-04
3f,GPCC_stage2_select,manual__2026-08-03T10:41:41.915863+00:00,save_cs_result,manual,,2,2026-08-03 20:15:04.003,2026-08-03 20:16:36.691,92,,2026-08-03,2026-08-04
3f,GPCC_stage2_select,manual__2026-08-03T10:41:41.915863+00:00,save_gpcc,manual,,2,2026-08-03 20:16:40.171,2026-08-03 20:17:47.775,67,,2026-08-03,2026-08-04
3f,GPCC_stage2_select,manual__2026-08-03T10:41:41.915863+00:00,trigger_stage3,manual,,2,2026-08-03 20:17:51.089,2026-08-03 20:17:54.694,3,,2026-08-03,2026-08-04
3f,GPCC_stage3_interaction_feautre,manual__2026-08-03T11:17:54.000219+00:00,start,manual,,2,2026-08-03 20:17:56.942,2026-08-03 20:17:57.514,0,,2026-08-03,2026-08-04
3f,GPCC_stage2_select,manual__2026-08-03T10:41:41.915863+00:00,done_api,manual,,2,2026-08-03 20:17:57.213,2026-08-03 20:17:58.051,0,,2026-08-03,2026-08-04
3f,GPCC_stage3_interaction_feautre,manual__2026-08-03T11:17:54.000219+00:00,trigger,manual,,2,2026-08-03 20:18:00.190,2026-08-03 20:18:00.787,0,,2026-08-03,2026-08-04
3f,GPCC_stage3_interaction_feautre,manual__2026-08-03T11:17:54.000219+00:00,load_interaction_feature,manual,,2,2026-08-03 20:18:03.589,2026-08-03 20:24:26.615,383,,2026-08-03,2026-08-04
3f,GPCC_stage3_interaction_feautre,manual__2026-08-03T11:17:54.000219+00:00,load_rec_target,manual,,2,2026-08-03 20:18:04.276,2026-08-03 20:18:44.908,40,,2026-08-03,2026-08-04
3f,gpcc_select_dq_mail,scheduled__2026-08-02T11:00:00+00:00,trigger,scheduled,,2,2026-08-03 20:19:32.880,2026-08-03 20:19:33.712,0,,2026-08-03,2026-08-04
3f,gpcc_select_dq_mail,scheduled__2026-08-02T11:00:00+00:00,save_input_summary,scheduled,,2,2026-08-03 20:19:36.904,2026-08-03 20:20:21.597,44,,2026-08-03,2026-08-04
3f,gpcc_select_dq_mail,scheduled__2026-08-02T11:00:00+00:00,save_select_wf,scheduled,,2,2026-08-03 20:19:37.673,2026-08-03 20:20:19.013,41,,2026-08-03,2026-08-04
3f,gpcc_select_dq_mail,scheduled__2026-08-02T11:00:00+00:00,dq_mail,scheduled,,2,2026-08-03 20:20:24.908,2026-08-03 20:20:37.062,12,,2026-08-03,2026-08-04
3f,gpcc_select_dq_mail,scheduled__2026-08-02T11:00:00+00:00,done_api,scheduled,,2,2026-08-03 20:20:40.651,2026-08-03 20:20:41.103,0,,2026-08-03,2026-08-04
3f,GPCC_stage3_interaction_feautre,manual__2026-08-03T11:17:54.000219+00:00,FT_InteractionFeature,manual,,2,2026-08-03 20:24:29.665,2026-08-03 20:33:10.735,521,,2026-08-03,2026-08-04
3f,GPCC_stage3_interaction_feautre,manual__2026-08-03T11:17:54.000219+00:00,save_inter_feature,manual,,2,2026-08-03 20:33:14.430,2026-08-03 20:38:57.699,343,,2026-08-03,2026-08-04
3f,GPCC_stage3_interaction_feautre,manual__2026-08-03T11:17:54.000219+00:00,unload_shared_ft_features,manual,,2,2026-08-03 20:39:01.156,2026-08-03 20:39:58.665,57,,2026-08-03,2026-08-04
3f,GPCC_stage3_interaction_feautre,manual__2026-08-03T11:17:54.000219+00:00,trigger_gv_tgps_bsis,manual,,2,2026-08-03 20:40:01.449,2026-08-03 20:40:05.281,3,,2026-08-03,2026-08-04
3f,GPCC_stage3_interaction_feautre,manual__2026-08-03T11:17:54.000219+00:00,trigger_gv_cntn_info,manual,,2,2026-08-03 20:40:08.424,2026-08-03 20:40:13.400,4,,2026-08-03,2026-08-04
3f,GPCC_stage3_interaction_feautre,manual__2026-08-03T11:17:54.000219+00:00,trigger_gv_cust_bhve_info,manual,,2,2026-08-03 20:40:16.536,2026-08-03 20:40:20.508,3,,2026-08-03,2026-08-04
3f,GPCC_stage3_interaction_feautre,manual__2026-08-03T11:17:54.000219+00:00,preproc_end_alert,manual,,2,2026-08-03 20:40:23.856,2026-08-03 20:40:24.667,0,,2026-08-03,2026-08-04
3f,GPCC_stage3_interaction_feautre,manual__2026-08-03T11:17:54.000219+00:00,done_api,manual,,2,2026-08-03 20:40:27.133,2026-08-03 20:40:27.939,0,,2026-08-03,2026-08-04
3f,GPCC_mthly_execute_trigger,scheduled__2026-08-02T12:30:00+00:00,start,scheduled,,2,2026-08-03 21:30:07.818,2026-08-03 21:30:08.628,0,,2026-08-03,2026-08-04
3f,GPCC_mthly_execute_trigger,scheduled__2026-08-02T12:30:00+00:00,trigger,scheduled,,2,2026-08-03 21:30:12.217,2026-08-03 21:30:12.596,0,,2026-08-03,2026-08-04
3f,GPCC_mthly_execute_trigger,scheduled__2026-08-02T12:30:00+00:00,trigger_execute_date,scheduled,,2,2026-08-03 21:30:15.734,2026-08-03 21:30:22.725,6,,2026-08-03,2026-08-04
3f,GPCC_mthly_execute_trigger,scheduled__2026-08-02T12:30:00+00:00,fail_empty_mail,scheduled,,1,2026-08-03 21:30:22.900,2026-08-03 21:30:22.900,0,,2026-08-03,2026-08-04
3f,GPCC_mthly_execute_trigger,scheduled__2026-08-02T12:30:00+00:00,trigger_mthly_rec_result,scheduled,,2,2026-08-03 21:30:25.428,2026-08-03 21:30:29.139,3,,2026-08-03,2026-08-04
3f,GPCC_mthly_execute_trigger,scheduled__2026-08-02T12:30:00+00:00,done_api,scheduled,,2,2026-08-03 21:30:31.888,2026-08-03 21:30:32.468,0,,2026-08-03,2026-08-04
3f,GPCC_mthly_rec_result,manual__2026-08-03T12:30:28.609170+00:00,start,manual,,2,2026-08-03 21:30:31.997,2026-08-03 21:30:32.753,0,,2026-08-03,2026-08-04
3f,GPCC_mthly_rec_result,manual__2026-08-03T12:30:28.609170+00:00,trigger,manual,,2,2026-08-03 21:30:36.345,2026-08-03 21:30:36.874,0,,2026-08-03,2026-08-04
3f,GPCC_mthly_rec_result,manual__2026-08-03T12:30:28.609170+00:00,make_pipeline_date,manual,,2,2026-08-03 21:30:39.689,2026-08-03 21:33:35.298,175,,2026-08-03,2026-08-04
3f,GPCC_mthly_rec_result,manual__2026-08-03T12:30:28.609170+00:00,load_rec_target,manual,,2,2026-08-03 21:33:38.994,2026-08-03 21:34:46.993,67,,2026-08-03,2026-08-04
3f,GPCC_mthly_rec_result,manual__2026-08-03T12:30:28.609170+00:00,mk_mthly_rec_result,manual,,2,2026-08-03 21:34:49.918,2026-08-03 21:44:24.472,574,,2026-08-03,2026-08-04
3f,GPCC_mthly_rec_result,manual__2026-08-03T12:30:28.609170+00:00,save_rec_result,manual,,2,2026-08-03 21:44:27.468,2026-08-03 21:49:20.905,293,,2026-08-03,2026-08-04
3f,GPCC_mthly_rec_result,manual__2026-08-03T12:30:28.609170+00:00,mthly_dq_check,manual,,2,2026-08-03 21:49:23.649,2026-08-03 21:51:37.652,134,,2026-08-03,2026-08-04
3f,GPCC_mthly_rec_result,manual__2026-08-03T12:30:28.609170+00:00,dq_check_mail,manual,,2,2026-08-03 21:51:40.751,2026-08-03 21:51:46.799,6,,2026-08-03,2026-08-04
3f,GPCC_mthly_rec_result,manual__2026-08-03T12:30:28.609170+00:00,done_api,manual,,2,2026-08-03 21:51:50.340,2026-08-03 21:51:51.161,0,,2026-08-03,2026-08-04
3f,GPCC_stage4_post_proc,scheduled__2026-08-02T14:40:00+00:00,start,scheduled,,2,2026-08-03 23:40:05.621,2026-08-03 23:40:06.248,0,,2026-08-03,2026-08-04
3f,duplicate_ft_result_check,scheduled__2026-08-02T14:40:00+00:00,start,scheduled,,2,2026-08-03 23:40:07.293,2026-08-03 23:40:07.930,0,,2026-08-03,2026-08-04
3f,duplicate_ft_result_check,scheduled__2026-08-02T14:40:00+00:00,trigger,scheduled,,2,2026-08-03 23:50:16.544,2026-08-03 23:50:17.145,0,,2026-08-03,2026-08-04
3f,GPCC_stage4_post_proc,scheduled__2026-08-02T14:40:00+00:00,trigger,scheduled,,2,2026-08-03 23:50:16.962,2026-08-03 23:50:17.695,0,,2026-08-03,2026-08-04
3f,duplicate_ft_result_check,scheduled__2026-08-02T14:40:00+00:00,check_duplicate,scheduled,,2,2026-08-03 23:50:20.431,2026-08-03 23:51:00.574,40,,2026-08-03,2026-08-04
3f,GPCC_stage4_post_proc,scheduled__2026-08-02T14:40:00+00:00,check_duplicate,scheduled,,2,2026-08-03 23:50:20.635,2026-08-03 23:50:39.788,19,,2026-08-03,2026-08-04
3f,GPCC_stage4_post_proc,scheduled__2026-08-02T14:40:00+00:00,load_rec_result,scheduled,,2,2026-08-03 23:50:42.436,2026-08-03 23:52:02.548,80,,2026-08-03,2026-08-04
3f,duplicate_ft_result_check,scheduled__2026-08-02T14:40:00+00:00,ft_result_dup_check_mail,scheduled,,2,2026-08-03 23:51:04.044,2026-08-03 23:51:09.930,5,,2026-08-03,2026-08-04
3f,duplicate_ft_result_check,scheduled__2026-08-02T14:40:00+00:00,done_api,scheduled,,2,2026-08-03 23:51:12.471,2026-08-03 23:51:13.092,0,,2026-08-03,2026-08-04
3f,GPCC_stage4_post_proc,scheduled__2026-08-02T14:40:00+00:00,RecResult,scheduled,,2,2026-08-03 23:52:05.793,2026-08-03 23:57:28.243,322,,2026-08-04,2026-08-05
3f,GPCC_stage4_post_proc,scheduled__2026-08-02T14:40:00+00:00,save_rec_result,scheduled,,2,2026-08-03 23:57:31.851,2026-08-04 00:00:56.264,204,,2026-08-04,2026-08-05
3f,GPCC_stage4_post_proc,scheduled__2026-08-02T14:40:00+00:00,check_dd_rec_result,scheduled,,2,2026-08-04 00:00:59.260,2026-08-04 00:01:19.112,19,,2026-08-04,2026-08-05
3f,GPCC_stage4_post_proc,scheduled__2026-08-02T14:40:00+00:00,trigger_mark_success_all_success,scheduled,,2,2026-08-04 00:01:22.385,2026-08-04 00:01:25.046,2,,2026-08-04,2026-08-05
3f,GPCC_stage4_post_proc,scheduled__2026-08-02T14:40:00+00:00,trigger_sg_workflow_if_one_failed,scheduled,,1,2026-08-04 00:01:25.217,2026-08-04 00:01:25.217,0,,2026-08-04,2026-08-05
3f,GPCC_stage4_post_proc,scheduled__2026-08-02T14:40:00+00:00,done_api,scheduled,,1,2026-08-04 00:01:25.342,2026-08-04 00:01:25.342,0,,2026-08-04,2026-08-05
3f,gpcc_mark_success,manual__2026-08-03T15:01:24.582399+00:00,start,manual,,2,2026-08-04 00:01:28.716,2026-08-04 00:01:29.450,0,,2026-08-04,2026-08-05
3f,gpcc_mark_success,manual__2026-08-03T15:01:24.582399+00:00,trigger,manual,,2,2026-08-04 00:01:32.615,2026-08-04 00:01:33.113,0,,2026-08-04,2026-08-05
3f,gpcc_mark_success,manual__2026-08-03T15:01:24.582399+00:00,check_mark_success,manual,,2,2026-08-04 00:01:35.674,2026-08-04 00:01:51.391,15,,2026-08-04,2026-08-05
3f,gpcc_mark_success,manual__2026-08-03T15:01:24.582399+00:00,done_api,manual,,2,2026-08-04 00:01:55.036,2026-08-04 00:01:55.757,0,,2026-08-04,2026-08-05
3f,gpcc_dd_transfer,scheduled__2026-08-02T16:00:00+00:00,start,scheduled,,2,2026-08-04 01:00:05.123,2026-08-04 01:00:05.789,0,,2026-08-04,2026-08-05
3f,gpcc_dd_transfer,scheduled__2026-08-02T16:00:00+00:00,trigger,scheduled,,2,2026-08-04 01:00:08.759,2026-08-04 01:00:09.755,0,,2026-08-04,2026-08-05
3f,gpcc_dd_transfer,scheduled__2026-08-02T16:00:00+00:00,transfer_table,scheduled,,2,2026-08-04 01:00:12.904,2026-08-04 01:03:32.299,199,,2026-08-04,2026-08-05
3f,gpcc_dd_transfer,scheduled__2026-08-02T16:00:00+00:00,trigger_arbiter_transfer,scheduled,,2,2026-08-04 01:03:35.211,2026-08-04 01:03:35.731,0,,2026-08-04,2026-08-05
3f,gpcc_dd_transfer,scheduled__2026-08-02T16:00:00+00:00,trigger_dq_check_mail,scheduled,,2,2026-08-04 01:03:35.310,2026-08-04 01:03:38.812,3,,2026-08-04,2026-08-05
3f,gpcc_dd_transfer,scheduled__2026-08-02T16:00:00+00:00,unload_oo3f_rec_benefit_result,scheduled,,2,2026-08-04 01:03:35.844,2026-08-04 01:03:57.916,22,,2026-08-04,2026-08-05
3f,gpcc_dq_mail,manual__2026-08-03T16:03:38.143227+00:00,start,manual,,2,2026-08-04 01:03:41.946,2026-08-04 01:03:42.612,0,,2026-08-04,2026-08-05
3f,gpcc_dq_mail,manual__2026-08-03T16:03:38.143227+00:00,trigger,manual,,2,2026-08-04 01:03:45.308,2026-08-04 01:03:46.151,0,,2026-08-04,2026-08-05
3f,gpcc_dq_mail,manual__2026-08-03T16:03:38.143227+00:00,unload_dq_candidate,manual,,2,2026-08-04 01:03:49.015,2026-08-04 01:04:29.700,40,,2026-08-04,2026-08-05
3f,gpcc_dq_mail,manual__2026-08-03T16:03:38.143227+00:00,unload_dq_check,manual,,2,2026-08-04 01:03:49.654,2026-08-04 01:07:20.900,211,,2026-08-04,2026-08-05
3f,gpcc_dd_transfer,scheduled__2026-08-02T16:00:00+00:00,sink_cms_transfer,scheduled,,2,2026-08-04 01:04:01.447,2026-08-04 01:17:50.611,829,,2026-08-04,2026-08-05
3f,gpcc_dq_mail,manual__2026-08-03T16:03:38.143227+00:00,DQcheck,manual,,2,2026-08-04 01:07:23.724,2026-08-04 01:18:17.393,653,,2026-08-04,2026-08-05
3f,gpcc_dd_transfer,scheduled__2026-08-02T16:00:00+00:00,done_api,scheduled,,2,2026-08-04 01:17:52.967,2026-08-04 01:17:53.701,0,,2026-08-04,2026-08-05
3f,gpcc_dq_mail,manual__2026-08-03T16:03:38.143227+00:00,save_dq_summary,manual,,2,2026-08-04 01:18:20.648,2026-08-04 01:23:10.515,289,,2026-08-04,2026-08-05
3f,gpcc_dq_mail,manual__2026-08-03T16:03:38.143227+00:00,dq_check_mail,manual,,2,2026-08-04 01:23:13.105,2026-08-04 01:24:24.838,71,,2026-08-04,2026-08-05
3f,gpcc_dq_mail,manual__2026-08-03T16:03:38.143227+00:00,done_api,manual,,2,2026-08-04 01:24:27.903,2026-08-04 01:24:28.453,0,,2026-08-04,2026-08-05
3f,temp_log_agg,scheduled__2026-08-03T03:00:00+00:00,start,scheduled,,2,2026-08-04 12:00:03.791,2026-08-04 12:00:04.817,1,,2026-08-04,2026-08-05
3f,temp_log_agg,scheduled__2026-08-03T03:00:00+00:00,trigger,scheduled,,2,2026-08-04 12:00:07.600,2026-08-04 12:00:08.124,0,,2026-08-04,2026-08-05
3f,temp_log_agg,scheduled__2026-08-03T03:00:00+00:00,load_log_agg,scheduled,,2,2026-08-04 12:00:11.426,2026-08-04 12:30:11.219,1799,,2026-08-04,2026-08-05
3f,temp_log_agg,scheduled__2026-08-03T03:00:00+00:00,save_log_agg,scheduled,,2,2026-08-04 12:30:14.601,2026-08-04 12:30:38.274,23,,2026-08-04,2026-08-05
3f,temp_log_agg,scheduled__2026-08-03T03:00:00+00:00,log_check_mail,scheduled,,2,2026-08-04 12:30:41.602,2026-08-04 12:30:47.512,5,,2026-08-04,2026-08-05
3f,temp_log_agg,scheduled__2026-08-03T03:00:00+00:00,done_api,scheduled,,2,2026-08-04 12:30:50.641,2026-08-04 12:30:51.416,0,,2026-08-04,2026-08-05
3f,GPCC_stage1_item_feature,scheduled__2026-08-03T10:00:00+00:00,start,scheduled,,2,2026-08-04 19:00:06.963,2026-08-04 19:00:08.028,1,,2026-08-04,2026-08-05
3f,GPCC_stage1_item_feature,scheduled__2026-08-03T10:00:00+00:00,trigger,scheduled,,2,2026-08-04 19:00:11.194,2026-08-04 19:00:12.098,0,,2026-08-04,2026-08-05
3f,GPCC_stage1_item_feature,scheduled__2026-08-03T10:00:00+00:00,make_pipeline_date,scheduled,,2,2026-08-04 19:00:15.227,2026-08-04 19:02:56.038,160,,2026-08-04,2026-08-05
3f,GPCC_stage1_item_feature,scheduled__2026-08-03T10:00:00+00:00,save_pipeline_date,scheduled,,2,2026-08-04 19:02:58.739,2026-08-04 19:03:41.594,42,,2026-08-04,2026-08-05
3f,GPCC_stage1_item_feature,scheduled__2026-08-03T10:00:00+00:00,load_item_meta,scheduled,,2,2026-08-04 19:03:44.205,2026-08-04 19:06:05.101,140,,2026-08-04,2026-08-05
3f,GPCC_stage1_item_feature,scheduled__2026-08-03T10:00:00+00:00,load_item_feature,scheduled,,2,2026-08-04 19:03:45.150,2026-08-04 19:07:53.334,248,,2026-08-04,2026-08-05
3f,GPCC_stage1_item_feature,scheduled__2026-08-03T10:00:00+00:00,load_log_parser,scheduled,,2,2026-08-04 19:03:45.427,2026-08-04 19:10:30.711,405,,2026-08-04,2026-08-05
3f,GPCC_stage1_item_feature,scheduled__2026-08-03T10:00:00+00:00,ItemMetaGenerator,scheduled,,2,2026-08-04 19:10:33.510,2026-08-04 19:15:04.534,271,,2026-08-04,2026-08-05
3f,GPCC_stage1_item_feature,scheduled__2026-08-03T10:00:00+00:00,LogGenerator,scheduled,,2,2026-08-04 19:15:07.123,2026-08-04 19:23:52.501,525,,2026-08-04,2026-08-05
3f,GPCC_stage1_item_feature,scheduled__2026-08-03T10:00:00+00:00,FT_ItemFeature,scheduled,,2,2026-08-04 19:23:55.260,2026-08-04 19:29:17.091,321,,2026-08-04,2026-08-05
3f,GPCC_stage1_item_feature,scheduled__2026-08-03T10:00:00+00:00,save_stage1_mart,scheduled,,2,2026-08-04 19:29:20.548,2026-08-04 19:38:23.347,542,,2026-08-04,2026-08-05
3f,GPCC_stage1_item_feature,scheduled__2026-08-03T10:00:00+00:00,trigger_gpcc_candidate,scheduled,,2,2026-08-04 19:38:26.296,2026-08-04 19:38:30.183,3,,2026-08-04,2026-08-05
3f,GPCC_stage2_select,manual__2026-08-04T10:38:29.671975+00:00,start,manual,,2,2026-08-04 19:38:32.698,2026-08-04 19:38:33.205,0,,2026-08-04,2026-08-05
3f,GPCC_stage1_item_feature,scheduled__2026-08-03T10:00:00+00:00,done_api,scheduled,,2,2026-08-04 19:38:33.461,2026-08-04 19:38:33.929,0,,2026-08-04,2026-08-05
3f,GPCC_stage2_select,manual__2026-08-04T10:38:29.671975+00:00,trigger,manual,,2,2026-08-04 19:38:35.811,2026-08-04 19:38:36.911,1,,2026-08-04,2026-08-05
3f,GPCC_stage2_select,manual__2026-08-04T10:38:29.671975+00:00,save_targeting,manual,,2,2026-08-04 19:38:39.741,2026-08-04 19:41:53.314,193,,2026-08-04,2026-08-05
3f,GPCC_stage2_select,manual__2026-08-04T10:38:29.671975+00:00,save_cs_size,manual,,2,2026-08-04 19:41:56.158,2026-08-04 19:42:48.294,52,,2026-08-04,2026-08-05
3f,GPCC_stage2_select,manual__2026-08-04T10:38:29.671975+00:00,check_c2p_cnt,manual,,2,2026-08-04 19:42:51.829,2026-08-04 19:43:17.145,25,,2026-08-04,2026-08-05
3f,GPCC_stage2_select,manual__2026-08-04T10:38:29.671975+00:00,save_all_c2p,manual,,1,2026-08-04 19:43:17.333,2026-08-04 19:43:17.333,0,,2026-08-04,2026-08-05
3f,GPCC_stage2_select,manual__2026-08-04T10:38:29.671975+00:00,load_item_meta,manual,,2,2026-08-04 19:43:20.112,2026-08-04 19:43:32.956,12,,2026-08-04,2026-08-05
3f,GPCC_stage2_select,manual__2026-08-04T10:38:29.671975+00:00,load_dv_features,manual,,2,2026-08-04 19:43:20.140,2026-08-04 19:43:31.491,11,,2026-08-04,2026-08-05
3f,GPCC_stage2_select,manual__2026-08-04T10:38:29.671975+00:00,load_user_features,manual,,2,2026-08-04 19:43:20.466,2026-08-04 19:43:55.091,34,,2026-08-04,2026-08-05
3f,GPCC_stage2_select,manual__2026-08-04T10:38:29.671975+00:00,load_item_emb_feat,manual,,2,2026-08-04 19:43:20.662,2026-08-04 19:43:32.471,11,,2026-08-04,2026-08-05
3f,GPCC_stage2_select,manual__2026-08-04T10:38:29.671975+00:00,load_user_lgcn_embs,manual,,2,2026-08-04 19:43:20.729,2026-08-04 19:43:54.918,34,,2026-08-04,2026-08-05
3f,GPCC_stage2_select,manual__2026-08-04T10:38:29.671975+00:00,load_item_lgcn_embs,manual,,2,2026-08-04 19:43:21.191,2026-08-04 19:43:34.048,12,,2026-08-04,2026-08-05
3f,GPCC_stage2_select,manual__2026-08-04T10:38:29.671975+00:00,task_prd_pl_inf_pl2mfl3101_v2,manual,,2,2026-08-04 19:43:58.747,2026-08-04 20:15:10.478,1871,,2026-08-04,2026-08-05
3f,gpcc_select_dq_mail,scheduled__2026-08-03T11:00:00+00:00,start,scheduled,,2,2026-08-04 20:00:07.652,2026-08-04 20:00:08.802,1,,2026-08-04,2026-08-05
3f,GPCC_stage2_select,manual__2026-08-04T10:38:29.671975+00:00,save_cs_result,manual,,2,2026-08-04 20:15:13.961,2026-08-04 20:17:04.222,110,,2026-08-04,2026-08-05
3f,GPCC_stage2_select,manual__2026-08-04T10:38:29.671975+00:00,save_gpcc,manual,,2,2026-08-04 20:17:07.399,2026-08-04 20:18:21.946,74,,2026-08-04,2026-08-05
3f,GPCC_stage2_select,manual__2026-08-04T10:38:29.671975+00:00,trigger_stage3,manual,,2,2026-08-04 20:18:25.112,2026-08-04 20:18:28.340,3,,2026-08-04,2026-08-05
3f,GPCC_stage3_interaction_feautre,manual__2026-08-04T11:18:27.562082+00:00,start,manual,,2,2026-08-04 20:18:31.015,2026-08-04 20:18:31.582,0,,2026-08-04,2026-08-05
3f,GPCC_stage2_select,manual__2026-08-04T10:38:29.671975+00:00,done_api,manual,,2,2026-08-04 20:18:31.504,2026-08-04 20:18:31.963,0,,2026-08-04,2026-08-05
3f,GPCC_stage3_interaction_feautre,manual__2026-08-04T11:18:27.562082+00:00,trigger,manual,,2,2026-08-04 20:18:34.424,2026-08-04 20:18:35.033,0,,2026-08-04,2026-08-05
3f,GPCC_stage3_interaction_feautre,manual__2026-08-04T11:18:27.562082+00:00,load_interaction_feature,manual,,2,2026-08-04 20:18:37.955,2026-08-04 20:23:47.132,309,,2026-08-04,2026-08-05
3f,GPCC_stage3_interaction_feautre,manual__2026-08-04T11:18:27.562082+00:00,load_rec_target,manual,,2,2026-08-04 20:18:38.977,2026-08-04 20:19:18.178,39,,2026-08-04,2026-08-05
3f,gpcc_select_dq_mail,scheduled__2026-08-03T11:00:00+00:00,trigger,scheduled,,2,2026-08-04 20:19:46.409,2026-08-04 20:19:47.190,0,,2026-08-04,2026-08-05
3f,gpcc_select_dq_mail,scheduled__2026-08-03T11:00:00+00:00,save_input_summary,scheduled,,2,2026-08-04 20:19:50.531,2026-08-04 20:20:32.469,41,,2026-08-04,2026-08-05
3f,gpcc_select_dq_mail,scheduled__2026-08-03T11:00:00+00:00,save_select_wf,scheduled,,2,2026-08-04 20:19:50.782,2026-08-04 20:20:32.613,41,,2026-08-04,2026-08-05
3f,gpcc_select_dq_mail,scheduled__2026-08-03T11:00:00+00:00,dq_mail,scheduled,,2,2026-08-04 20:20:35.943,2026-08-04 20:20:47.721,11,,2026-08-04,2026-08-05
3f,gpcc_select_dq_mail,scheduled__2026-08-03T11:00:00+00:00,done_api,scheduled,,2,2026-08-04 20:20:50.940,2026-08-04 20:20:51.594,0,,2026-08-04,2026-08-05
3f,GPCC_stage3_interaction_feautre,manual__2026-08-04T11:18:27.562082+00:00,FT_InteractionFeature,manual,,2,2026-08-04 20:23:50.683,2026-08-04 20:32:25.766,515,,2026-08-04,2026-08-05
3f,GPCC_stage3_interaction_feautre,manual__2026-08-04T11:18:27.562082+00:00,save_inter_feature,manual,,2,2026-08-04 20:32:29.395,2026-08-04 20:37:28.696,299,,2026-08-04,2026-08-05
3f,GPCC_stage3_interaction_feautre,manual__2026-08-04T11:18:27.562082+00:00,unload_shared_ft_features,manual,,2,2026-08-04 20:37:32.119,2026-08-04 20:38:17.825,45,,2026-08-04,2026-08-05
3f,GPCC_stage3_interaction_feautre,manual__2026-08-04T11:18:27.562082+00:00,trigger_gv_tgps_bsis,manual,,2,2026-08-04 20:38:20.767,2026-08-04 20:38:24.899,4,,2026-08-04,2026-08-05
3f,GPCC_stage3_interaction_feautre,manual__2026-08-04T11:18:27.562082+00:00,trigger_gv_cntn_info,manual,,2,2026-08-04 20:38:28.300,2026-08-04 20:38:33.382,5,,2026-08-04,2026-08-05
3f,GPCC_stage3_interaction_feautre,manual__2026-08-04T11:18:27.562082+00:00,trigger_gv_cust_bhve_info,manual,,2,2026-08-04 20:38:36.485,2026-08-04 20:38:40.650,4,,2026-08-04,2026-08-05
3f,GPCC_stage3_interaction_feautre,manual__2026-08-04T11:18:27.562082+00:00,preproc_end_alert,manual,,2,2026-08-04 20:38:44.074,2026-08-04 20:38:44.832,0,,2026-08-04,2026-08-05
3f,GPCC_stage3_interaction_feautre,manual__2026-08-04T11:18:27.562082+00:00,done_api,manual,,2,2026-08-04 20:38:48.198,2026-08-04 20:38:48.809,0,,2026-08-04,2026-08-05
3f,GPCC_mthly_execute_trigger,scheduled__2026-08-03T12:30:00+00:00,start,scheduled,,2,2026-08-04 21:30:04.771,2026-08-04 21:30:05.584,0,,2026-08-04,2026-08-05
3f,GPCC_mthly_execute_trigger,scheduled__2026-08-03T12:30:00+00:00,trigger,scheduled,,2,2026-08-04 21:30:08.386,2026-08-04 21:30:08.768,0,,2026-08-04,2026-08-05
3f,GPCC_mthly_execute_trigger,scheduled__2026-08-03T12:30:00+00:00,trigger_execute_date,scheduled,,2,2026-08-04 21:30:12.320,2026-08-04 21:30:21.864,9,,2026-08-04,2026-08-05
3f,GPCC_mthly_execute_trigger,scheduled__2026-08-03T12:30:00+00:00,fail_empty_mail,scheduled,,1,2026-08-04 21:30:22.037,2026-08-04 21:30:22.037,0,,2026-08-04,2026-08-05
3f,GPCC_mthly_execute_trigger,scheduled__2026-08-03T12:30:00+00:00,trigger_mthly_rec_result,scheduled,,2,2026-08-04 21:30:25.007,2026-08-04 21:30:28.867,3,,2026-08-04,2026-08-05
3f,GPCC_mthly_rec_result,manual__2026-08-04T12:30:28.352545+00:00,start,manual,,2,2026-08-04 21:30:31.923,2026-08-04 21:30:32.778,0,,2026-08-04,2026-08-05
3f,GPCC_mthly_execute_trigger,scheduled__2026-08-03T12:30:00+00:00,done_api,scheduled,,2,2026-08-04 21:30:31.924,2026-08-04 21:30:32.464,0,,2026-08-04,2026-08-05
3f,GPCC_mthly_rec_result,manual__2026-08-04T12:30:28.352545+00:00,trigger,manual,,2,2026-08-04 21:30:35.955,2026-08-04 21:30:36.511,0,,2026-08-04,2026-08-05
3f,GPCC_mthly_rec_result,manual__2026-08-04T12:30:28.352545+00:00,make_pipeline_date,manual,,2,2026-08-04 21:30:39.838,2026-08-04 21:33:48.921,189,,2026-08-04,2026-08-05
3f,GPCC_mthly_rec_result,manual__2026-08-04T12:30:28.352545+00:00,load_rec_target,manual,,2,2026-08-04 21:33:52.137,2026-08-04 21:35:13.896,81,,2026-08-04,2026-08-05
3f,GPCC_mthly_rec_result,manual__2026-08-04T12:30:28.352545+00:00,mk_mthly_rec_result,manual,,2,2026-08-04 21:35:16.640,2026-08-04 21:46:14.316,657,,2026-08-04,2026-08-05
3f,GPCC_mthly_rec_result,manual__2026-08-04T12:30:28.352545+00:00,save_rec_result,manual,,2,2026-08-04 21:46:16.937,2026-08-04 21:51:30.883,313,,2026-08-04,2026-08-05
3f,GPCC_mthly_rec_result,manual__2026-08-04T12:30:28.352545+00:00,mthly_dq_check,manual,,2,2026-08-04 21:51:33.448,2026-08-04 21:53:50.503,137,,2026-08-04,2026-08-05
3f,GPCC_mthly_rec_result,manual__2026-08-04T12:30:28.352545+00:00,dq_check_mail,manual,,2,2026-08-04 21:53:53.360,2026-08-04 21:53:59.540,6,,2026-08-04,2026-08-05
3f,GPCC_mthly_rec_result,manual__2026-08-04T12:30:28.352545+00:00,done_api,manual,,2,2026-08-04 21:54:03.473,2026-08-04 21:54:03.937,0,,2026-08-04,2026-08-05
3f,GPCC_stage4_post_proc,scheduled__2026-08-03T14:40:00+00:00,start,scheduled,,2,2026-08-04 23:40:04.085,2026-08-04 23:40:04.736,0,,2026-08-04,2026-08-05
3f,duplicate_ft_result_check,scheduled__2026-08-03T14:40:00+00:00,start,scheduled,,2,2026-08-04 23:40:06.989,2026-08-04 23:40:07.558,0,,2026-08-04,2026-08-05
3f,duplicate_ft_result_check,scheduled__2026-08-03T14:40:00+00:00,trigger,scheduled,,2,2026-08-04 23:50:48.720,2026-08-04 23:50:49.321,0,,2026-08-04,2026-08-05
3f,GPCC_stage4_post_proc,scheduled__2026-08-03T14:40:00+00:00,trigger,scheduled,,2,2026-08-04 23:50:49.543,2026-08-04 23:50:50.287,0,,2026-08-04,2026-08-05
3f,duplicate_ft_result_check,scheduled__2026-08-03T14:40:00+00:00,check_duplicate,scheduled,,2,2026-08-04 23:50:51.983,2026-08-04 23:51:36.017,44,,2026-08-04,2026-08-05
3f,GPCC_stage4_post_proc,scheduled__2026-08-03T14:40:00+00:00,check_duplicate,scheduled,,2,2026-08-04 23:50:53.068,2026-08-04 23:51:09.292,16,,2026-08-04,2026-08-05
3f,GPCC_stage4_post_proc,scheduled__2026-08-03T14:40:00+00:00,load_rec_result,scheduled,,2,2026-08-04 23:51:12.741,2026-08-04 23:52:20.202,67,,2026-08-04,2026-08-05
3f,duplicate_ft_result_check,scheduled__2026-08-03T14:40:00+00:00,ft_result_dup_check_mail,scheduled,,2,2026-08-04 23:51:39.589,2026-08-04 23:51:45.767,6,,2026-08-04,2026-08-05
3f,duplicate_ft_result_check,scheduled__2026-08-03T14:40:00+00:00,done_api,scheduled,,2,2026-08-04 23:51:49.141,2026-08-04 23:51:49.788,0,,2026-08-04,2026-08-05
3f,GPCC_stage4_post_proc,scheduled__2026-08-03T14:40:00+00:00,RecResult,scheduled,,2,2026-08-04 23:52:22.855,2026-08-04 23:56:57.573,274,,2026-08-05,2026-08-06
3f,GPCC_stage4_post_proc,scheduled__2026-08-03T14:40:00+00:00,save_rec_result,scheduled,,2,2026-08-04 23:57:01.204,2026-08-04 23:59:55.291,174,,2026-08-05,2026-08-06
3f,GPCC_stage4_post_proc,scheduled__2026-08-03T14:40:00+00:00,check_dd_rec_result,scheduled,,2,2026-08-04 23:59:58.657,2026-08-05 00:00:15.660,17,,2026-08-05,2026-08-06
3f,GPCC_stage4_post_proc,scheduled__2026-08-03T14:40:00+00:00,trigger_mark_success_all_success,scheduled,,2,2026-08-05 00:00:18.966,2026-08-05 00:00:21.761,2,,2026-08-05,2026-08-06
3f,GPCC_stage4_post_proc,scheduled__2026-08-03T14:40:00+00:00,trigger_sg_workflow_if_one_failed,scheduled,,1,2026-08-05 00:00:21.905,2026-08-05 00:00:21.905,0,,2026-08-05,2026-08-06
3f,GPCC_stage4_post_proc,scheduled__2026-08-03T14:40:00+00:00,done_api,scheduled,,1,2026-08-05 00:00:22.005,2026-08-05 00:00:22.005,0,,2026-08-05,2026-08-06
3f,gpcc_mark_success,manual__2026-08-04T15:00:21.167788+00:00,start,manual,,2,2026-08-05 00:00:24.798,2026-08-05 00:00:25.484,0,,2026-08-05,2026-08-06
3f,gpcc_mark_success,manual__2026-08-04T15:00:21.167788+00:00,trigger,manual,,2,2026-08-05 00:00:28.159,2026-08-05 00:00:28.684,0,,2026-08-05,2026-08-06
3f,gpcc_mark_success,manual__2026-08-04T15:00:21.167788+00:00,check_mark_success,manual,,2,2026-08-05 00:00:32.149,2026-08-05 00:00:40.760,8,,2026-08-05,2026-08-06
3f,gpcc_mark_success,manual__2026-08-04T15:00:21.167788+00:00,done_api,manual,,2,2026-08-05 00:00:44.409,2026-08-05 00:00:45.053,0,,2026-08-05,2026-08-06
3f,gpcc_dd_transfer,scheduled__2026-08-03T16:00:00+00:00,start,scheduled,,2,2026-08-05 01:00:06.921,2026-08-05 01:00:07.620,0,,2026-08-05,2026-08-06
3f,gpcc_dd_transfer,scheduled__2026-08-03T16:00:00+00:00,trigger,scheduled,,2,2026-08-05 01:00:10.439,2026-08-05 01:00:11.507,1,,2026-08-05,2026-08-06
3f,gpcc_dd_transfer,scheduled__2026-08-03T16:00:00+00:00,transfer_table,scheduled,,2,2026-08-05 01:00:14.080,2026-08-05 01:03:31.409,197,,2026-08-05,2026-08-06
3f,gpcc_dd_transfer,scheduled__2026-08-03T16:00:00+00:00,trigger_dq_check_mail,scheduled,,2,2026-08-05 01:03:34.864,2026-08-05 01:03:38.512,3,,2026-08-05,2026-08-06
3f,gpcc_dd_transfer,scheduled__2026-08-03T16:00:00+00:00,unload_oo3f_rec_benefit_result,scheduled,,2,2026-08-05 01:03:35.011,2026-08-05 01:03:56.447,21,,2026-08-05,2026-08-06
3f,gpcc_dd_transfer,scheduled__2026-08-03T16:00:00+00:00,trigger_arbiter_transfer,scheduled,,2,2026-08-05 01:03:35.231,2026-08-05 01:03:35.788,0,,2026-08-05,2026-08-06
3f,gpcc_dq_mail,manual__2026-08-04T16:03:37.794018+00:00,start,manual,,2,2026-08-05 01:03:41.055,2026-08-05 01:03:41.792,0,,2026-08-05,2026-08-06
3f,gpcc_dq_mail,manual__2026-08-04T16:03:37.794018+00:00,trigger,manual,,2,2026-08-05 01:03:44.947,2026-08-05 01:03:45.729,0,,2026-08-05,2026-08-06
3f,gpcc_dq_mail,manual__2026-08-04T16:03:37.794018+00:00,unload_dq_candidate,manual,,2,2026-08-05 01:03:49.048,2026-08-05 01:04:31.773,42,,2026-08-05,2026-08-06
3f,gpcc_dq_mail,manual__2026-08-04T16:03:37.794018+00:00,unload_dq_check,manual,,2,2026-08-05 01:03:49.399,2026-08-05 01:06:55.372,185,,2026-08-05,2026-08-06
3f,gpcc_dd_transfer,scheduled__2026-08-03T16:00:00+00:00,sink_cms_transfer,scheduled,,2,2026-08-05 01:03:59.216,2026-08-05 01:16:33.695,754,,2026-08-05,2026-08-06
3f,gpcc_dq_mail,manual__2026-08-04T16:03:37.794018+00:00,DQcheck,manual,,2,2026-08-05 01:06:57.981,2026-08-05 01:16:49.387,591,,2026-08-05,2026-08-06
3f,gpcc_dd_transfer,scheduled__2026-08-03T16:00:00+00:00,done_api,scheduled,,2,2026-08-05 01:16:36.863,2026-08-05 01:16:37.484,0,,2026-08-05,2026-08-06
3f,gpcc_dq_mail,manual__2026-08-04T16:03:37.794018+00:00,save_dq_summary,manual,,2,2026-08-05 01:16:52.012,2026-08-05 01:21:31.668,279,,2026-08-05,2026-08-06
3f,gpcc_dq_mail,manual__2026-08-04T16:03:37.794018+00:00,dq_check_mail,manual,,2,2026-08-05 01:21:35.245,2026-08-05 01:22:39.071,63,,2026-08-05,2026-08-06
3f,gpcc_dq_mail,manual__2026-08-04T16:03:37.794018+00:00,done_api,manual,,2,2026-08-05 01:22:42.341,2026-08-05 01:22:43.132,0,,2026-08-05,2026-08-06
3f,temp_log_agg,scheduled__2026-08-04T03:00:00+00:00,start,scheduled,,2,2026-08-05 12:00:03.603,2026-08-05 12:00:04.661,1,,2026-08-05,2026-08-06
3f,temp_log_agg,scheduled__2026-08-04T03:00:00+00:00,trigger,scheduled,,2,2026-08-05 12:00:07.220,2026-08-05 12:00:07.710,0,,2026-08-05,2026-08-06
3f,temp_log_agg,scheduled__2026-08-04T03:00:00+00:00,load_log_agg,scheduled,,2,2026-08-05 12:00:11.347,2026-08-05 12:33:14.251,1982,,2026-08-05,2026-08-06
3f,temp_log_agg,scheduled__2026-08-04T03:00:00+00:00,save_log_agg,scheduled,,2,2026-08-05 12:33:17.002,2026-08-05 12:33:40.796,23,,2026-08-05,2026-08-06
3f,temp_log_agg,scheduled__2026-08-04T03:00:00+00:00,log_check_mail,scheduled,,2,2026-08-05 12:33:43.821,2026-08-05 12:33:49.819,5,,2026-08-05,2026-08-06
3f,temp_log_agg,scheduled__2026-08-04T03:00:00+00:00,done_api,scheduled,,2,2026-08-05 12:33:52.420,2026-08-05 12:33:53.051,0,,2026-08-05,2026-08-06
3f,GPCC_stage1_item_feature,scheduled__2026-08-04T10:00:00+00:00,start,scheduled,,2,2026-08-05 19:00:05.725,2026-08-05 19:00:06.864,1,,2026-08-05,2026-08-06
3f,GPCC_stage1_item_feature,scheduled__2026-08-04T10:00:00+00:00,trigger,scheduled,,2,2026-08-05 19:00:09.746,2026-08-05 19:00:10.695,0,,2026-08-05,2026-08-06
3f,GPCC_stage1_item_feature,scheduled__2026-08-04T10:00:00+00:00,make_pipeline_date,scheduled,,2,2026-08-05 19:00:14.338,2026-08-05 19:03:00.440,166,,2026-08-05,2026-08-06
3f,GPCC_stage1_item_feature,scheduled__2026-08-04T10:00:00+00:00,save_pipeline_date,scheduled,,2,2026-08-05 19:03:03.267,2026-08-05 19:03:43.891,40,,2026-08-05,2026-08-06
3f,GPCC_stage1_item_feature,scheduled__2026-08-04T10:00:00+00:00,load_item_meta,scheduled,,2,2026-08-05 19:03:46.585,2026-08-05 19:06:04.823,138,,2026-08-05,2026-08-06
3f,GPCC_stage1_item_feature,scheduled__2026-08-04T10:00:00+00:00,load_log_parser,scheduled,,2,2026-08-05 19:03:47.328,2026-08-05 19:10:17.845,390,,2026-08-05,2026-08-06
3f,GPCC_stage1_item_feature,scheduled__2026-08-04T10:00:00+00:00,load_item_feature,scheduled,,2,2026-08-05 19:03:47.378,2026-08-05 19:07:54.592,247,,2026-08-05,2026-08-06
3f,GPCC_stage1_item_feature,scheduled__2026-08-04T10:00:00+00:00,ItemMetaGenerator,scheduled,,2,2026-08-05 19:10:20.651,2026-08-05 19:14:13.954,233,,2026-08-05,2026-08-06
3f,GPCC_stage1_item_feature,scheduled__2026-08-04T10:00:00+00:00,LogGenerator,scheduled,,2,2026-08-05 19:14:17.266,2026-08-05 19:22:37.930,500,,2026-08-05,2026-08-06
3f,GPCC_stage1_item_feature,scheduled__2026-08-04T10:00:00+00:00,FT_ItemFeature,scheduled,,2,2026-08-05 19:22:40.743,2026-08-05 19:28:32.562,351,,2026-08-05,2026-08-06
3f,GPCC_stage1_item_feature,scheduled__2026-08-04T10:00:00+00:00,save_stage1_mart,scheduled,,2,2026-08-05 19:28:35.536,2026-08-05 19:37:20.793,525,,2026-08-05,2026-08-06
3f,GPCC_stage1_item_feature,scheduled__2026-08-04T10:00:00+00:00,trigger_gpcc_candidate,scheduled,,2,2026-08-05 19:37:23.456,2026-08-05 19:37:27.204,3,,2026-08-05,2026-08-06
3f,GPCC_stage2_select,manual__2026-08-05T10:37:26.472998+00:00,start,manual,,2,2026-08-05 19:37:30.499,2026-08-05 19:37:31.001,0,,2026-08-05,2026-08-06
3f,GPCC_stage1_item_feature,scheduled__2026-08-04T10:00:00+00:00,done_api,scheduled,,2,2026-08-05 19:37:31.184,2026-08-05 19:37:31.756,0,,2026-08-05,2026-08-06
3f,GPCC_stage2_select,manual__2026-08-05T10:37:26.472998+00:00,trigger,manual,,2,2026-08-05 19:37:34.632,2026-08-05 19:37:35.800,1,,2026-08-05,2026-08-06
3f,GPCC_stage2_select,manual__2026-08-05T10:37:26.472998+00:00,save_targeting,manual,,2,2026-08-05 19:37:38.421,2026-08-05 19:40:22.453,164,,2026-08-05,2026-08-06
3f,GPCC_stage2_select,manual__2026-08-05T10:37:26.472998+00:00,save_cs_size,manual,,2,2026-08-05 19:40:25.382,2026-08-05 19:41:12.352,46,,2026-08-05,2026-08-06
3f,GPCC_stage2_select,manual__2026-08-05T10:37:26.472998+00:00,check_c2p_cnt,manual,,2,2026-08-05 19:41:16.005,2026-08-05 19:41:37.471,21,,2026-08-05,2026-08-06
3f,GPCC_stage2_select,manual__2026-08-05T10:37:26.472998+00:00,save_all_c2p,manual,,1,2026-08-05 19:41:37.578,2026-08-05 19:41:37.578,0,,2026-08-05,2026-08-06
3f,GPCC_stage2_select,manual__2026-08-05T10:37:26.472998+00:00,load_user_features,manual,,2,2026-08-05 19:41:40.072,2026-08-05 19:42:10.288,30,,2026-08-05,2026-08-06
3f,GPCC_stage2_select,manual__2026-08-05T10:37:26.472998+00:00,load_dv_features,manual,,2,2026-08-05 19:41:40.831,2026-08-05 19:41:51.386,10,,2026-08-05,2026-08-06
3f,GPCC_stage2_select,manual__2026-08-05T10:37:26.472998+00:00,load_item_lgcn_embs,manual,,2,2026-08-05 19:41:41.203,2026-08-05 19:41:52.555,11,,2026-08-05,2026-08-06
3f,GPCC_stage2_select,manual__2026-08-05T10:37:26.472998+00:00,load_item_emb_feat,manual,,2,2026-08-05 19:41:41.248,2026-08-05 19:41:52.062,10,,2026-08-05,2026-08-06
3f,GPCC_stage2_select,manual__2026-08-05T10:37:26.472998+00:00,load_user_lgcn_embs,manual,,2,2026-08-05 19:41:41.356,2026-08-05 19:42:11.130,29,,2026-08-05,2026-08-06
3f,GPCC_stage2_select,manual__2026-08-05T10:37:26.472998+00:00,load_item_meta,manual,,2,2026-08-05 19:41:41.381,2026-08-05 19:41:52.311,10,,2026-08-05,2026-08-06
3f,GPCC_stage2_select,manual__2026-08-05T10:37:26.472998+00:00,task_prd_pl_inf_pl2mfl3101_v2,manual,,2,2026-08-05 19:42:14.161,2026-08-05 20:12:13.342,1799,,2026-08-05,2026-08-06
3f,gpcc_select_dq_mail,scheduled__2026-08-04T11:00:00+00:00,start,scheduled,,2,2026-08-05 20:00:05.389,2026-08-05 20:00:06.478,1,,2026-08-05,2026-08-06
3f,GPCC_stage2_select,manual__2026-08-05T10:37:26.472998+00:00,save_cs_result,manual,,2,2026-08-05 20:12:16.522,2026-08-05 20:13:49.936,93,,2026-08-05,2026-08-06
3f,GPCC_stage2_select,manual__2026-08-05T10:37:26.472998+00:00,save_gpcc,manual,,2,2026-08-05 20:13:52.940,2026-08-05 20:15:02.442,69,,2026-08-05,2026-08-06
3f,GPCC_stage2_select,manual__2026-08-05T10:37:26.472998+00:00,trigger_stage3,manual,,2,2026-08-05 20:15:05.118,2026-08-05 20:15:08.571,3,,2026-08-05,2026-08-06
3f,GPCC_stage3_interaction_feautre,manual__2026-08-05T11:15:07.954942+00:00,start,manual,,2,2026-08-05 20:15:10.812,2026-08-05 20:15:11.424,0,,2026-08-05,2026-08-06
3f,GPCC_stage2_select,manual__2026-08-05T10:37:26.472998+00:00,done_api,manual,,2,2026-08-05 20:15:11.757,2026-08-05 20:15:12.252,0,,2026-08-05,2026-08-06
3f,GPCC_stage3_interaction_feautre,manual__2026-08-05T11:15:07.954942+00:00,trigger,manual,,2,2026-08-05 20:15:14.904,2026-08-05 20:15:15.489,0,,2026-08-05,2026-08-06
3f,GPCC_stage3_interaction_feautre,manual__2026-08-05T11:15:07.954942+00:00,load_interaction_feature,manual,,2,2026-08-05 20:15:18.447,2026-08-05 20:20:44.837,326,,2026-08-05,2026-08-06
3f,GPCC_stage3_interaction_feautre,manual__2026-08-05T11:15:07.954942+00:00,load_rec_target,manual,,2,2026-08-05 20:15:18.951,2026-08-05 20:16:00.235,41,,2026-08-05,2026-08-06
3f,gpcc_select_dq_mail,scheduled__2026-08-04T11:00:00+00:00,trigger,scheduled,,2,2026-08-05 20:19:57.171,2026-08-05 20:19:57.945,0,,2026-08-05,2026-08-06
3f,gpcc_select_dq_mail,scheduled__2026-08-04T11:00:00+00:00,save_input_summary,scheduled,,2,2026-08-05 20:20:00.632,2026-08-05 20:20:45.911,45,,2026-08-05,2026-08-06
3f,gpcc_select_dq_mail,scheduled__2026-08-04T11:00:00+00:00,save_select_wf,scheduled,,2,2026-08-05 20:20:01.005,2026-08-05 20:20:44.404,43,,2026-08-05,2026-08-06
3f,GPCC_stage3_interaction_feautre,manual__2026-08-05T11:15:07.954942+00:00,FT_InteractionFeature,manual,,2,2026-08-05 20:20:48.518,2026-08-05 20:29:38.581,530,,2026-08-05,2026-08-06
3f,gpcc_select_dq_mail,scheduled__2026-08-04T11:00:00+00:00,dq_mail,scheduled,,2,2026-08-05 20:20:49.364,2026-08-05 20:21:00.856,11,,2026-08-05,2026-08-06
3f,gpcc_select_dq_mail,scheduled__2026-08-04T11:00:00+00:00,done_api,scheduled,,2,2026-08-05 20:21:03.930,2026-08-05 20:21:04.439,0,,2026-08-05,2026-08-06
3f,GPCC_stage3_interaction_feautre,manual__2026-08-05T11:15:07.954942+00:00,save_inter_feature,manual,,2,2026-08-05 20:29:41.260,2026-08-05 20:34:54.423,313,,2026-08-05,2026-08-06
3f,GPCC_stage3_interaction_feautre,manual__2026-08-05T11:15:07.954942+00:00,unload_shared_ft_features,manual,,2,2026-08-05 20:34:57.420,2026-08-05 20:35:46.569,49,,2026-08-05,2026-08-06
3f,GPCC_stage3_interaction_feautre,manual__2026-08-05T11:15:07.954942+00:00,trigger_gv_tgps_bsis,manual,,2,2026-08-05 20:35:50.230,2026-08-05 20:35:54.368,4,,2026-08-05,2026-08-06
3f,GPCC_stage3_interaction_feautre,manual__2026-08-05T11:15:07.954942+00:00,trigger_gv_cntn_info,manual,,2,2026-08-05 20:35:57.179,2026-08-05 20:36:01.927,4,,2026-08-05,2026-08-06
3f,GPCC_stage3_interaction_feautre,manual__2026-08-05T11:15:07.954942+00:00,trigger_gv_cust_bhve_info,manual,,2,2026-08-05 20:36:04.865,2026-08-05 20:36:08.863,3,,2026-08-05,2026-08-06
3f,GPCC_stage3_interaction_feautre,manual__2026-08-05T11:15:07.954942+00:00,preproc_end_alert,manual,,2,2026-08-05 20:36:12.317,2026-08-05 20:36:13.141,0,,2026-08-05,2026-08-06
3f,GPCC_stage3_interaction_feautre,manual__2026-08-05T11:15:07.954942+00:00,done_api,manual,,2,2026-08-05 20:36:16.340,2026-08-05 20:36:17.134,0,,2026-08-05,2026-08-06
3f,GPCC_mthly_execute_trigger,scheduled__2026-08-04T12:30:00+00:00,start,scheduled,,2,2026-08-05 21:30:04.574,2026-08-05 21:30:05.352,0,,2026-08-05,2026-08-06
3f,GPCC_mthly_execute_trigger,scheduled__2026-08-04T12:30:00+00:00,trigger,scheduled,,2,2026-08-05 21:30:08.767,2026-08-05 21:30:09.183,0,,2026-08-05,2026-08-06
3f,GPCC_mthly_execute_trigger,scheduled__2026-08-04T12:30:00+00:00,trigger_execute_date,scheduled,,2,2026-08-05 21:30:11.965,2026-08-05 21:30:24.145,12,,2026-08-05,2026-08-06
3f,GPCC_mthly_execute_trigger,scheduled__2026-08-04T12:30:00+00:00,fail_empty_mail,scheduled,,1,2026-08-05 21:30:24.263,2026-08-05 21:30:24.263,0,,2026-08-05,2026-08-06
3f,GPCC_mthly_execute_trigger,scheduled__2026-08-04T12:30:00+00:00,trigger_mthly_rec_result,scheduled,,2,2026-08-05 21:30:27.731,2026-08-05 21:30:31.288,3,,2026-08-05,2026-08-06
3f,GPCC_mthly_execute_trigger,scheduled__2026-08-04T12:30:00+00:00,done_api,scheduled,,2,2026-08-05 21:30:34.894,2026-08-05 21:30:35.493,0,,2026-08-05,2026-08-06
3f,GPCC_mthly_rec_result,manual__2026-08-05T12:30:30.803433+00:00,start,manual,,2,2026-08-05 21:30:34.954,2026-08-05 21:30:35.752,0,,2026-08-05,2026-08-06
3f,GPCC_mthly_rec_result,manual__2026-08-05T12:30:30.803433+00:00,trigger,manual,,2,2026-08-05 21:30:38.811,2026-08-05 21:30:39.352,0,,2026-08-05,2026-08-06
3f,GPCC_mthly_rec_result,manual__2026-08-05T12:30:30.803433+00:00,make_pipeline_date,manual,,2,2026-08-05 21:30:42.219,2026-08-05 21:33:33.245,171,,2026-08-05,2026-08-06
3f,GPCC_mthly_rec_result,manual__2026-08-05T12:30:30.803433+00:00,load_rec_target,manual,,2,2026-08-05 21:33:36.818,2026-08-05 21:34:50.018,73,,2026-08-05,2026-08-06
3f,GPCC_mthly_rec_result,manual__2026-08-05T12:30:30.803433+00:00,mk_mthly_rec_result,manual,,2,2026-08-05 21:34:52.773,2026-08-05 21:45:01.977,609,,2026-08-05,2026-08-06
3f,GPCC_mthly_rec_result,manual__2026-08-05T12:30:30.803433+00:00,save_rec_result,manual,,2,2026-08-05 21:45:04.756,2026-08-05 21:49:52.589,287,,2026-08-05,2026-08-06
3f,GPCC_mthly_rec_result,manual__2026-08-05T12:30:30.803433+00:00,mthly_dq_check,manual,,2,2026-08-05 21:49:55.828,2026-08-05 21:52:14.989,139,,2026-08-05,2026-08-06
3f,GPCC_mthly_rec_result,manual__2026-08-05T12:30:30.803433+00:00,dq_check_mail,manual,,2,2026-08-05 21:52:17.709,2026-08-05 21:52:23.822,6,,2026-08-05,2026-08-06
3f,GPCC_mthly_rec_result,manual__2026-08-05T12:30:30.803433+00:00,done_api,manual,,2,2026-08-05 21:52:27.276,2026-08-05 21:52:27.775,0,,2026-08-05,2026-08-06
3f,GPCC_stage4_post_proc,scheduled__2026-08-04T14:40:00+00:00,start,scheduled,,2,2026-08-05 23:40:04.810,2026-08-05 23:40:05.444,0,,2026-08-05,2026-08-06
3f,duplicate_ft_result_check,scheduled__2026-08-04T14:40:00+00:00,start,scheduled,,2,2026-08-05 23:40:05.859,2026-08-05 23:40:06.436,0,,2026-08-05,2026-08-06
3f,duplicate_ft_result_check,scheduled__2026-08-04T14:40:00+00:00,trigger,scheduled,,2,2026-08-05 23:49:51.534,2026-08-05 23:49:52.124,0,,2026-08-05,2026-08-06
3f,GPCC_stage4_post_proc,scheduled__2026-08-04T14:40:00+00:00,trigger,scheduled,,2,2026-08-05 23:49:52.294,2026-08-05 23:49:53.032,0,,2026-08-05,2026-08-06
3f,duplicate_ft_result_check,scheduled__2026-08-04T14:40:00+00:00,check_duplicate,scheduled,,2,2026-08-05 23:49:55.075,2026-08-05 23:50:37.510,42,,2026-08-05,2026-08-06
3f,GPCC_stage4_post_proc,scheduled__2026-08-04T14:40:00+00:00,check_duplicate,scheduled,,2,2026-08-05 23:49:56.156,2026-08-05 23:50:20.773,24,,2026-08-05,2026-08-06
3f,GPCC_stage4_post_proc,scheduled__2026-08-04T14:40:00+00:00,load_rec_result,scheduled,,2,2026-08-05 23:50:24.213,2026-08-05 23:52:14.524,110,,2026-08-05,2026-08-06
3f,duplicate_ft_result_check,scheduled__2026-08-04T14:40:00+00:00,ft_result_dup_check_mail,scheduled,,2,2026-08-05 23:50:40.860,2026-08-05 23:50:47.088,6,,2026-08-05,2026-08-06
3f,duplicate_ft_result_check,scheduled__2026-08-04T14:40:00+00:00,done_api,scheduled,,2,2026-08-05 23:50:49.565,2026-08-05 23:50:50.134,0,,2026-08-05,2026-08-06
3f,GPCC_stage4_post_proc,scheduled__2026-08-04T14:40:00+00:00,RecResult,scheduled,,2,2026-08-05 23:52:17.378,2026-08-05 23:58:59.755,402,,2026-08-06,2026-08-07
3f,GPCC_stage4_post_proc,scheduled__2026-08-04T14:40:00+00:00,save_rec_result,scheduled,,2,2026-08-05 23:59:02.579,2026-08-06 00:03:15.795,253,,2026-08-06,2026-08-07
3f,GPCC_stage4_post_proc,scheduled__2026-08-04T14:40:00+00:00,check_dd_rec_result,scheduled,,2,2026-08-06 00:03:18.363,2026-08-06 00:03:43.557,25,,2026-08-06,2026-08-07
3f,GPCC_stage4_post_proc,scheduled__2026-08-04T14:40:00+00:00,trigger_mark_success_all_success,scheduled,,2,2026-08-06 00:03:46.203,2026-08-06 00:03:48.893,2,,2026-08-06,2026-08-07
3f,GPCC_stage4_post_proc,scheduled__2026-08-04T14:40:00+00:00,trigger_sg_workflow_if_one_failed,scheduled,,1,2026-08-06 00:03:48.976,2026-08-06 00:03:48.976,0,,2026-08-06,2026-08-07
3f,GPCC_stage4_post_proc,scheduled__2026-08-04T14:40:00+00:00,done_api,scheduled,,1,2026-08-06 00:03:49.118,2026-08-06 00:03:49.118,0,,2026-08-06,2026-08-07
3f,gpcc_mark_success,manual__2026-08-05T15:03:48.210699+00:00,start,manual,,2,2026-08-06 00:03:51.503,2026-08-06 00:03:52.158,0,,2026-08-06,2026-08-07
3f,gpcc_mark_success,manual__2026-08-05T15:03:48.210699+00:00,trigger,manual,,2,2026-08-06 00:03:54.743,2026-08-06 00:03:55.251,0,,2026-08-06,2026-08-07
3f,gpcc_mark_success,manual__2026-08-05T15:03:48.210699+00:00,check_mark_success,manual,,2,2026-08-06 00:03:58.180,2026-08-06 00:04:08.821,10,,2026-08-06,2026-08-07
3f,gpcc_mark_success,manual__2026-08-05T15:03:48.210699+00:00,done_api,manual,,2,2026-08-06 00:04:12.157,2026-08-06 00:04:12.758,0,,2026-08-06,2026-08-07
3f,gpcc_dd_transfer,scheduled__2026-08-04T16:00:00+00:00,start,scheduled,,2,2026-08-06 01:00:07.456,2026-08-06 01:00:08.118,0,,2026-08-06,2026-08-07
3f,gpcc_dd_transfer,scheduled__2026-08-04T16:00:00+00:00,trigger,scheduled,,2,2026-08-06 01:00:11.545,2026-08-06 01:00:12.599,1,,2026-08-06,2026-08-07
3f,gpcc_dd_transfer,scheduled__2026-08-04T16:00:00+00:00,transfer_table,scheduled,,2,2026-08-06 01:00:16.224,2026-08-06 01:03:25.142,188,,2026-08-06,2026-08-07
3f,gpcc_dd_transfer,scheduled__2026-08-04T16:00:00+00:00,unload_oo3f_rec_benefit_result,scheduled,,2,2026-08-06 01:03:28.314,2026-08-06 01:03:48.231,19,,2026-08-06,2026-08-07
3f,gpcc_dd_transfer,scheduled__2026-08-04T16:00:00+00:00,trigger_arbiter_transfer,scheduled,,2,2026-08-06 01:03:28.451,2026-08-06 01:03:28.969,0,,2026-08-06,2026-08-07
3f,gpcc_dd_transfer,scheduled__2026-08-04T16:00:00+00:00,trigger_dq_check_mail,scheduled,,2,2026-08-06 01:03:28.983,2026-08-06 01:03:32.639,3,,2026-08-06,2026-08-07
3f,gpcc_dq_mail,manual__2026-08-05T16:03:32.091621+00:00,start,manual,,2,2026-08-06 01:03:35.794,2026-08-06 01:03:36.451,0,,2026-08-06,2026-08-07
3f,gpcc_dq_mail,manual__2026-08-05T16:03:32.091621+00:00,trigger,manual,,2,2026-08-06 01:03:39.190,2026-08-06 01:03:39.968,0,,2026-08-06,2026-08-07
3f,gpcc_dq_mail,manual__2026-08-05T16:03:32.091621+00:00,unload_dq_check,manual,,2,2026-08-06 01:03:43.342,2026-08-06 01:06:43.215,179,,2026-08-06,2026-08-07
3f,gpcc_dq_mail,manual__2026-08-05T16:03:32.091621+00:00,unload_dq_candidate,manual,,2,2026-08-06 01:03:43.422,2026-08-06 01:04:22.009,38,,2026-08-06,2026-08-07
3f,gpcc_dd_transfer,scheduled__2026-08-04T16:00:00+00:00,sink_cms_transfer,scheduled,,2,2026-08-06 01:03:51.530,2026-08-06 01:16:51.746,780,,2026-08-06,2026-08-07
3f,gpcc_dq_mail,manual__2026-08-05T16:03:32.091621+00:00,DQcheck,manual,,2,2026-08-06 01:06:45.944,2026-08-06 01:16:50.858,604,,2026-08-06,2026-08-07
3f,gpcc_dq_mail,manual__2026-08-05T16:03:32.091621+00:00,save_dq_summary,manual,,2,2026-08-06 01:16:53.952,2026-08-06 01:21:15.490,261,,2026-08-06,2026-08-07
3f,gpcc_dd_transfer,scheduled__2026-08-04T16:00:00+00:00,done_api,scheduled,,2,2026-08-06 01:16:55.055,2026-08-06 01:16:55.609,0,,2026-08-06,2026-08-07
3f,gpcc_dq_mail,manual__2026-08-05T16:03:32.091621+00:00,dq_check_mail,manual,,2,2026-08-06 01:21:18.598,2026-08-06 01:22:27.573,68,,2026-08-06,2026-08-07
3f,gpcc_dq_mail,manual__2026-08-05T16:03:32.091621+00:00,done_api,manual,,2,2026-08-06 01:22:30.739,2026-08-06 01:22:31.279,0,,2026-08-06,2026-08-07
3f,GPCC_train,scheduled__2026-08-02T21:00:00+00:00,start,scheduled,,2,2026-08-06 06:00:04.547,2026-08-06 06:00:05.214,0,,2026-08-06,2026-08-07
3f,GPCC_train,scheduled__2026-08-02T21:00:00+00:00,trigger,scheduled,,2,2026-08-06 06:00:08.629,2026-08-06 06:00:09.270,0,,2026-08-06,2026-08-07
3f,GPCC_train,scheduled__2026-08-02T21:00:00+00:00,load_user_features,scheduled,,2,2026-08-06 06:00:11.979,2026-08-06 06:01:06.681,54,,2026-08-06,2026-08-07
3f,GPCC_train,scheduled__2026-08-02T21:00:00+00:00,load_item_meta,scheduled,,2,2026-08-06 06:00:12.246,2026-08-06 06:00:42.813,30,,2026-08-06,2026-08-07
3f,GPCC_train,scheduled__2026-08-02T21:00:00+00:00,load_user_features_inf,scheduled,,2,2026-08-06 06:00:12.673,2026-08-06 06:02:12.209,119,,2026-08-06,2026-08-07
3f,GPCC_train,scheduled__2026-08-02T21:00:00+00:00,load_item_emb_feat,scheduled,,2,2026-08-06 06:00:12.811,2026-08-06 06:00:25.787,12,,2026-08-06,2026-08-07
3f,GPCC_train,scheduled__2026-08-02T21:00:00+00:00,load_interaction,scheduled,,2,2026-08-06 06:00:12.943,2026-08-06 06:00:45.847,32,,2026-08-06,2026-08-07
3f,GPCC_train,scheduled__2026-08-02T21:00:00+00:00,task_prd_pl_trn_pl2mfl3101_v2,scheduled,,2,2026-08-06 06:02:15.071,2026-08-06 10:01:57.671,14382,,2026-08-06,2026-08-07
3f,GPCC_train,scheduled__2026-08-02T21:00:00+00:00,save_cntn_lgcn_emb,scheduled,,2,2026-08-06 10:02:00.597,2026-08-06 10:03:05.300,64,,2026-08-06,2026-08-07
3f,GPCC_train,scheduled__2026-08-02T21:00:00+00:00,save_user_lgcn_emb,scheduled,,2,2026-08-06 10:02:00.800,2026-08-06 10:04:08.358,127,,2026-08-06,2026-08-07
3f,GPCC_train,scheduled__2026-08-02T21:00:00+00:00,save_item_cntn_emb,scheduled,,2,2026-08-06 10:02:01.201,2026-08-06 10:02:42.613,41,,2026-08-06,2026-08-07
3f,GPCC_train,scheduled__2026-08-02T21:00:00+00:00,save_train_date,scheduled,,2,2026-08-06 10:04:11.690,2026-08-06 10:04:23.509,11,,2026-08-06,2026-08-07
3f,GPCC_train,scheduled__2026-08-02T21:00:00+00:00,trigger_dq,scheduled,,2,2026-08-06 10:04:26.527,2026-08-06 10:04:28.986,2,,2026-08-06,2026-08-07
3f,gpcc_train_dq_mail,manual__2026-08-06T01:04:28.449391+00:00,start,manual,,2,2026-08-06 10:04:31.808,2026-08-06 10:04:32.530,0,,2026-08-06,2026-08-07
3f,GPCC_train,scheduled__2026-08-02T21:00:00+00:00,done_api,scheduled,,2,2026-08-06 10:04:32.655,2026-08-06 10:04:33.165,0,,2026-08-06,2026-08-07
3f,gpcc_train_dq_mail,manual__2026-08-06T01:04:28.449391+00:00,trigger,manual,,2,2026-08-06 10:04:35.744,2026-08-06 10:04:36.187,0,,2026-08-06,2026-08-07
3f,gpcc_train_dq_mail,manual__2026-08-06T01:04:28.449391+00:00,save_train_result,manual,,2,2026-08-06 10:04:39.017,2026-08-06 10:05:13.572,34,,2026-08-06,2026-08-07
3f,gpcc_train_dq_mail,manual__2026-08-06T01:04:28.449391+00:00,dq_mail,manual,,2,2026-08-06 10:05:16.807,2026-08-06 10:05:23.104,6,,2026-08-06,2026-08-07
3f,gpcc_train_dq_mail,manual__2026-08-06T01:04:28.449391+00:00,done_api,manual,,2,2026-08-06 10:05:26.556,2026-08-06 10:05:27.047,0,,2026-08-06,2026-08-07
3f,gpcc_train_dq_mail,scheduled__2026-08-03T02:30:00+00:00,start,scheduled,,2,2026-08-06 11:30:07.731,2026-08-06 11:30:08.420,0,,2026-08-06,2026-08-07
3f,gpcc_train_dq_mail,scheduled__2026-08-03T02:30:00+00:00,trigger,scheduled,,2,2026-08-06 11:30:11.431,2026-08-06 11:30:11.907,0,,2026-08-06,2026-08-07
3f,gpcc_train_dq_mail,scheduled__2026-08-03T02:30:00+00:00,save_train_result,scheduled,,2,2026-08-06 11:30:14.481,2026-08-06 11:30:55.125,40,,2026-08-06,2026-08-07
3f,gpcc_train_dq_mail,scheduled__2026-08-03T02:30:00+00:00,dq_mail,scheduled,,2,2026-08-06 11:30:57.991,2026-08-06 11:31:04.091,6,,2026-08-06,2026-08-07
3f,gpcc_train_dq_mail,scheduled__2026-08-03T02:30:00+00:00,done_api,scheduled,,2,2026-08-06 11:31:06.927,2026-08-06 11:31:07.541,0,,2026-08-06,2026-08-07
3f,temp_log_agg,scheduled__2026-08-05T03:00:00+00:00,start,scheduled,,2,2026-08-06 12:00:06.158,2026-08-06 12:00:07.202,1,,2026-08-06,2026-08-07
3f,temp_log_agg,scheduled__2026-08-05T03:00:00+00:00,trigger,scheduled,,2,2026-08-06 12:00:10.160,2026-08-06 12:00:10.661,0,,2026-08-06,2026-08-07
3f,temp_log_agg,scheduled__2026-08-05T03:00:00+00:00,load_log_agg,scheduled,,2,2026-08-06 12:00:13.339,2026-08-06 12:34:55.582,2082,,2026-08-06,2026-08-07
3f,temp_log_agg,scheduled__2026-08-05T03:00:00+00:00,save_log_agg,scheduled,,2,2026-08-06 12:34:58.784,2026-08-06 12:35:24.584,25,,2026-08-06,2026-08-07
3f,temp_log_agg,scheduled__2026-08-05T03:00:00+00:00,log_check_mail,scheduled,,2,2026-08-06 12:35:27.360,2026-08-06 12:35:33.177,5,,2026-08-06,2026-08-07
3f,temp_log_agg,scheduled__2026-08-05T03:00:00+00:00,done_api,scheduled,,2,2026-08-06 12:35:36.508,2026-08-06 12:35:37.144,0,,2026-08-06,2026-08-07
3f,GPCC_stage1_item_feature,scheduled__2026-08-05T10:00:00+00:00,start,scheduled,,2,2026-08-06 19:00:07.419,2026-08-06 19:00:08.590,1,,2026-08-06,2026-08-07
3f,GPCC_stage1_item_feature,scheduled__2026-08-05T10:00:00+00:00,trigger,scheduled,,2,2026-08-06 19:00:11.855,2026-08-06 19:00:12.694,0,,2026-08-06,2026-08-07
3f,GPCC_stage1_item_feature,scheduled__2026-08-05T10:00:00+00:00,make_pipeline_date,scheduled,,2,2026-08-06 19:00:16.078,2026-08-06 19:03:35.770,199,,2026-08-06,2026-08-07
3f,GPCC_stage1_item_feature,scheduled__2026-08-05T10:00:00+00:00,save_pipeline_date,scheduled,,2,2026-08-06 19:03:39.342,2026-08-06 19:04:26.311,46,,2026-08-06,2026-08-07
3f,GPCC_stage1_item_feature,scheduled__2026-08-05T10:00:00+00:00,load_item_feature,scheduled,,2,2026-08-06 19:04:29.681,2026-08-06 19:08:57.460,267,,2026-08-06,2026-08-07
3f,GPCC_stage1_item_feature,scheduled__2026-08-05T10:00:00+00:00,load_item_meta,scheduled,,2,2026-08-06 19:04:29.749,2026-08-06 19:07:29.053,179,,2026-08-06,2026-08-07
3f,GPCC_stage1_item_feature,scheduled__2026-08-05T10:00:00+00:00,load_log_parser,scheduled,,2,2026-08-06 19:04:30.014,2026-08-06 19:11:38.965,428,,2026-08-06,2026-08-07
3f,GPCC_stage1_item_feature,scheduled__2026-08-05T10:00:00+00:00,ItemMetaGenerator,scheduled,,2,2026-08-06 19:11:41.913,2026-08-06 19:16:10.375,268,,2026-08-06,2026-08-07
3f,GPCC_stage1_item_feature,scheduled__2026-08-05T10:00:00+00:00,LogGenerator,scheduled,,2,2026-08-06 19:16:13.093,2026-08-06 19:25:10.804,537,,2026-08-06,2026-08-07
3f,GPCC_stage1_item_feature,scheduled__2026-08-05T10:00:00+00:00,FT_ItemFeature,scheduled,,2,2026-08-06 19:25:14.043,2026-08-06 19:31:58.655,404,,2026-08-06,2026-08-07
3f,GPCC_stage1_item_feature,scheduled__2026-08-05T10:00:00+00:00,save_stage1_mart,scheduled,,2,2026-08-06 19:32:02.014,2026-08-06 19:41:59.577,597,,2026-08-06,2026-08-07
3f,GPCC_stage1_item_feature,scheduled__2026-08-05T10:00:00+00:00,trigger_gpcc_candidate,scheduled,,2,2026-08-06 19:42:02.554,2026-08-06 19:42:06.027,3,,2026-08-06,2026-08-07
3f,GPCC_stage2_select,manual__2026-08-06T10:42:05.456487+00:00,start,manual,,2,2026-08-06 19:42:08.454,2026-08-06 19:42:08.960,0,,2026-08-06,2026-08-07
3f,GPCC_stage1_item_feature,scheduled__2026-08-05T10:00:00+00:00,done_api,scheduled,,2,2026-08-06 19:42:08.958,2026-08-06 19:42:09.572,0,,2026-08-06,2026-08-07
3f,GPCC_stage2_select,manual__2026-08-06T10:42:05.456487+00:00,trigger,manual,,2,2026-08-06 19:42:11.909,2026-08-06 19:42:13.071,1,,2026-08-06,2026-08-07
3f,GPCC_stage2_select,manual__2026-08-06T10:42:05.456487+00:00,save_targeting,manual,,2,2026-08-06 19:42:15.669,2026-08-06 19:45:09.686,174,,2026-08-06,2026-08-07
3f,GPCC_stage2_select,manual__2026-08-06T10:42:05.456487+00:00,save_cs_size,manual,,2,2026-08-06 19:45:13.223,2026-08-06 19:46:06.030,52,,2026-08-06,2026-08-07
3f,GPCC_stage2_select,manual__2026-08-06T10:42:05.456487+00:00,check_c2p_cnt,manual,,2,2026-08-06 19:46:08.626,2026-08-06 19:46:31.584,22,,2026-08-06,2026-08-07
3f,GPCC_stage2_select,manual__2026-08-06T10:42:05.456487+00:00,save_all_c2p,manual,,1,2026-08-06 19:46:31.704,2026-08-06 19:46:31.704,0,,2026-08-06,2026-08-07
3f,GPCC_stage2_select,manual__2026-08-06T10:42:05.456487+00:00,load_user_lgcn_embs,manual,,2,2026-08-06 19:46:34.668,2026-08-06 19:47:04.996,30,,2026-08-06,2026-08-07
3f,GPCC_stage2_select,manual__2026-08-06T10:42:05.456487+00:00,load_item_emb_feat,manual,,2,2026-08-06 19:46:34.680,2026-08-06 19:46:46.426,11,,2026-08-06,2026-08-07
3f,GPCC_stage2_select,manual__2026-08-06T10:42:05.456487+00:00,load_item_lgcn_embs,manual,,2,2026-08-06 19:46:34.730,2026-08-06 19:46:46.187,11,,2026-08-06,2026-08-07
3f,GPCC_stage2_select,manual__2026-08-06T10:42:05.456487+00:00,load_dv_features,manual,,2,2026-08-06 19:46:34.912,2026-08-06 19:46:47.039,12,,2026-08-06,2026-08-07
3f,GPCC_stage2_select,manual__2026-08-06T10:42:05.456487+00:00,load_item_meta,manual,,2,2026-08-06 19:46:35.115,2026-08-06 19:46:47.516,12,,2026-08-06,2026-08-07
3f,GPCC_stage2_select,manual__2026-08-06T10:42:05.456487+00:00,load_user_features,manual,,2,2026-08-06 19:46:35.193,2026-08-06 19:47:04.929,29,,2026-08-06,2026-08-07
3f,GPCC_stage2_select,manual__2026-08-06T10:42:05.456487+00:00,task_prd_pl_inf_pl2mfl3101_v2,manual,,2,2026-08-06 19:47:07.700,2026-08-06 20:16:07.910,1740,,2026-08-06,2026-08-07
3f,gpcc_select_dq_mail,scheduled__2026-08-05T11:00:00+00:00,start,scheduled,,2,2026-08-06 20:00:07.057,2026-08-06 20:00:08.117,1,,2026-08-06,2026-08-07
3f,GPCC_stage2_select,manual__2026-08-06T10:42:05.456487+00:00,save_cs_result,manual,,2,2026-08-06 20:16:10.835,2026-08-06 20:17:58.228,107,,2026-08-06,2026-08-07
3f,GPCC_stage2_select,manual__2026-08-06T10:42:05.456487+00:00,save_gpcc,manual,,2,2026-08-06 20:18:01.918,2026-08-06 20:19:14.305,72,,2026-08-06,2026-08-07
3f,GPCC_stage2_select,manual__2026-08-06T10:42:05.456487+00:00,trigger_stage3,manual,,2,2026-08-06 20:19:17.261,2026-08-06 20:19:20.886,3,,2026-08-06,2026-08-07
3f,GPCC_stage2_select,manual__2026-08-06T10:42:05.456487+00:00,done_api,manual,,2,2026-08-06 20:19:23.450,2026-08-06 20:19:24.092,0,,2026-08-06,2026-08-07
3f,GPCC_stage3_interaction_feautre,manual__2026-08-06T11:19:20.358599+00:00,start,manual,,2,2026-08-06 20:19:23.652,2026-08-06 20:19:24.281,0,,2026-08-06,2026-08-07
3f,GPCC_stage3_interaction_feautre,manual__2026-08-06T11:19:20.358599+00:00,trigger,manual,,2,2026-08-06 20:19:27.934,2026-08-06 20:19:28.519,0,,2026-08-06,2026-08-07
3f,GPCC_stage3_interaction_feautre,manual__2026-08-06T11:19:20.358599+00:00,load_interaction_feature,manual,,2,2026-08-06 20:19:31.392,2026-08-06 20:25:37.241,365,,2026-08-06,2026-08-07
3f,GPCC_stage3_interaction_feautre,manual__2026-08-06T11:19:20.358599+00:00,load_rec_target,manual,,2,2026-08-06 20:19:32.224,2026-08-06 20:20:14.572,42,,2026-08-06,2026-08-07
3f,gpcc_select_dq_mail,scheduled__2026-08-05T11:00:00+00:00,trigger,scheduled,,2,2026-08-06 20:20:21.516,2026-08-06 20:20:22.346,0,,2026-08-06,2026-08-07
3f,gpcc_select_dq_mail,scheduled__2026-08-05T11:00:00+00:00,save_select_wf,scheduled,,2,2026-08-06 20:20:25.670,2026-08-06 20:21:07.991,42,,2026-08-06,2026-08-07
3f,gpcc_select_dq_mail,scheduled__2026-08-05T11:00:00+00:00,save_input_summary,scheduled,,2,2026-08-06 20:20:26.024,2026-08-06 20:21:09.607,43,,2026-08-06,2026-08-07
3f,gpcc_select_dq_mail,scheduled__2026-08-05T11:00:00+00:00,dq_mail,scheduled,,2,2026-08-06 20:21:13.107,2026-08-06 20:21:24.992,11,,2026-08-06,2026-08-07
3f,gpcc_select_dq_mail,scheduled__2026-08-05T11:00:00+00:00,done_api,scheduled,,2,2026-08-06 20:21:27.563,2026-08-06 20:21:28.364,0,,2026-08-06,2026-08-07
3f,GPCC_stage3_interaction_feautre,manual__2026-08-06T11:19:20.358599+00:00,FT_InteractionFeature,manual,,2,2026-08-06 20:25:40.185,2026-08-06 20:34:25.749,525,,2026-08-06,2026-08-07
3f,GPCC_stage3_interaction_feautre,manual__2026-08-06T11:19:20.358599+00:00,save_inter_feature,manual,,2,2026-08-06 20:34:29.055,2026-08-06 20:39:52.245,323,,2026-08-06,2026-08-07
3f,GPCC_stage3_interaction_feautre,manual__2026-08-06T11:19:20.358599+00:00,unload_shared_ft_features,manual,,2,2026-08-06 20:39:55.295,2026-08-06 20:40:48.691,53,,2026-08-06,2026-08-07
3f,GPCC_stage3_interaction_feautre,manual__2026-08-06T11:19:20.358599+00:00,trigger_gv_tgps_bsis,manual,,2,2026-08-06 20:40:51.395,2026-08-06 20:40:55.716,4,,2026-08-06,2026-08-07
3f,GPCC_stage3_interaction_feautre,manual__2026-08-06T11:19:20.358599+00:00,trigger_gv_cntn_info,manual,,2,2026-08-06 20:40:58.283,2026-08-06 20:41:03.142,4,,2026-08-06,2026-08-07
3f,GPCC_stage3_interaction_feautre,manual__2026-08-06T11:19:20.358599+00:00,trigger_gv_cust_bhve_info,manual,,2,2026-08-06 20:41:06.697,2026-08-06 20:41:10.471,3,,2026-08-06,2026-08-07
3f,GPCC_stage3_interaction_feautre,manual__2026-08-06T11:19:20.358599+00:00,preproc_end_alert,manual,,2,2026-08-06 20:41:13.201,2026-08-06 20:41:13.957,0,,2026-08-06,2026-08-07
3f,GPCC_stage3_interaction_feautre,manual__2026-08-06T11:19:20.358599+00:00,done_api,manual,,2,2026-08-06 20:41:16.865,2026-08-06 20:41:17.468,0,,2026-08-06,2026-08-07
3f,GPCC_mthly_execute_trigger,scheduled__2026-08-05T12:30:00+00:00,start,scheduled,,2,2026-08-06 21:30:05.957,2026-08-06 21:30:06.734,0,,2026-08-06,2026-08-07
3f,GPCC_mthly_execute_trigger,scheduled__2026-08-05T12:30:00+00:00,trigger,scheduled,,2,2026-08-06 21:30:10.236,2026-08-06 21:30:10.655,0,,2026-08-06,2026-08-07
3f,GPCC_mthly_execute_trigger,scheduled__2026-08-05T12:30:00+00:00,trigger_execute_date,scheduled,,2,2026-08-06 21:30:13.475,2026-08-06 21:30:26.309,12,,2026-08-06,2026-08-07
3f,GPCC_mthly_execute_trigger,scheduled__2026-08-05T12:30:00+00:00,fail_empty_mail,scheduled,,1,2026-08-06 21:30:26.527,2026-08-06 21:30:26.527,0,,2026-08-06,2026-08-07
3f,GPCC_mthly_execute_trigger,scheduled__2026-08-05T12:30:00+00:00,trigger_mthly_rec_result,scheduled,,2,2026-08-06 21:30:29.617,2026-08-06 21:30:33.212,3,,2026-08-06,2026-08-07
3f,GPCC_mthly_execute_trigger,scheduled__2026-08-05T12:30:00+00:00,done_api,scheduled,,2,2026-08-06 21:30:35.257,2026-08-06 21:30:35.869,0,,2026-08-06,2026-08-07
3f,GPCC_mthly_rec_result,manual__2026-08-06T12:30:32.487528+00:00,start,manual,,2,2026-08-06 21:30:35.399,2026-08-06 21:30:36.215,0,,2026-08-06,2026-08-07
3f,GPCC_mthly_rec_result,manual__2026-08-06T12:30:32.487528+00:00,trigger,manual,,2,2026-08-06 21:30:39.435,2026-08-06 21:30:39.975,0,,2026-08-06,2026-08-07
3f,GPCC_mthly_rec_result,manual__2026-08-06T12:30:32.487528+00:00,make_pipeline_date,manual,,2,2026-08-06 21:30:42.965,2026-08-06 21:33:50.101,187,,2026-08-06,2026-08-07
3f,GPCC_mthly_rec_result,manual__2026-08-06T12:30:32.487528+00:00,load_rec_target,manual,,2,2026-08-06 21:33:53.706,2026-08-06 21:35:11.746,78,,2026-08-06,2026-08-07
3f,GPCC_mthly_rec_result,manual__2026-08-06T12:30:32.487528+00:00,mk_mthly_rec_result,manual,,2,2026-08-06 21:35:14.572,2026-08-06 21:45:38.268,623,,2026-08-06,2026-08-07
3f,GPCC_mthly_rec_result,manual__2026-08-06T12:30:32.487528+00:00,save_rec_result,manual,,2,2026-08-06 21:45:40.876,2026-08-06 21:50:45.965,305,,2026-08-06,2026-08-07
3f,GPCC_mthly_rec_result,manual__2026-08-06T12:30:32.487528+00:00,mthly_dq_check,manual,,2,2026-08-06 21:50:48.952,2026-08-06 21:53:11.113,142,,2026-08-06,2026-08-07
3f,GPCC_mthly_rec_result,manual__2026-08-06T12:30:32.487528+00:00,dq_check_mail,manual,,2,2026-08-06 21:53:13.681,2026-08-06 21:53:20.007,6,,2026-08-06,2026-08-07
3f,GPCC_mthly_rec_result,manual__2026-08-06T12:30:32.487528+00:00,done_api,manual,,2,2026-08-06 21:53:22.805,2026-08-06 21:53:23.443,0,,2026-08-06,2026-08-07
3f,GPCC_stage4_post_proc,scheduled__2026-08-05T14:40:00+00:00,start,scheduled,,2,2026-08-06 23:40:03.930,2026-08-06 23:40:04.568,0,,2026-08-06,2026-08-07
3f,duplicate_ft_result_check,scheduled__2026-08-05T14:40:00+00:00,start,scheduled,,2,2026-08-06 23:40:04.557,2026-08-06 23:40:05.115,0,,2026-08-06,2026-08-07
3f,duplicate_ft_result_check,scheduled__2026-08-05T14:40:00+00:00,trigger,scheduled,,2,2026-08-06 23:51:51.326,2026-08-06 23:51:51.907,0,,2026-08-06,2026-08-07
3f,GPCC_stage4_post_proc,scheduled__2026-08-05T14:40:00+00:00,trigger,scheduled,,2,2026-08-06 23:51:51.530,2026-08-06 23:51:52.334,0,,2026-08-06,2026-08-07
3f,duplicate_ft_result_check,scheduled__2026-08-05T14:40:00+00:00,check_duplicate,scheduled,,2,2026-08-06 23:51:54.473,2026-08-06 23:52:35.731,41,,2026-08-06,2026-08-07
3f,GPCC_stage4_post_proc,scheduled__2026-08-05T14:40:00+00:00,check_duplicate,scheduled,,2,2026-08-06 23:51:54.989,2026-08-06 23:52:13.372,18,,2026-08-06,2026-08-07
3f,GPCC_stage4_post_proc,scheduled__2026-08-05T14:40:00+00:00,load_rec_result,scheduled,,2,2026-08-06 23:52:16.730,2026-08-06 23:53:31.180,74,,2026-08-07,2026-08-08
3f,duplicate_ft_result_check,scheduled__2026-08-05T14:40:00+00:00,ft_result_dup_check_mail,scheduled,,2,2026-08-06 23:52:38.534,2026-08-06 23:52:44.715,6,,2026-08-07,2026-08-08
3f,duplicate_ft_result_check,scheduled__2026-08-05T14:40:00+00:00,done_api,scheduled,,2,2026-08-06 23:52:47.849,2026-08-06 23:52:48.328,0,,2026-08-07,2026-08-08
3f,GPCC_stage4_post_proc,scheduled__2026-08-05T14:40:00+00:00,RecResult,scheduled,,2,2026-08-06 23:53:34.503,2026-08-06 23:58:41.483,306,,2026-08-07,2026-08-08
3f,GPCC_stage4_post_proc,scheduled__2026-08-05T14:40:00+00:00,save_rec_result,scheduled,,2,2026-08-06 23:58:44.340,2026-08-07 00:02:04.320,199,,2026-08-07,2026-08-08
3f,GPCC_stage4_post_proc,scheduled__2026-08-05T14:40:00+00:00,check_dd_rec_result,scheduled,,2,2026-08-07 00:02:07.363,2026-08-07 00:02:26.178,18,,2026-08-07,2026-08-08
3f,GPCC_stage4_post_proc,scheduled__2026-08-05T14:40:00+00:00,trigger_mark_success_all_success,scheduled,,2,2026-08-07 00:02:28.924,2026-08-07 00:02:31.714,2,,2026-08-07,2026-08-08
3f,GPCC_stage4_post_proc,scheduled__2026-08-05T14:40:00+00:00,trigger_sg_workflow_if_one_failed,scheduled,,1,2026-08-07 00:02:31.874,2026-08-07 00:02:31.874,0,,2026-08-07,2026-08-08
3f,GPCC_stage4_post_proc,scheduled__2026-08-05T14:40:00+00:00,done_api,scheduled,,1,2026-08-07 00:02:32.012,2026-08-07 00:02:32.012,0,,2026-08-07,2026-08-08
3f,gpcc_mark_success,manual__2026-08-06T15:02:31.085051+00:00,start,manual,,2,2026-08-07 00:02:34.458,2026-08-07 00:02:35.200,0,,2026-08-07,2026-08-08
3f,gpcc_mark_success,manual__2026-08-06T15:02:31.085051+00:00,trigger,manual,,2,2026-08-07 00:02:38.483,2026-08-07 00:02:38.969,0,,2026-08-07,2026-08-08
3f,gpcc_mark_success,manual__2026-08-06T15:02:31.085051+00:00,check_mark_success,manual,,2,2026-08-07 00:02:41.874,2026-08-07 00:02:55.978,14,,2026-08-07,2026-08-08
3f,gpcc_mark_success,manual__2026-08-06T15:02:31.085051+00:00,done_api,manual,,2,2026-08-07 00:02:59.265,2026-08-07 00:03:00.045,0,,2026-08-07,2026-08-08
3f,gpcc_dd_transfer,scheduled__2026-08-05T16:00:00+00:00,start,scheduled,,2,2026-08-07 01:00:06.831,2026-08-07 01:00:07.521,0,,2026-08-07,2026-08-08
3f,gpcc_dd_transfer,scheduled__2026-08-05T16:00:00+00:00,trigger,scheduled,,2,2026-08-07 01:00:10.371,2026-08-07 01:00:11.377,1,,2026-08-07,2026-08-08
3f,gpcc_dd_transfer,scheduled__2026-08-05T16:00:00+00:00,transfer_table,scheduled,,2,2026-08-07 01:00:14.011,2026-08-07 01:03:28.001,193,,2026-08-07,2026-08-08
3f,gpcc_dd_transfer,scheduled__2026-08-05T16:00:00+00:00,trigger_arbiter_transfer,scheduled,,2,2026-08-07 01:03:31.538,2026-08-07 01:03:32.061,0,,2026-08-07,2026-08-08
3f,gpcc_dd_transfer,scheduled__2026-08-05T16:00:00+00:00,unload_oo3f_rec_benefit_result,scheduled,,2,2026-08-07 01:03:31.559,2026-08-07 01:03:51.561,20,,2026-08-07,2026-08-08
3f,gpcc_dd_transfer,scheduled__2026-08-05T16:00:00+00:00,trigger_dq_check_mail,scheduled,,2,2026-08-07 01:03:31.891,2026-08-07 01:03:35.335,3,,2026-08-07,2026-08-08
3f,gpcc_dq_mail,manual__2026-08-06T16:03:34.829693+00:00,start,manual,,2,2026-08-07 01:03:38.256,2026-08-07 01:03:38.942,0,,2026-08-07,2026-08-08
3f,gpcc_dq_mail,manual__2026-08-06T16:03:34.829693+00:00,trigger,manual,,2,2026-08-07 01:03:42.627,2026-08-07 01:03:43.388,0,,2026-08-07,2026-08-08
3f,gpcc_dq_mail,manual__2026-08-06T16:03:34.829693+00:00,unload_dq_candidate,manual,,2,2026-08-07 01:03:46.381,2026-08-07 01:04:28.391,42,,2026-08-07,2026-08-08
3f,gpcc_dq_mail,manual__2026-08-06T16:03:34.829693+00:00,unload_dq_check,manual,,2,2026-08-07 01:03:47.014,2026-08-07 01:07:00.155,193,,2026-08-07,2026-08-08
3f,gpcc_dd_transfer,scheduled__2026-08-05T16:00:00+00:00,sink_cms_transfer,scheduled,,2,2026-08-07 01:03:54.574,2026-08-07 01:15:12.411,677,,2026-08-07,2026-08-08
3f,gpcc_dq_mail,manual__2026-08-06T16:03:34.829693+00:00,DQcheck,manual,,2,2026-08-07 01:07:03.133,2026-08-07 01:17:25.302,622,,2026-08-07,2026-08-08
3f,gpcc_dd_transfer,scheduled__2026-08-05T16:00:00+00:00,done_api,scheduled,,2,2026-08-07 01:15:15.900,2026-08-07 01:15:16.501,0,,2026-08-07,2026-08-08
3f,gpcc_dq_mail,manual__2026-08-06T16:03:34.829693+00:00,save_dq_summary,manual,,2,2026-08-07 01:17:28.613,2026-08-07 01:22:02.233,273,,2026-08-07,2026-08-08
3f,gpcc_dq_mail,manual__2026-08-06T16:03:34.829693+00:00,dq_check_mail,manual,,2,2026-08-07 01:22:05.438,2026-08-07 01:23:14.859,69,,2026-08-07,2026-08-08
3f,gpcc_dq_mail,manual__2026-08-06T16:03:34.829693+00:00,done_api,manual,,2,2026-08-07 01:23:17.900,2026-08-07 01:23:18.567,0,,2026-08-07,2026-08-08
3f,temp_log_agg,scheduled__2026-08-06T03:00:00+00:00,start,scheduled,,2,2026-08-07 12:00:06.230,2026-08-07 12:00:07.199,0,,2026-08-07,2026-08-08
3f,temp_log_agg,scheduled__2026-08-06T03:00:00+00:00,trigger,scheduled,,2,2026-08-07 12:00:09.802,2026-08-07 12:00:10.324,0,,2026-08-07,2026-08-08
3f,temp_log_agg,scheduled__2026-08-06T03:00:00+00:00,load_log_agg,scheduled,,2,2026-08-07 12:00:12.983,2026-08-07 12:29:53.203,1780,,2026-08-07,2026-08-08
3f,temp_log_agg,scheduled__2026-08-06T03:00:00+00:00,save_log_agg,scheduled,,2,2026-08-07 12:29:55.813,2026-08-07 12:30:19.220,23,,2026-08-07,2026-08-08
3f,temp_log_agg,scheduled__2026-08-06T03:00:00+00:00,log_check_mail,scheduled,,2,2026-08-07 12:30:22.440,2026-08-07 12:30:28.546,6,,2026-08-07,2026-08-08
3f,temp_log_agg,scheduled__2026-08-06T03:00:00+00:00,done_api,scheduled,,2,2026-08-07 12:30:31.266,2026-08-07 12:30:32.028,0,,2026-08-07,2026-08-08
3f,GPCC_stage1_item_feature,scheduled__2026-08-06T10:00:00+00:00,start,scheduled,,2,2026-08-07 19:00:05.546,2026-08-07 19:00:06.581,1,,2026-08-07,2026-08-08
3f,GPCC_stage1_item_feature,scheduled__2026-08-06T10:00:00+00:00,trigger,scheduled,,2,2026-08-07 19:00:09.227,2026-08-07 19:00:10.116,0,,2026-08-07,2026-08-08
3f,GPCC_stage1_item_feature,scheduled__2026-08-06T10:00:00+00:00,make_pipeline_date,scheduled,,2,2026-08-07 19:00:12.702,2026-08-07 19:03:29.777,197,,2026-08-07,2026-08-08
3f,GPCC_stage1_item_feature,scheduled__2026-08-06T10:00:00+00:00,save_pipeline_date,scheduled,,2,2026-08-07 19:03:32.889,2026-08-07 19:04:19.362,46,,2026-08-07,2026-08-08
3f,GPCC_stage1_item_feature,scheduled__2026-08-06T10:00:00+00:00,load_item_meta,scheduled,,2,2026-08-07 19:04:21.942,2026-08-07 19:06:58.535,156,,2026-08-07,2026-08-08
3f,GPCC_stage1_item_feature,scheduled__2026-08-06T10:00:00+00:00,load_log_parser,scheduled,,2,2026-08-07 19:04:22.569,2026-08-07 19:11:51.419,448,,2026-08-07,2026-08-08
3f,GPCC_stage1_item_feature,scheduled__2026-08-06T10:00:00+00:00,load_item_feature,scheduled,,2,2026-08-07 19:04:22.683,2026-08-07 19:08:44.798,262,,2026-08-07,2026-08-08
3f,GPCC_stage1_item_feature,scheduled__2026-08-06T10:00:00+00:00,ItemMetaGenerator,scheduled,,2,2026-08-07 19:11:54.212,2026-08-07 19:16:45.223,291,,2026-08-07,2026-08-08
3f,GPCC_stage1_item_feature,scheduled__2026-08-06T10:00:00+00:00,LogGenerator,scheduled,,2,2026-08-07 19:16:48.593,2026-08-07 19:25:33.958,525,,2026-08-07,2026-08-08
3f,GPCC_stage1_item_feature,scheduled__2026-08-06T10:00:00+00:00,FT_ItemFeature,scheduled,,2,2026-08-07 19:25:37.432,2026-08-07 19:32:00.884,383,,2026-08-07,2026-08-08
3f,GPCC_stage1_item_feature,scheduled__2026-08-06T10:00:00+00:00,save_stage1_mart,scheduled,,2,2026-08-07 19:32:03.890,2026-08-07 19:40:37.231,513,,2026-08-07,2026-08-08
3f,GPCC_stage1_item_feature,scheduled__2026-08-06T10:00:00+00:00,trigger_gpcc_candidate,scheduled,,2,2026-08-07 19:40:39.803,2026-08-07 19:40:43.617,3,,2026-08-07,2026-08-08
3f,GPCC_stage2_select,manual__2026-08-07T10:40:42.945713+00:00,start,manual,,2,2026-08-07 19:40:46.387,2026-08-07 19:40:46.915,0,,2026-08-07,2026-08-08
3f,GPCC_stage1_item_feature,scheduled__2026-08-06T10:00:00+00:00,done_api,scheduled,,2,2026-08-07 19:40:46.722,2026-08-07 19:40:47.257,0,,2026-08-07,2026-08-08
3f,GPCC_stage2_select,manual__2026-08-07T10:40:42.945713+00:00,trigger,manual,,2,2026-08-07 19:40:49.588,2026-08-07 19:40:50.727,1,,2026-08-07,2026-08-08
3f,GPCC_stage2_select,manual__2026-08-07T10:40:42.945713+00:00,save_targeting,manual,,2,2026-08-07 19:40:54.000,2026-08-07 19:43:30.818,156,,2026-08-07,2026-08-08
3f,GPCC_stage2_select,manual__2026-08-07T10:40:42.945713+00:00,save_cs_size,manual,,2,2026-08-07 19:43:33.841,2026-08-07 19:44:21.208,47,,2026-08-07,2026-08-08
3f,GPCC_stage2_select,manual__2026-08-07T10:40:42.945713+00:00,check_c2p_cnt,manual,,2,2026-08-07 19:44:24.489,2026-08-07 19:44:46.899,22,,2026-08-07,2026-08-08
3f,GPCC_stage2_select,manual__2026-08-07T10:40:42.945713+00:00,save_all_c2p,manual,,1,2026-08-07 19:44:47.017,2026-08-07 19:44:47.017,0,,2026-08-07,2026-08-08
3f,GPCC_stage2_select,manual__2026-08-07T10:40:42.945713+00:00,load_user_features,manual,,2,2026-08-07 19:44:49.684,2026-08-07 19:45:20.337,30,,2026-08-07,2026-08-08
3f,GPCC_stage2_select,manual__2026-08-07T10:40:42.945713+00:00,load_item_lgcn_embs,manual,,2,2026-08-07 19:44:49.912,2026-08-07 19:45:01.204,11,,2026-08-07,2026-08-08
3f,GPCC_stage2_select,manual__2026-08-07T10:40:42.945713+00:00,load_item_emb_feat,manual,,2,2026-08-07 19:44:49.941,2026-08-07 19:45:00.933,10,,2026-08-07,2026-08-08
3f,GPCC_stage2_select,manual__2026-08-07T10:40:42.945713+00:00,load_item_meta,manual,,2,2026-08-07 19:44:49.997,2026-08-07 19:45:01.407,11,,2026-08-07,2026-08-08
3f,GPCC_stage2_select,manual__2026-08-07T10:40:42.945713+00:00,load_user_lgcn_embs,manual,,2,2026-08-07 19:44:50.153,2026-08-07 19:45:19.755,29,,2026-08-07,2026-08-08
3f,GPCC_stage2_select,manual__2026-08-07T10:40:42.945713+00:00,load_dv_features,manual,,2,2026-08-07 19:44:50.299,2026-08-07 19:45:01.995,11,,2026-08-07,2026-08-08
3f,GPCC_stage2_select,manual__2026-08-07T10:40:42.945713+00:00,task_prd_pl_inf_pl2mfl3101_v2,manual,,2,2026-08-07 19:45:23.587,2026-08-07 20:16:49.151,1885,,2026-08-07,2026-08-08
3f,gpcc_select_dq_mail,scheduled__2026-08-06T11:00:00+00:00,start,scheduled,,2,2026-08-07 20:00:06.932,2026-08-07 20:00:08.003,1,,2026-08-07,2026-08-08
3f,GPCC_stage2_select,manual__2026-08-07T10:40:42.945713+00:00,save_cs_result,manual,,2,2026-08-07 20:16:52.408,2026-08-07 20:18:28.973,96,,2026-08-07,2026-08-08
3f,GPCC_stage2_select,manual__2026-08-07T10:40:42.945713+00:00,save_gpcc,manual,,2,2026-08-07 20:18:32.085,2026-08-07 20:19:40.640,68,,2026-08-07,2026-08-08
3f,GPCC_stage2_select,manual__2026-08-07T10:40:42.945713+00:00,trigger_stage3,manual,,2,2026-08-07 20:19:43.414,2026-08-07 20:19:46.816,3,,2026-08-07,2026-08-08
3f,GPCC_stage3_interaction_feautre,manual__2026-08-07T11:19:46.275424+00:00,start,manual,,2,2026-08-07 20:19:50.057,2026-08-07 20:19:50.690,0,,2026-08-07,2026-08-08
3f,GPCC_stage2_select,manual__2026-08-07T10:40:42.945713+00:00,done_api,manual,,2,2026-08-07 20:19:50.565,2026-08-07 20:19:51.036,0,,2026-08-07,2026-08-08
3f,gpcc_select_dq_mail,scheduled__2026-08-06T11:00:00+00:00,trigger,scheduled,,2,2026-08-07 20:19:53.424,2026-08-07 20:19:54.189,0,,2026-08-07,2026-08-08
3f,GPCC_stage3_interaction_feautre,manual__2026-08-07T11:19:46.275424+00:00,trigger,manual,,2,2026-08-07 20:19:54.338,2026-08-07 20:19:54.911,0,,2026-08-07,2026-08-08
3f,gpcc_select_dq_mail,scheduled__2026-08-06T11:00:00+00:00,save_input_summary,scheduled,,2,2026-08-07 20:19:57.287,2026-08-07 20:20:39.277,41,,2026-08-07,2026-08-08
3f,gpcc_select_dq_mail,scheduled__2026-08-06T11:00:00+00:00,save_select_wf,scheduled,,2,2026-08-07 20:19:58.017,2026-08-07 20:20:40.994,42,,2026-08-07,2026-08-08
3f,GPCC_stage3_interaction_feautre,manual__2026-08-07T11:19:46.275424+00:00,load_interaction_feature,manual,,2,2026-08-07 20:19:58.455,2026-08-07 20:25:57.043,358,,2026-08-07,2026-08-08
3f,GPCC_stage3_interaction_feautre,manual__2026-08-07T11:19:46.275424+00:00,load_rec_target,manual,,2,2026-08-07 20:19:58.852,2026-08-07 20:20:40.052,41,,2026-08-07,2026-08-08
3f,gpcc_select_dq_mail,scheduled__2026-08-06T11:00:00+00:00,dq_mail,scheduled,,2,2026-08-07 20:20:44.005,2026-08-07 20:20:55.826,11,,2026-08-07,2026-08-08
3f,gpcc_select_dq_mail,scheduled__2026-08-06T11:00:00+00:00,done_api,scheduled,,2,2026-08-07 20:20:58.927,2026-08-07 20:20:59.423,0,,2026-08-07,2026-08-08
3f,GPCC_stage3_interaction_feautre,manual__2026-08-07T11:19:46.275424+00:00,FT_InteractionFeature,manual,,2,2026-08-07 20:25:59.685,2026-08-07 20:35:12.695,553,,2026-08-07,2026-08-08
3f,GPCC_stage3_interaction_feautre,manual__2026-08-07T11:19:46.275424+00:00,save_inter_feature,manual,,2,2026-08-07 20:35:15.936,2026-08-07 20:40:16.194,300,,2026-08-07,2026-08-08
3f,GPCC_stage3_interaction_feautre,manual__2026-08-07T11:19:46.275424+00:00,unload_shared_ft_features,manual,,2,2026-08-07 20:40:19.783,2026-08-07 20:41:13.951,54,,2026-08-07,2026-08-08
3f,GPCC_stage3_interaction_feautre,manual__2026-08-07T11:19:46.275424+00:00,trigger_gv_tgps_bsis,manual,,2,2026-08-07 20:41:17.343,2026-08-07 20:41:21.716,4,,2026-08-07,2026-08-08
3f,GPCC_stage3_interaction_feautre,manual__2026-08-07T11:19:46.275424+00:00,trigger_gv_cntn_info,manual,,2,2026-08-07 20:41:25.013,2026-08-07 20:41:30.006,4,,2026-08-07,2026-08-08
3f,GPCC_stage3_interaction_feautre,manual__2026-08-07T11:19:46.275424+00:00,trigger_gv_cust_bhve_info,manual,,2,2026-08-07 20:41:33.426,2026-08-07 20:41:37.673,4,,2026-08-07,2026-08-08
3f,GPCC_stage3_interaction_feautre,manual__2026-08-07T11:19:46.275424+00:00,preproc_end_alert,manual,,2,2026-08-07 20:41:40.353,2026-08-07 20:41:41.112,0,,2026-08-07,2026-08-08
3f,GPCC_stage3_interaction_feautre,manual__2026-08-07T11:19:46.275424+00:00,done_api,manual,,2,2026-08-07 20:41:44.481,2026-08-07 20:41:44.992,0,,2026-08-07,2026-08-08
3f,GPCC_mthly_execute_trigger,scheduled__2026-08-06T12:30:00+00:00,start,scheduled,,2,2026-08-07 21:30:06.959,2026-08-07 21:30:07.744,0,,2026-08-07,2026-08-08
3f,GPCC_mthly_execute_trigger,scheduled__2026-08-06T12:30:00+00:00,trigger,scheduled,,2,2026-08-07 21:30:11.068,2026-08-07 21:30:11.483,0,,2026-08-07,2026-08-08
3f,GPCC_mthly_execute_trigger,scheduled__2026-08-06T12:30:00+00:00,trigger_execute_date,scheduled,,2,2026-08-07 21:30:14.319,2026-08-07 21:30:22.523,8,,2026-08-07,2026-08-08
3f,GPCC_mthly_execute_trigger,scheduled__2026-08-06T12:30:00+00:00,fail_empty_mail,scheduled,,1,2026-08-07 21:30:22.728,2026-08-07 21:30:22.728,0,,2026-08-07,2026-08-08
3f,GPCC_mthly_execute_trigger,scheduled__2026-08-06T12:30:00+00:00,trigger_mthly_rec_result,scheduled,,2,2026-08-07 21:30:26.001,2026-08-07 21:30:29.460,3,,2026-08-07,2026-08-08
3f,GPCC_mthly_execute_trigger,scheduled__2026-08-06T12:30:00+00:00,done_api,scheduled,,2,2026-08-07 21:30:32.459,2026-08-07 21:30:33.071,0,,2026-08-07,2026-08-08
3f,GPCC_mthly_rec_result,manual__2026-08-07T12:30:29.012090+00:00,start,manual,,2,2026-08-07 21:30:32.729,2026-08-07 21:30:33.495,0,,2026-08-07,2026-08-08
3f,GPCC_mthly_rec_result,manual__2026-08-07T12:30:29.012090+00:00,trigger,manual,,2,2026-08-07 21:30:37.045,2026-08-07 21:30:37.580,0,,2026-08-07,2026-08-08
3f,GPCC_mthly_rec_result,manual__2026-08-07T12:30:29.012090+00:00,make_pipeline_date,manual,,2,2026-08-07 21:30:40.596,2026-08-07 21:33:49.907,189,,2026-08-07,2026-08-08
3f,GPCC_mthly_rec_result,manual__2026-08-07T12:30:29.012090+00:00,load_rec_target,manual,,2,2026-08-07 21:33:52.815,2026-08-07 21:35:14.494,81,,2026-08-07,2026-08-08
3f,GPCC_mthly_rec_result,manual__2026-08-07T12:30:29.012090+00:00,mk_mthly_rec_result,manual,,2,2026-08-07 21:35:17.768,2026-08-07 21:46:17.189,659,,2026-08-07,2026-08-08
3f,GPCC_mthly_rec_result,manual__2026-08-07T12:30:29.012090+00:00,save_rec_result,manual,,2,2026-08-07 21:46:20.394,2026-08-07 21:51:17.452,297,,2026-08-07,2026-08-08
3f,GPCC_mthly_rec_result,manual__2026-08-07T12:30:29.012090+00:00,mthly_dq_check,manual,,2,2026-08-07 21:51:20.338,2026-08-07 21:53:48.682,148,,2026-08-07,2026-08-08
3f,GPCC_mthly_rec_result,manual__2026-08-07T12:30:29.012090+00:00,dq_check_mail,manual,,2,2026-08-07 21:53:52.102,2026-08-07 21:53:57.996,5,,2026-08-07,2026-08-08
3f,GPCC_mthly_rec_result,manual__2026-08-07T12:30:29.012090+00:00,done_api,manual,,2,2026-08-07 21:54:01.916,2026-08-07 21:54:02.512,0,,2026-08-07,2026-08-08
3f,duplicate_ft_result_check,scheduled__2026-08-06T14:40:00+00:00,start,scheduled,,2,2026-08-07 23:40:05.271,2026-08-07 23:40:05.889,0,,2026-08-07,2026-08-08
3f,GPCC_stage4_post_proc,scheduled__2026-08-06T14:40:00+00:00,start,scheduled,,2,2026-08-07 23:40:06.202,2026-08-07 23:40:06.828,0,,2026-08-07,2026-08-08
3f,duplicate_ft_result_check,scheduled__2026-08-06T14:40:00+00:00,trigger,scheduled,,2,2026-08-07 23:50:29.107,2026-08-07 23:50:29.766,0,,2026-08-07,2026-08-08
3f,GPCC_stage4_post_proc,scheduled__2026-08-06T14:40:00+00:00,trigger,scheduled,,2,2026-08-07 23:50:29.676,2026-08-07 23:50:30.449,0,,2026-08-07,2026-08-08
3f,duplicate_ft_result_check,scheduled__2026-08-06T14:40:00+00:00,check_duplicate,scheduled,,2,2026-08-07 23:50:32.724,2026-08-07 23:51:16.203,43,,2026-08-07,2026-08-08
3f,GPCC_stage4_post_proc,scheduled__2026-08-06T14:40:00+00:00,check_duplicate,scheduled,,2,2026-08-07 23:50:33.582,2026-08-07 23:50:54.162,20,,2026-08-07,2026-08-08
3f,GPCC_stage4_post_proc,scheduled__2026-08-06T14:40:00+00:00,load_rec_result,scheduled,,2,2026-08-07 23:50:56.763,2026-08-07 23:52:35.384,98,,2026-08-07,2026-08-08
3f,duplicate_ft_result_check,scheduled__2026-08-06T14:40:00+00:00,ft_result_dup_check_mail,scheduled,,2,2026-08-07 23:51:19.779,2026-08-07 23:51:25.539,5,,2026-08-07,2026-08-08
3f,duplicate_ft_result_check,scheduled__2026-08-06T14:40:00+00:00,done_api,scheduled,,2,2026-08-07 23:51:28.404,2026-08-07 23:51:29.047,0,,2026-08-07,2026-08-08
3f,GPCC_stage4_post_proc,scheduled__2026-08-06T14:40:00+00:00,RecResult,scheduled,,2,2026-08-07 23:52:38.597,2026-08-07 23:58:33.397,354,,2026-08-08,2026-08-09
3f,GPCC_stage4_post_proc,scheduled__2026-08-06T14:40:00+00:00,save_rec_result,scheduled,,2,2026-08-07 23:58:36.707,2026-08-08 00:02:42.946,246,,2026-08-08,2026-08-09
3f,GPCC_stage4_post_proc,scheduled__2026-08-06T14:40:00+00:00,check_dd_rec_result,scheduled,,2,2026-08-08 00:02:45.894,2026-08-08 00:03:08.262,22,,2026-08-08,2026-08-09
3f,GPCC_stage4_post_proc,scheduled__2026-08-06T14:40:00+00:00,trigger_mark_success_all_success,scheduled,,2,2026-08-08 00:03:11.320,2026-08-08 00:03:14.022,2,,2026-08-08,2026-08-09
3f,GPCC_stage4_post_proc,scheduled__2026-08-06T14:40:00+00:00,trigger_sg_workflow_if_one_failed,scheduled,,1,2026-08-08 00:03:14.234,2026-08-08 00:03:14.234,0,,2026-08-08,2026-08-09
3f,GPCC_stage4_post_proc,scheduled__2026-08-06T14:40:00+00:00,done_api,scheduled,,1,2026-08-08 00:03:14.394,2026-08-08 00:03:14.394,0,,2026-08-08,2026-08-09
3f,gpcc_mark_success,manual__2026-08-07T15:03:13.632014+00:00,start,manual,,2,2026-08-08 00:03:17.367,2026-08-08 00:03:18.077,0,,2026-08-08,2026-08-09
3f,gpcc_mark_success,manual__2026-08-07T15:03:13.632014+00:00,trigger,manual,,2,2026-08-08 00:03:21.118,2026-08-08 00:03:21.641,0,,2026-08-08,2026-08-09
3f,gpcc_mark_success,manual__2026-08-07T15:03:13.632014+00:00,check_mark_success,manual,,2,2026-08-08 00:03:25.273,2026-08-08 00:03:38.441,13,,2026-08-08,2026-08-09
3f,gpcc_mark_success,manual__2026-08-07T15:03:13.632014+00:00,done_api,manual,,2,2026-08-08 00:03:41.564,2026-08-08 00:03:42.379,0,,2026-08-08,2026-08-09
3f,gpcc_dd_transfer,scheduled__2026-08-06T16:00:00+00:00,start,scheduled,,2,2026-08-08 01:00:05.510,2026-08-08 01:00:06.176,0,,2026-08-08,2026-08-09
3f,gpcc_dd_transfer,scheduled__2026-08-06T16:00:00+00:00,trigger,scheduled,,2,2026-08-08 01:00:08.781,2026-08-08 01:00:09.794,1,,2026-08-08,2026-08-09
3f,gpcc_dd_transfer,scheduled__2026-08-06T16:00:00+00:00,transfer_table,scheduled,,2,2026-08-08 01:00:13.229,2026-08-08 01:03:20.983,187,,2026-08-08,2026-08-09
3f,gpcc_dd_transfer,scheduled__2026-08-06T16:00:00+00:00,unload_oo3f_rec_benefit_result,scheduled,,2,2026-08-08 01:03:23.848,2026-08-08 01:03:45.748,21,,2026-08-08,2026-08-09
3f,gpcc_dd_transfer,scheduled__2026-08-06T16:00:00+00:00,trigger_dq_check_mail,scheduled,,2,2026-08-08 01:03:24.103,2026-08-08 01:03:27.826,3,,2026-08-08,2026-08-09
3f,gpcc_dd_transfer,scheduled__2026-08-06T16:00:00+00:00,trigger_arbiter_transfer,scheduled,,2,2026-08-08 01:03:24.326,2026-08-08 01:03:24.884,0,,2026-08-08,2026-08-09
3f,gpcc_dq_mail,manual__2026-08-07T16:03:27.211815+00:00,start,manual,,2,2026-08-08 01:03:31.409,2026-08-08 01:03:32.102,0,,2026-08-08,2026-08-09
3f,gpcc_dq_mail,manual__2026-08-07T16:03:27.211815+00:00,trigger,manual,,2,2026-08-08 01:03:35.154,2026-08-08 01:03:35.992,0,,2026-08-08,2026-08-09
3f,gpcc_dq_mail,manual__2026-08-07T16:03:27.211815+00:00,unload_dq_candidate,manual,,2,2026-08-08 01:03:39.075,2026-08-08 01:04:15.210,36,,2026-08-08,2026-08-09
3f,gpcc_dq_mail,manual__2026-08-07T16:03:27.211815+00:00,unload_dq_check,manual,,2,2026-08-08 01:03:39.096,2026-08-08 01:06:39.110,180,,2026-08-08,2026-08-09
3f,gpcc_dd_transfer,scheduled__2026-08-06T16:00:00+00:00,sink_cms_transfer,scheduled,,2,2026-08-08 01:03:48.615,2026-08-08 01:17:02.949,794,,2026-08-08,2026-08-09
3f,gpcc_dq_mail,manual__2026-08-07T16:03:27.211815+00:00,DQcheck,manual,,2,2026-08-08 01:06:41.669,2026-08-08 01:15:51.242,549,,2026-08-08,2026-08-09
3f,gpcc_dq_mail,manual__2026-08-07T16:03:27.211815+00:00,save_dq_summary,manual,,2,2026-08-08 01:15:54.844,2026-08-08 01:19:56.577,241,,2026-08-08,2026-08-09
3f,gpcc_dd_transfer,scheduled__2026-08-06T16:00:00+00:00,done_api,scheduled,,2,2026-08-08 01:17:06.187,2026-08-08 01:17:06.694,0,,2026-08-08,2026-08-09
3f,gpcc_dq_mail,manual__2026-08-07T16:03:27.211815+00:00,dq_check_mail,manual,,2,2026-08-08 01:19:59.187,2026-08-08 01:20:57.639,58,,2026-08-08,2026-08-09
3f,gpcc_dq_mail,manual__2026-08-07T16:03:27.211815+00:00,done_api,manual,,2,2026-08-08 01:21:00.594,2026-08-08 01:21:01.249,0,,2026-08-08,2026-08-09
3f,temp_log_agg,scheduled__2026-08-07T03:00:00+00:00,start,scheduled,,2,2026-08-08 12:00:07.597,2026-08-08 12:00:08.597,1,,2026-08-08,2026-08-09
3f,temp_log_agg,scheduled__2026-08-07T03:00:00+00:00,trigger,scheduled,,2,2026-08-08 12:00:11.441,2026-08-08 12:00:11.965,0,,2026-08-08,2026-08-09
3f,temp_log_agg,scheduled__2026-08-07T03:00:00+00:00,load_log_agg,scheduled,,2,2026-08-08 12:00:15.652,2026-08-08 12:33:56.727,2021,,2026-08-08,2026-08-09
3f,temp_log_agg,scheduled__2026-08-07T03:00:00+00:00,save_log_agg,scheduled,,2,2026-08-08 12:33:59.426,2026-08-08 12:34:26.529,27,,2026-08-08,2026-08-09
3f,temp_log_agg,scheduled__2026-08-07T03:00:00+00:00,log_check_mail,scheduled,,2,2026-08-08 12:34:30.111,2026-08-08 12:34:36.328,6,,2026-08-08,2026-08-09
3f,temp_log_agg,scheduled__2026-08-07T03:00:00+00:00,done_api,scheduled,,2,2026-08-08 12:34:39.012,2026-08-08 12:34:39.760,0,,2026-08-08,2026-08-09
3f,GPCC_stage1_item_feature,scheduled__2026-08-07T10:00:00+00:00,start,scheduled,,2,2026-08-08 19:00:05.624,2026-08-08 19:00:06.795,1,,2026-08-08,2026-08-09
3f,GPCC_stage1_item_feature,scheduled__2026-08-07T10:00:00+00:00,trigger,scheduled,,2,2026-08-08 19:00:10.340,2026-08-08 19:00:11.280,0,,2026-08-08,2026-08-09
3f,GPCC_stage1_item_feature,scheduled__2026-08-07T10:00:00+00:00,make_pipeline_date,scheduled,,2,2026-08-08 19:00:14.420,2026-08-08 19:03:53.091,218,,2026-08-08,2026-08-09
3f,GPCC_stage1_item_feature,scheduled__2026-08-07T10:00:00+00:00,save_pipeline_date,scheduled,,2,2026-08-08 19:03:56.655,2026-08-08 19:04:44.933,48,,2026-08-08,2026-08-09
3f,GPCC_stage1_item_feature,scheduled__2026-08-07T10:00:00+00:00,load_item_feature,scheduled,,2,2026-08-08 19:04:47.802,2026-08-08 19:16:07.618,679,,2026-08-08,2026-08-09
3f,GPCC_stage1_item_feature,scheduled__2026-08-07T10:00:00+00:00,load_item_meta,scheduled,,2,2026-08-08 19:04:48.131,2026-08-08 19:12:08.030,439,,2026-08-08,2026-08-09
3f,GPCC_stage1_item_feature,scheduled__2026-08-07T10:00:00+00:00,load_log_parser,scheduled,,2,2026-08-08 19:04:48.603,2026-08-08 19:24:38.683,1190,,2026-08-08,2026-08-09
3f,GPCC_stage1_item_feature,scheduled__2026-08-07T10:00:00+00:00,ItemMetaGenerator,scheduled,,2,2026-08-08 19:24:42.281,2026-08-08 19:29:44.284,302,,2026-08-08,2026-08-09
3f,GPCC_stage1_item_feature,scheduled__2026-08-07T10:00:00+00:00,LogGenerator,scheduled,,2,2026-08-08 19:29:47.268,2026-08-08 19:40:24.241,636,,2026-08-08,2026-08-09
3f,GPCC_stage1_item_feature,scheduled__2026-08-07T10:00:00+00:00,FT_ItemFeature,scheduled,,2,2026-08-08 19:40:26.896,2026-08-08 19:47:39.191,432,,2026-08-08,2026-08-09
3f,GPCC_stage1_item_feature,scheduled__2026-08-07T10:00:00+00:00,save_stage1_mart,scheduled,,2,2026-08-08 19:47:41.837,2026-08-08 19:57:42.522,600,,2026-08-08,2026-08-09
3f,GPCC_stage1_item_feature,scheduled__2026-08-07T10:00:00+00:00,trigger_gpcc_candidate,scheduled,,2,2026-08-08 19:57:45.505,2026-08-08 19:57:49.062,3,,2026-08-08,2026-08-09
3f,GPCC_stage2_select,manual__2026-08-08T10:57:48.421531+00:00,start,manual,,2,2026-08-08 19:57:52.198,2026-08-08 19:57:52.691,0,,2026-08-08,2026-08-09
3f,GPCC_stage1_item_feature,scheduled__2026-08-07T10:00:00+00:00,done_api,scheduled,,2,2026-08-08 19:57:52.527,2026-08-08 19:57:53.192,0,,2026-08-08,2026-08-09
3f,GPCC_stage2_select,manual__2026-08-08T10:57:48.421531+00:00,trigger,manual,,2,2026-08-08 19:57:56.297,2026-08-08 19:57:57.385,1,,2026-08-08,2026-08-09
3f,GPCC_stage2_select,manual__2026-08-08T10:57:48.421531+00:00,save_targeting,manual,,2,2026-08-08 19:58:00.728,2026-08-08 20:01:05.917,185,,2026-08-08,2026-08-09
3f,gpcc_select_dq_mail,scheduled__2026-08-07T11:00:00+00:00,start,scheduled,,2,2026-08-08 20:00:03.869,2026-08-08 20:00:04.954,1,,2026-08-08,2026-08-09
3f,GPCC_stage2_select,manual__2026-08-08T10:57:48.421531+00:00,save_cs_size,manual,,2,2026-08-08 20:01:08.905,2026-08-08 20:02:07.649,58,,2026-08-08,2026-08-09
3f,GPCC_stage2_select,manual__2026-08-08T10:57:48.421531+00:00,check_c2p_cnt,manual,,2,2026-08-08 20:02:10.895,2026-08-08 20:02:35.841,24,,2026-08-08,2026-08-09
3f,GPCC_stage2_select,manual__2026-08-08T10:57:48.421531+00:00,save_all_c2p,manual,,1,2026-08-08 20:02:36.014,2026-08-08 20:02:36.014,0,,2026-08-08,2026-08-09
3f,GPCC_stage2_select,manual__2026-08-08T10:57:48.421531+00:00,load_user_features,manual,,2,2026-08-08 20:02:38.845,2026-08-08 20:03:12.176,33,,2026-08-08,2026-08-09
3f,GPCC_stage2_select,manual__2026-08-08T10:57:48.421531+00:00,load_item_meta,manual,,2,2026-08-08 20:02:38.997,2026-08-08 20:02:51.249,12,,2026-08-08,2026-08-09
3f,GPCC_stage2_select,manual__2026-08-08T10:57:48.421531+00:00,load_user_lgcn_embs,manual,,2,2026-08-08 20:02:39.030,2026-08-08 20:03:10.238,31,,2026-08-08,2026-08-09
3f,GPCC_stage2_select,manual__2026-08-08T10:57:48.421531+00:00,load_item_lgcn_embs,manual,,2,2026-08-08 20:02:39.123,2026-08-08 20:02:50.500,11,,2026-08-08,2026-08-09
3f,GPCC_stage2_select,manual__2026-08-08T10:57:48.421531+00:00,load_item_emb_feat,manual,,2,2026-08-08 20:02:39.184,2026-08-08 20:02:51.645,12,,2026-08-08,2026-08-09
3f,GPCC_stage2_select,manual__2026-08-08T10:57:48.421531+00:00,load_dv_features,manual,,2,2026-08-08 20:02:39.613,2026-08-08 20:02:52.123,12,,2026-08-08,2026-08-09
3f,GPCC_stage2_select,manual__2026-08-08T10:57:48.421531+00:00,task_prd_pl_inf_pl2mfl3101_v2,manual,,2,2026-08-08 20:03:15.815,2026-08-08 20:34:27.523,1871,,2026-08-08,2026-08-09
3f,gpcc_select_dq_mail,scheduled__2026-08-07T11:00:00+00:00,trigger,scheduled,,2,2026-08-08 20:18:41.329,2026-08-08 20:18:42.146,0,,2026-08-08,2026-08-09
3f,gpcc_select_dq_mail,scheduled__2026-08-07T11:00:00+00:00,save_select_wf,scheduled,,2,2026-08-08 20:18:45.361,2026-08-08 20:19:28.860,43,,2026-08-08,2026-08-09
3f,gpcc_select_dq_mail,scheduled__2026-08-07T11:00:00+00:00,save_input_summary,scheduled,,2,2026-08-08 20:18:45.829,2026-08-08 20:19:29.017,43,,2026-08-08,2026-08-09
3f,gpcc_select_dq_mail,scheduled__2026-08-07T11:00:00+00:00,dq_mail,scheduled,,2,2026-08-08 20:19:32.527,2026-08-08 20:19:43.953,11,,2026-08-08,2026-08-09
3f,gpcc_select_dq_mail,scheduled__2026-08-07T11:00:00+00:00,done_api,scheduled,,2,2026-08-08 20:19:47.342,2026-08-08 20:19:47.854,0,,2026-08-08,2026-08-09
3f,GPCC_stage2_select,manual__2026-08-08T10:57:48.421531+00:00,save_cs_result,manual,,2,2026-08-08 20:34:30.145,2026-08-08 20:36:19.790,109,,2026-08-08,2026-08-09
3f,GPCC_stage2_select,manual__2026-08-08T10:57:48.421531+00:00,save_gpcc,manual,,2,2026-08-08 20:36:22.734,2026-08-08 20:37:40.405,77,,2026-08-08,2026-08-09
3f,GPCC_stage2_select,manual__2026-08-08T10:57:48.421531+00:00,trigger_stage3,manual,,2,2026-08-08 20:37:43.142,2026-08-08 20:37:46.668,3,,2026-08-08,2026-08-09
3f,GPCC_stage3_interaction_feautre,manual__2026-08-08T11:37:46.069106+00:00,start,manual,,2,2026-08-08 20:37:49.441,2026-08-08 20:37:50.000,0,,2026-08-08,2026-08-09
3f,GPCC_stage2_select,manual__2026-08-08T10:57:48.421531+00:00,done_api,manual,,2,2026-08-08 20:37:50.586,2026-08-08 20:37:51.115,0,,2026-08-08,2026-08-09
3f,GPCC_stage3_interaction_feautre,manual__2026-08-08T11:37:46.069106+00:00,trigger,manual,,2,2026-08-08 20:37:52.699,2026-08-08 20:37:53.304,0,,2026-08-08,2026-08-09
3f,GPCC_stage3_interaction_feautre,manual__2026-08-08T11:37:46.069106+00:00,load_interaction_feature,manual,,2,2026-08-08 20:37:56.564,2026-08-08 20:44:03.078,366,,2026-08-08,2026-08-09
3f,GPCC_stage3_interaction_feautre,manual__2026-08-08T11:37:46.069106+00:00,load_rec_target,manual,,2,2026-08-08 20:37:56.798,2026-08-08 20:38:40.773,43,,2026-08-08,2026-08-09
3f,GPCC_stage3_interaction_feautre,manual__2026-08-08T11:37:46.069106+00:00,FT_InteractionFeature,manual,,2,2026-08-08 20:44:06.085,2026-08-08 20:52:58.522,532,,2026-08-08,2026-08-09
3f,GPCC_stage3_interaction_feautre,manual__2026-08-08T11:37:46.069106+00:00,save_inter_feature,manual,,2,2026-08-08 20:53:01.417,2026-08-08 20:58:38.349,336,,2026-08-08,2026-08-09
3f,GPCC_stage3_interaction_feautre,manual__2026-08-08T11:37:46.069106+00:00,unload_shared_ft_features,manual,,2,2026-08-08 20:58:41.452,2026-08-08 20:59:37.857,56,,2026-08-08,2026-08-09
3f,GPCC_stage3_interaction_feautre,manual__2026-08-08T11:37:46.069106+00:00,trigger_gv_tgps_bsis,manual,,2,2026-08-08 20:59:40.679,2026-08-08 20:59:44.862,4,,2026-08-08,2026-08-09
3f,GPCC_stage3_interaction_feautre,manual__2026-08-08T11:37:46.069106+00:00,trigger_gv_cntn_info,manual,,2,2026-08-08 20:59:48.481,2026-08-08 20:59:53.723,5,,2026-08-08,2026-08-09
3f,GPCC_stage3_interaction_feautre,manual__2026-08-08T11:37:46.069106+00:00,trigger_gv_cust_bhve_info,manual,,2,2026-08-08 20:59:56.710,2026-08-08 21:00:00.586,3,,2026-08-08,2026-08-09
3f,GPCC_stage3_interaction_feautre,manual__2026-08-08T11:37:46.069106+00:00,preproc_end_alert,manual,,2,2026-08-08 21:00:03.210,2026-08-08 21:00:04.041,0,,2026-08-08,2026-08-09
3f,GPCC_stage3_interaction_feautre,manual__2026-08-08T11:37:46.069106+00:00,done_api,manual,,2,2026-08-08 21:00:07.317,2026-08-08 21:00:07.941,0,,2026-08-08,2026-08-09
3f,GPCC_mthly_execute_trigger,scheduled__2026-08-07T12:30:00+00:00,start,scheduled,,2,2026-08-08 21:30:06.914,2026-08-08 21:30:07.717,0,,2026-08-08,2026-08-09
3f,GPCC_mthly_execute_trigger,scheduled__2026-08-07T12:30:00+00:00,trigger,scheduled,,2,2026-08-08 21:30:10.276,2026-08-08 21:30:10.703,0,,2026-08-08,2026-08-09
3f,GPCC_mthly_execute_trigger,scheduled__2026-08-07T12:30:00+00:00,trigger_execute_date,scheduled,,2,2026-08-08 21:30:13.255,2026-08-08 21:30:25.778,12,,2026-08-08,2026-08-09
3f,GPCC_mthly_execute_trigger,scheduled__2026-08-07T12:30:00+00:00,fail_empty_mail,scheduled,,1,2026-08-08 21:30:25.873,2026-08-08 21:30:25.873,0,,2026-08-08,2026-08-09
3f,GPCC_mthly_execute_trigger,scheduled__2026-08-07T12:30:00+00:00,trigger_mthly_rec_result,scheduled,,2,2026-08-08 21:30:29.422,2026-08-08 21:30:33.282,3,,2026-08-08,2026-08-09
3f,GPCC_mthly_execute_trigger,scheduled__2026-08-07T12:30:00+00:00,done_api,scheduled,,2,2026-08-08 21:30:36.363,2026-08-08 21:30:37.160,0,,2026-08-08,2026-08-09
3f,GPCC_mthly_rec_result,manual__2026-08-08T12:30:32.789237+00:00,start,manual,,2,2026-08-08 21:30:36.711,2026-08-08 21:30:37.497,0,,2026-08-08,2026-08-09
3f,GPCC_mthly_rec_result,manual__2026-08-08T12:30:32.789237+00:00,trigger,manual,,2,2026-08-08 21:30:40.704,2026-08-08 21:30:41.278,0,,2026-08-08,2026-08-09
3f,GPCC_mthly_rec_result,manual__2026-08-08T12:30:32.789237+00:00,make_pipeline_date,manual,,2,2026-08-08 21:30:44.388,2026-08-08 21:33:39.217,174,,2026-08-08,2026-08-09
3f,GPCC_mthly_rec_result,manual__2026-08-08T12:30:32.789237+00:00,load_rec_target,manual,,2,2026-08-08 21:33:42.495,2026-08-08 21:34:52.900,70,,2026-08-08,2026-08-09
3f,GPCC_mthly_rec_result,manual__2026-08-08T12:30:32.789237+00:00,mk_mthly_rec_result,manual,,2,2026-08-08 21:34:56.194,2026-08-08 21:45:49.950,653,,2026-08-08,2026-08-09
3f,GPCC_mthly_rec_result,manual__2026-08-08T12:30:32.789237+00:00,save_rec_result,manual,,2,2026-08-08 21:45:53.059,2026-08-08 21:50:39.759,286,,2026-08-08,2026-08-09
3f,GPCC_mthly_rec_result,manual__2026-08-08T12:30:32.789237+00:00,mthly_dq_check,manual,,2,2026-08-08 21:50:42.350,2026-08-08 21:52:49.924,127,,2026-08-08,2026-08-09
3f,GPCC_mthly_rec_result,manual__2026-08-08T12:30:32.789237+00:00,dq_check_mail,manual,,2,2026-08-08 21:52:52.939,2026-08-08 21:52:59.331,6,,2026-08-08,2026-08-09
3f,GPCC_mthly_rec_result,manual__2026-08-08T12:30:32.789237+00:00,done_api,manual,,2,2026-08-08 21:53:01.814,2026-08-08 21:53:02.609,0,,2026-08-08,2026-08-09
3f,GPCC_stage4_post_proc,scheduled__2026-08-07T14:40:00+00:00,start,scheduled,,2,2026-08-08 23:40:05.369,2026-08-08 23:40:06.013,0,,2026-08-08,2026-08-09
3f,duplicate_ft_result_check,scheduled__2026-08-07T14:40:00+00:00,start,scheduled,,2,2026-08-08 23:40:06.440,2026-08-08 23:40:07.039,0,,2026-08-08,2026-08-09
3f,duplicate_ft_result_check,scheduled__2026-08-07T14:40:00+00:00,trigger,scheduled,,2,2026-08-08 23:49:45.468,2026-08-08 23:49:46.105,0,,2026-08-08,2026-08-09
3f,GPCC_stage4_post_proc,scheduled__2026-08-07T14:40:00+00:00,trigger,scheduled,,2,2026-08-08 23:49:46.034,2026-08-08 23:49:46.778,0,,2026-08-08,2026-08-09
3f,duplicate_ft_result_check,scheduled__2026-08-07T14:40:00+00:00,check_duplicate,scheduled,,2,2026-08-08 23:49:49.623,2026-08-08 23:50:34.920,45,,2026-08-08,2026-08-09
3f,GPCC_stage4_post_proc,scheduled__2026-08-07T14:40:00+00:00,check_duplicate,scheduled,,2,2026-08-08 23:49:50.459,2026-08-08 23:50:14.097,23,,2026-08-08,2026-08-09
3f,GPCC_stage4_post_proc,scheduled__2026-08-07T14:40:00+00:00,load_rec_result,scheduled,,2,2026-08-08 23:50:17.653,2026-08-08 23:52:13.136,115,,2026-08-08,2026-08-09
3f,duplicate_ft_result_check,scheduled__2026-08-07T14:40:00+00:00,ft_result_dup_check_mail,scheduled,,2,2026-08-08 23:50:38.054,2026-08-08 23:50:43.808,5,,2026-08-08,2026-08-09
3f,duplicate_ft_result_check,scheduled__2026-08-07T14:40:00+00:00,done_api,scheduled,,2,2026-08-08 23:50:47.247,2026-08-08 23:50:47.897,0,,2026-08-08,2026-08-09
3f,GPCC_stage4_post_proc,scheduled__2026-08-07T14:40:00+00:00,RecResult,scheduled,,2,2026-08-08 23:52:16.318,2026-08-08 23:59:17.035,420,,2026-08-09,2026-08-10
3f,GPCC_stage4_post_proc,scheduled__2026-08-07T14:40:00+00:00,save_rec_result,scheduled,,2,2026-08-08 23:59:20.628,2026-08-09 00:04:05.671,285,,2026-08-09,2026-08-10
3f,GPCC_stage4_post_proc,scheduled__2026-08-07T14:40:00+00:00,check_dd_rec_result,scheduled,,2,2026-08-09 00:04:08.810,2026-08-09 00:04:35.320,26,,2026-08-09,2026-08-10
3f,GPCC_stage4_post_proc,scheduled__2026-08-07T14:40:00+00:00,trigger_mark_success_all_success,scheduled,,2,2026-08-09 00:04:38.146,2026-08-09 00:04:40.779,2,,2026-08-09,2026-08-10
3f,GPCC_stage4_post_proc,scheduled__2026-08-07T14:40:00+00:00,trigger_sg_workflow_if_one_failed,scheduled,,1,2026-08-09 00:04:40.875,2026-08-09 00:04:40.875,0,,2026-08-09,2026-08-10
3f,GPCC_stage4_post_proc,scheduled__2026-08-07T14:40:00+00:00,done_api,scheduled,,1,2026-08-09 00:04:41.030,2026-08-09 00:04:41.030,0,,2026-08-09,2026-08-10
3f,gpcc_mark_success,manual__2026-08-08T15:04:40.165438+00:00,start,manual,,2,2026-08-09 00:04:43.513,2026-08-09 00:04:44.184,0,,2026-08-09,2026-08-10
3f,gpcc_mark_success,manual__2026-08-08T15:04:40.165438+00:00,trigger,manual,,2,2026-08-09 00:04:47.184,2026-08-09 00:04:47.699,0,,2026-08-09,2026-08-10
3f,gpcc_mark_success,manual__2026-08-08T15:04:40.165438+00:00,check_mark_success,manual,,2,2026-08-09 00:04:50.886,2026-08-09 00:05:01.410,10,,2026-08-09,2026-08-10
3f,gpcc_mark_success,manual__2026-08-08T15:04:40.165438+00:00,done_api,manual,,2,2026-08-09 00:05:04.418,2026-08-09 00:05:05.037,0,,2026-08-09,2026-08-10
3f,gpcc_dd_transfer,scheduled__2026-08-07T16:00:00+00:00,start,scheduled,,2,2026-08-09 01:00:04.393,2026-08-09 01:00:05.062,0,,2026-08-09,2026-08-10
3f,gpcc_dd_transfer,scheduled__2026-08-07T16:00:00+00:00,trigger,scheduled,,2,2026-08-09 01:00:07.851,2026-08-09 01:00:08.919,1,,2026-08-09,2026-08-10
3f,gpcc_dd_transfer,scheduled__2026-08-07T16:00:00+00:00,transfer_table,scheduled,,2,2026-08-09 01:00:11.894,2026-08-09 01:03:18.640,186,,2026-08-09,2026-08-10
3f,gpcc_dd_transfer,scheduled__2026-08-07T16:00:00+00:00,unload_oo3f_rec_benefit_result,scheduled,,2,2026-08-09 01:03:21.591,2026-08-09 01:03:41.994,20,,2026-08-09,2026-08-10
3f,gpcc_dd_transfer,scheduled__2026-08-07T16:00:00+00:00,trigger_dq_check_mail,scheduled,,2,2026-08-09 01:03:21.789,2026-08-09 01:03:25.228,3,,2026-08-09,2026-08-10
3f,gpcc_dd_transfer,scheduled__2026-08-07T16:00:00+00:00,trigger_arbiter_transfer,scheduled,,2,2026-08-09 01:03:21.866,2026-08-09 01:03:22.452,0,,2026-08-09,2026-08-10
3f,gpcc_dq_mail,manual__2026-08-08T16:03:24.653598+00:00,start,manual,,2,2026-08-09 01:03:28.029,2026-08-09 01:03:28.721,0,,2026-08-09,2026-08-10
3f,gpcc_dq_mail,manual__2026-08-08T16:03:24.653598+00:00,trigger,manual,,2,2026-08-09 01:03:31.709,2026-08-09 01:03:32.534,0,,2026-08-09,2026-08-10
3f,gpcc_dq_mail,manual__2026-08-08T16:03:24.653598+00:00,unload_dq_candidate,manual,,2,2026-08-09 01:03:35.412,2026-08-09 01:04:18.602,43,,2026-08-09,2026-08-10
3f,gpcc_dq_mail,manual__2026-08-08T16:03:24.653598+00:00,unload_dq_check,manual,,2,2026-08-09 01:03:35.889,2026-08-09 01:07:09.311,213,,2026-08-09,2026-08-10
3f,gpcc_dd_transfer,scheduled__2026-08-07T16:00:00+00:00,sink_cms_transfer,scheduled,,2,2026-08-09 01:03:44.640,2026-08-09 01:15:48.485,723,,2026-08-09,2026-08-10
3f,gpcc_dq_mail,manual__2026-08-08T16:03:24.653598+00:00,DQcheck,manual,,2,2026-08-09 01:07:12.094,2026-08-09 01:17:50.567,638,,2026-08-09,2026-08-10
3f,gpcc_dd_transfer,scheduled__2026-08-07T16:00:00+00:00,done_api,scheduled,,2,2026-08-09 01:15:51.495,2026-08-09 01:15:52.163,0,,2026-08-09,2026-08-10
3f,gpcc_dq_mail,manual__2026-08-08T16:03:24.653598+00:00,save_dq_summary,manual,,2,2026-08-09 01:17:53.679,2026-08-09 01:22:54.979,301,,2026-08-09,2026-08-10
3f,gpcc_dq_mail,manual__2026-08-08T16:03:24.653598+00:00,dq_check_mail,manual,,2,2026-08-09 01:22:58.140,2026-08-09 01:24:13.033,74,,2026-08-09,2026-08-10
3f,gpcc_dq_mail,manual__2026-08-08T16:03:24.653598+00:00,done_api,manual,,2,2026-08-09 01:24:15.972,2026-08-09 01:24:16.761,0,,2026-08-09,2026-08-10
3f,temp_log_agg,scheduled__2026-08-08T03:00:00+00:00,start,scheduled,,2,2026-08-09 12:00:06.339,2026-08-09 12:00:07.391,1,,2026-08-09,2026-08-10
3f,temp_log_agg,scheduled__2026-08-08T03:00:00+00:00,trigger,scheduled,,2,2026-08-09 12:00:10.203,2026-08-09 12:00:10.675,0,,2026-08-09,2026-08-10
3f,temp_log_agg,scheduled__2026-08-08T03:00:00+00:00,load_log_agg,scheduled,,2,2026-08-09 12:00:13.323,2026-08-09 12:31:04.602,1851,,2026-08-09,2026-08-10
3f,temp_log_agg,scheduled__2026-08-08T03:00:00+00:00,save_log_agg,scheduled,,2,2026-08-09 12:31:07.249,2026-08-09 12:31:28.193,20,,2026-08-09,2026-08-10
3f,temp_log_agg,scheduled__2026-08-08T03:00:00+00:00,log_check_mail,scheduled,,2,2026-08-09 12:31:31.177,2026-08-09 12:31:37.504,6,,2026-08-09,2026-08-10
3f,temp_log_agg,scheduled__2026-08-08T03:00:00+00:00,done_api,scheduled,,2,2026-08-09 12:31:40.375,2026-08-09 12:31:41.061,0,,2026-08-09,2026-08-10
3f,GPCC_stage1_item_feature,scheduled__2026-08-08T10:00:00+00:00,start,scheduled,,2,2026-08-09 19:00:03.605,2026-08-09 19:00:04.702,1,,2026-08-09,2026-08-10
3f,GPCC_stage1_item_feature,scheduled__2026-08-08T10:00:00+00:00,trigger,scheduled,,2,2026-08-09 19:00:07.771,2026-08-09 19:00:08.686,0,,2026-08-09,2026-08-10
3f,GPCC_stage1_item_feature,scheduled__2026-08-08T10:00:00+00:00,make_pipeline_date,scheduled,,2,2026-08-09 19:00:11.503,2026-08-09 19:02:54.131,162,,2026-08-09,2026-08-10
3f,GPCC_stage1_item_feature,scheduled__2026-08-08T10:00:00+00:00,save_pipeline_date,scheduled,,2,2026-08-09 19:02:56.714,2026-08-09 19:03:35.667,38,,2026-08-09,2026-08-10
3f,GPCC_stage1_item_feature,scheduled__2026-08-08T10:00:00+00:00,load_item_meta,scheduled,,2,2026-08-09 19:03:38.896,2026-08-09 19:06:16.860,157,,2026-08-09,2026-08-10
3f,GPCC_stage1_item_feature,scheduled__2026-08-08T10:00:00+00:00,load_item_feature,scheduled,,2,2026-08-09 19:03:39.282,2026-08-09 19:07:33.912,234,,2026-08-09,2026-08-10
3f,GPCC_stage1_item_feature,scheduled__2026-08-08T10:00:00+00:00,load_log_parser,scheduled,,2,2026-08-09 19:03:39.450,2026-08-09 19:10:00.509,381,,2026-08-09,2026-08-10
3f,GPCC_stage1_item_feature,scheduled__2026-08-08T10:00:00+00:00,ItemMetaGenerator,scheduled,,2,2026-08-09 19:10:03.357,2026-08-09 19:14:26.642,263,,2026-08-09,2026-08-10
3f,GPCC_stage1_item_feature,scheduled__2026-08-08T10:00:00+00:00,LogGenerator,scheduled,,2,2026-08-09 19:14:29.517,2026-08-09 19:22:43.398,493,,2026-08-09,2026-08-10
3f,GPCC_stage1_item_feature,scheduled__2026-08-08T10:00:00+00:00,FT_ItemFeature,scheduled,,2,2026-08-09 19:22:46.122,2026-08-09 19:28:10.563,324,,2026-08-09,2026-08-10
3f,GPCC_stage1_item_feature,scheduled__2026-08-08T10:00:00+00:00,save_stage1_mart,scheduled,,2,2026-08-09 19:28:14.138,2026-08-09 19:37:20.953,546,,2026-08-09,2026-08-10
3f,GPCC_stage1_item_feature,scheduled__2026-08-08T10:00:00+00:00,trigger_gpcc_candidate,scheduled,,2,2026-08-09 19:37:23.944,2026-08-09 19:37:27.640,3,,2026-08-09,2026-08-10
3f,GPCC_stage2_select,manual__2026-08-09T10:37:27.001189+00:00,start,manual,,2,2026-08-09 19:37:31.042,2026-08-09 19:37:31.541,0,,2026-08-09,2026-08-10
3f,GPCC_stage1_item_feature,scheduled__2026-08-08T10:00:00+00:00,done_api,scheduled,,2,2026-08-09 19:37:31.128,2026-08-09 19:37:31.912,0,,2026-08-09,2026-08-10
3f,GPCC_stage2_select,manual__2026-08-09T10:37:27.001189+00:00,trigger,manual,,2,2026-08-09 19:37:35.060,2026-08-09 19:37:36.161,1,,2026-08-09,2026-08-10
3f,GPCC_stage2_select,manual__2026-08-09T10:37:27.001189+00:00,save_targeting,manual,,2,2026-08-09 19:37:39.251,2026-08-09 19:40:38.799,179,,2026-08-09,2026-08-10
3f,GPCC_stage2_select,manual__2026-08-09T10:37:27.001189+00:00,save_cs_size,manual,,2,2026-08-09 19:40:41.600,2026-08-09 19:41:39.238,57,,2026-08-09,2026-08-10
3f,GPCC_stage2_select,manual__2026-08-09T10:37:27.001189+00:00,check_c2p_cnt,manual,,2,2026-08-09 19:41:42.658,2026-08-09 19:42:06.211,23,,2026-08-09,2026-08-10
3f,GPCC_stage2_select,manual__2026-08-09T10:37:27.001189+00:00,save_all_c2p,manual,,1,2026-08-09 19:42:06.319,2026-08-09 19:42:06.319,0,,2026-08-09,2026-08-10
3f,GPCC_stage2_select,manual__2026-08-09T10:37:27.001189+00:00,load_dv_features,manual,,2,2026-08-09 19:42:09.499,2026-08-09 19:42:21.060,11,,2026-08-09,2026-08-10
3f,GPCC_stage2_select,manual__2026-08-09T10:37:27.001189+00:00,load_item_meta,manual,,2,2026-08-09 19:42:09.611,2026-08-09 19:42:22.183,12,,2026-08-09,2026-08-10
3f,GPCC_stage2_select,manual__2026-08-09T10:37:27.001189+00:00,load_user_features,manual,,2,2026-08-09 19:42:09.849,2026-08-09 19:42:40.663,30,,2026-08-09,2026-08-10
3f,GPCC_stage2_select,manual__2026-08-09T10:37:27.001189+00:00,load_item_emb_feat,manual,,2,2026-08-09 19:42:09.940,2026-08-09 19:42:21.618,11,,2026-08-09,2026-08-10
3f,GPCC_stage2_select,manual__2026-08-09T10:37:27.001189+00:00,load_user_lgcn_embs,manual,,2,2026-08-09 19:42:09.958,2026-08-09 19:42:43.057,33,,2026-08-09,2026-08-10
3f,GPCC_stage2_select,manual__2026-08-09T10:37:27.001189+00:00,load_item_lgcn_embs,manual,,2,2026-08-09 19:42:10.178,2026-08-09 19:42:21.718,11,,2026-08-09,2026-08-10
3f,GPCC_stage2_select,manual__2026-08-09T10:37:27.001189+00:00,task_prd_pl_inf_pl2mfl3101_v2,manual,,2,2026-08-09 19:42:45.994,2026-08-09 20:14:23.907,1897,,2026-08-09,2026-08-10
3f,gpcc_select_dq_mail,scheduled__2026-08-08T11:00:00+00:00,start,scheduled,,2,2026-08-09 20:00:05.233,2026-08-09 20:00:06.393,1,,2026-08-09,2026-08-10
3f,GPCC_stage2_select,manual__2026-08-09T10:37:27.001189+00:00,save_cs_result,manual,,2,2026-08-09 20:14:27.275,2026-08-09 20:16:06.907,99,,2026-08-09,2026-08-10
3f,GPCC_stage2_select,manual__2026-08-09T10:37:27.001189+00:00,save_gpcc,manual,,2,2026-08-09 20:16:09.752,2026-08-09 20:17:23.843,74,,2026-08-09,2026-08-10
3f,GPCC_stage2_select,manual__2026-08-09T10:37:27.001189+00:00,trigger_stage3,manual,,2,2026-08-09 20:17:27.042,2026-08-09 20:17:30.649,3,,2026-08-09,2026-08-10
3f,GPCC_stage3_interaction_feautre,manual__2026-08-09T11:17:29.984490+00:00,start,manual,,2,2026-08-09 20:17:33.112,2026-08-09 20:17:33.708,0,,2026-08-09,2026-08-10
3f,GPCC_stage2_select,manual__2026-08-09T10:37:27.001189+00:00,done_api,manual,,2,2026-08-09 20:17:34.137,2026-08-09 20:17:34.862,0,,2026-08-09,2026-08-10
3f,GPCC_stage3_interaction_feautre,manual__2026-08-09T11:17:29.984490+00:00,trigger,manual,,2,2026-08-09 20:17:37.180,2026-08-09 20:17:37.801,0,,2026-08-09,2026-08-10
3f,GPCC_stage3_interaction_feautre,manual__2026-08-09T11:17:29.984490+00:00,load_rec_target,manual,,2,2026-08-09 20:17:41.149,2026-08-09 20:18:20.332,39,,2026-08-09,2026-08-10
3f,GPCC_stage3_interaction_feautre,manual__2026-08-09T11:17:29.984490+00:00,load_interaction_feature,manual,,2,2026-08-09 20:17:41.224,2026-08-09 20:23:37.036,355,,2026-08-09,2026-08-10
3f,gpcc_select_dq_mail,scheduled__2026-08-08T11:00:00+00:00,trigger,scheduled,,2,2026-08-09 20:20:44.293,2026-08-09 20:20:45.079,0,,2026-08-09,2026-08-10
3f,gpcc_select_dq_mail,scheduled__2026-08-08T11:00:00+00:00,save_input_summary,scheduled,,2,2026-08-09 20:20:47.858,2026-08-09 20:21:28.223,40,,2026-08-09,2026-08-10
3f,gpcc_select_dq_mail,scheduled__2026-08-08T11:00:00+00:00,save_select_wf,scheduled,,2,2026-08-09 20:20:48.944,2026-08-09 20:21:32.276,43,,2026-08-09,2026-08-10
3f,gpcc_select_dq_mail,scheduled__2026-08-08T11:00:00+00:00,dq_mail,scheduled,,2,2026-08-09 20:21:34.873,2026-08-09 20:21:46.604,11,,2026-08-09,2026-08-10
3f,gpcc_select_dq_mail,scheduled__2026-08-08T11:00:00+00:00,done_api,scheduled,,2,2026-08-09 20:21:49.765,2026-08-09 20:21:50.259,0,,2026-08-09,2026-08-10
3f,GPCC_stage3_interaction_feautre,manual__2026-08-09T11:17:29.984490+00:00,FT_InteractionFeature,manual,,2,2026-08-09 20:23:39.732,2026-08-09 20:32:19.946,520,,2026-08-09,2026-08-10
3f,GPCC_stage3_interaction_feautre,manual__2026-08-09T11:17:29.984490+00:00,save_inter_feature,manual,,2,2026-08-09 20:32:23.458,2026-08-09 20:37:47.701,324,,2026-08-09,2026-08-10
3f,GPCC_stage3_interaction_feautre,manual__2026-08-09T11:17:29.984490+00:00,unload_shared_ft_features,manual,,2,2026-08-09 20:37:51.064,2026-08-09 20:38:41.499,50,,2026-08-09,2026-08-10
3f,GPCC_stage3_interaction_feautre,manual__2026-08-09T11:17:29.984490+00:00,trigger_gv_tgps_bsis,manual,,2,2026-08-09 20:38:44.175,2026-08-09 20:38:48.463,4,,2026-08-09,2026-08-10
3f,GPCC_stage3_interaction_feautre,manual__2026-08-09T11:17:29.984490+00:00,trigger_gv_cntn_info,manual,,2,2026-08-09 20:38:51.022,2026-08-09 20:38:55.880,4,,2026-08-09,2026-08-10
3f,GPCC_stage3_interaction_feautre,manual__2026-08-09T11:17:29.984490+00:00,trigger_gv_cust_bhve_info,manual,,2,2026-08-09 20:38:59.399,2026-08-09 20:39:03.277,3,,2026-08-09,2026-08-10
3f,GPCC_stage3_interaction_feautre,manual__2026-08-09T11:17:29.984490+00:00,preproc_end_alert,manual,,2,2026-08-09 20:39:06.281,2026-08-09 20:39:07.094,0,,2026-08-09,2026-08-10
3f,GPCC_stage3_interaction_feautre,manual__2026-08-09T11:17:29.984490+00:00,done_api,manual,,2,2026-08-09 20:39:09.570,2026-08-09 20:39:10.359,0,,2026-08-09,2026-08-10
3f,GPCC_mthly_execute_trigger,scheduled__2026-08-08T12:30:00+00:00,start,scheduled,,2,2026-08-09 21:30:06.964,2026-08-09 21:30:07.807,0,,2026-08-09,2026-08-10
3f,GPCC_mthly_execute_trigger,scheduled__2026-08-08T12:30:00+00:00,trigger,scheduled,,2,2026-08-09 21:30:11.343,2026-08-09 21:30:11.735,0,,2026-08-09,2026-08-10
3f,GPCC_mthly_execute_trigger,scheduled__2026-08-08T12:30:00+00:00,trigger_execute_date,scheduled,,2,2026-08-09 21:30:14.972,2026-08-09 21:30:22.622,7,,2026-08-09,2026-08-10
3f,GPCC_mthly_execute_trigger,scheduled__2026-08-08T12:30:00+00:00,fail_empty_mail,scheduled,,1,2026-08-09 21:30:22.825,2026-08-09 21:30:22.825,0,,2026-08-09,2026-08-10
3f,GPCC_mthly_execute_trigger,scheduled__2026-08-08T12:30:00+00:00,trigger_mthly_rec_result,scheduled,,2,2026-08-09 21:30:25.581,2026-08-09 21:30:29.491,3,,2026-08-09,2026-08-10
3f,GPCC_mthly_execute_trigger,scheduled__2026-08-08T12:30:00+00:00,done_api,scheduled,,2,2026-08-09 21:30:31.992,2026-08-09 21:30:32.728,0,,2026-08-09,2026-08-10
3f,GPCC_mthly_rec_result,manual__2026-08-09T12:30:29.007255+00:00,start,manual,,2,2026-08-09 21:30:32.085,2026-08-09 21:30:32.880,0,,2026-08-09,2026-08-10
3f,GPCC_mthly_rec_result,manual__2026-08-09T12:30:29.007255+00:00,trigger,manual,,2,2026-08-09 21:30:35.518,2026-08-09 21:30:36.074,0,,2026-08-09,2026-08-10
3f,GPCC_mthly_rec_result,manual__2026-08-09T12:30:29.007255+00:00,make_pipeline_date,manual,,2,2026-08-09 21:30:39.530,2026-08-09 21:33:31.427,171,,2026-08-09,2026-08-10
3f,GPCC_mthly_rec_result,manual__2026-08-09T12:30:29.007255+00:00,load_rec_target,manual,,2,2026-08-09 21:33:34.759,2026-08-09 21:34:46.189,71,,2026-08-09,2026-08-10
3f,GPCC_mthly_rec_result,manual__2026-08-09T12:30:29.007255+00:00,mk_mthly_rec_result,manual,,2,2026-08-09 21:34:49.212,2026-08-09 21:44:58.145,608,,2026-08-09,2026-08-10
3f,GPCC_mthly_rec_result,manual__2026-08-09T12:30:29.007255+00:00,save_rec_result,manual,,2,2026-08-09 21:45:00.827,2026-08-09 21:50:04.072,303,,2026-08-09,2026-08-10
3f,GPCC_mthly_rec_result,manual__2026-08-09T12:30:29.007255+00:00,mthly_dq_check,manual,,2,2026-08-09 21:50:07.542,2026-08-09 21:52:31.005,143,,2026-08-09,2026-08-10
3f,GPCC_mthly_rec_result,manual__2026-08-09T12:30:29.007255+00:00,dq_check_mail,manual,,2,2026-08-09 21:52:34.421,2026-08-09 21:52:40.697,6,,2026-08-09,2026-08-10
3f,GPCC_mthly_rec_result,manual__2026-08-09T12:30:29.007255+00:00,done_api,manual,,2,2026-08-09 21:52:43.410,2026-08-09 21:52:44.017,0,,2026-08-09,2026-08-10
3f,duplicate_ft_result_check,scheduled__2026-08-08T14:40:00+00:00,start,scheduled,,2,2026-08-09 23:40:04.528,2026-08-09 23:40:05.131,0,,2026-08-09,2026-08-10
3f,GPCC_stage4_post_proc,scheduled__2026-08-08T14:40:00+00:00,start,scheduled,,2,2026-08-09 23:40:04.872,2026-08-09 23:40:05.554,0,,2026-08-09,2026-08-10
3f,duplicate_ft_result_check,scheduled__2026-08-08T14:40:00+00:00,trigger,scheduled,,2,2026-08-09 23:49:38.647,2026-08-09 23:49:39.225,0,,2026-08-09,2026-08-10
3f,GPCC_stage4_post_proc,scheduled__2026-08-08T14:40:00+00:00,trigger,scheduled,,2,2026-08-09 23:49:39.099,2026-08-09 23:49:39.908,0,,2026-08-09,2026-08-10
3f,duplicate_ft_result_check,scheduled__2026-08-08T14:40:00+00:00,check_duplicate,scheduled,,2,2026-08-09 23:49:42.566,2026-08-09 23:50:23.068,40,,2026-08-09,2026-08-10
3f,GPCC_stage4_post_proc,scheduled__2026-08-08T14:40:00+00:00,check_duplicate,scheduled,,2,2026-08-09 23:49:43.349,2026-08-09 23:50:07.619,24,,2026-08-09,2026-08-10
3f,GPCC_stage4_post_proc,scheduled__2026-08-08T14:40:00+00:00,load_rec_result,scheduled,,2,2026-08-09 23:50:10.172,2026-08-09 23:51:49.189,99,,2026-08-09,2026-08-10
3f,duplicate_ft_result_check,scheduled__2026-08-08T14:40:00+00:00,ft_result_dup_check_mail,scheduled,,2,2026-08-09 23:50:25.767,2026-08-09 23:50:31.878,6,,2026-08-09,2026-08-10
3f,duplicate_ft_result_check,scheduled__2026-08-08T14:40:00+00:00,done_api,scheduled,,2,2026-08-09 23:50:35.330,2026-08-09 23:50:35.905,0,,2026-08-09,2026-08-10
3f,GPCC_stage4_post_proc,scheduled__2026-08-08T14:40:00+00:00,RecResult,scheduled,,2,2026-08-09 23:51:51.946,2026-08-09 23:58:18.824,386,,2026-08-09,2026-08-10
3f,GPCC_stage4_post_proc,scheduled__2026-08-08T14:40:00+00:00,save_rec_result,scheduled,,2,2026-08-09 23:58:22.369,2026-08-10 00:02:47.631,265,,2026-08-10,2026-08-11
3f,GPCC_stage4_post_proc,scheduled__2026-08-08T14:40:00+00:00,check_dd_rec_result,scheduled,,2,2026-08-10 00:02:50.527,2026-08-10 00:03:14.258,23,,2026-08-10,2026-08-11
3f,GPCC_stage4_post_proc,scheduled__2026-08-08T14:40:00+00:00,trigger_mark_success_all_success,scheduled,,2,2026-08-10 00:03:17.284,2026-08-10 00:03:20.113,2,,2026-08-10,2026-08-11
3f,GPCC_stage4_post_proc,scheduled__2026-08-08T14:40:00+00:00,trigger_sg_workflow_if_one_failed,scheduled,,1,2026-08-10 00:03:20.211,2026-08-10 00:03:20.211,0,,2026-08-10,2026-08-11
3f,GPCC_stage4_post_proc,scheduled__2026-08-08T14:40:00+00:00,done_api,scheduled,,1,2026-08-10 00:03:20.357,2026-08-10 00:03:20.357,0,,2026-08-10,2026-08-11
3f,gpcc_mark_success,manual__2026-08-09T15:03:19.443594+00:00,start,manual,,2,2026-08-10 00:03:23.120,2026-08-10 00:03:23.831,0,,2026-08-10,2026-08-11
3f,gpcc_mark_success,manual__2026-08-09T15:03:19.443594+00:00,trigger,manual,,2,2026-08-10 00:03:26.387,2026-08-10 00:03:26.909,0,,2026-08-10,2026-08-11
3f,gpcc_mark_success,manual__2026-08-09T15:03:19.443594+00:00,check_mark_success,manual,,2,2026-08-10 00:03:30.235,2026-08-10 00:03:45.277,15,,2026-08-10,2026-08-11
3f,gpcc_mark_success,manual__2026-08-09T15:03:19.443594+00:00,done_api,manual,,2,2026-08-10 00:03:48.542,2026-08-10 00:03:49.080,0,,2026-08-10,2026-08-11
3f,gpcc_dd_transfer,scheduled__2026-08-08T16:00:00+00:00,start,scheduled,,2,2026-08-10 01:00:06.587,2026-08-10 01:00:07.245,0,,2026-08-10,2026-08-11
3f,gpcc_dd_transfer,scheduled__2026-08-08T16:00:00+00:00,trigger,scheduled,,2,2026-08-10 01:00:10.927,2026-08-10 01:00:11.897,0,,2026-08-10,2026-08-11
3f,gpcc_dd_transfer,scheduled__2026-08-08T16:00:00+00:00,transfer_table,scheduled,,2,2026-08-10 01:00:14.959,2026-08-10 01:03:31.488,196,,2026-08-10,2026-08-11
3f,gpcc_dd_transfer,scheduled__2026-08-08T16:00:00+00:00,unload_oo3f_rec_benefit_result,scheduled,,2,2026-08-10 01:03:34.175,2026-08-10 01:03:55.670,21,,2026-08-10,2026-08-11
3f,gpcc_dd_transfer,scheduled__2026-08-08T16:00:00+00:00,trigger_arbiter_transfer,scheduled,,2,2026-08-10 01:03:34.820,2026-08-10 01:03:35.399,0,,2026-08-10,2026-08-11
3f,gpcc_dd_transfer,scheduled__2026-08-08T16:00:00+00:00,trigger_dq_check_mail,scheduled,,2,2026-08-10 01:03:35.411,2026-08-10 01:03:38.961,3,,2026-08-10,2026-08-11
3f,gpcc_dq_mail,manual__2026-08-09T16:03:38.432269+00:00,start,manual,,2,2026-08-10 01:03:41.268,2026-08-10 01:03:41.930,0,,2026-08-10,2026-08-11
3f,gpcc_dq_mail,manual__2026-08-09T16:03:38.432269+00:00,trigger,manual,,2,2026-08-10 01:03:44.570,2026-08-10 01:03:45.406,0,,2026-08-10,2026-08-11
3f,gpcc_dq_mail,manual__2026-08-09T16:03:38.432269+00:00,unload_dq_candidate,manual,,2,2026-08-10 01:03:48.281,2026-08-10 01:04:31.822,43,,2026-08-10,2026-08-11
3f,gpcc_dq_mail,manual__2026-08-09T16:03:38.432269+00:00,unload_dq_check,manual,,2,2026-08-10 01:03:48.946,2026-08-10 01:07:08.779,199,,2026-08-10,2026-08-11
3f,gpcc_dd_transfer,scheduled__2026-08-08T16:00:00+00:00,sink_cms_transfer,scheduled,,2,2026-08-10 01:03:58.679,2026-08-10 01:17:34.437,815,,2026-08-10,2026-08-11
3f,gpcc_dq_mail,manual__2026-08-09T16:03:38.432269+00:00,DQcheck,manual,,2,2026-08-10 01:07:12.185,2026-08-10 01:17:08.855,596,,2026-08-10,2026-08-11
3f,gpcc_dq_mail,manual__2026-08-09T16:03:38.432269+00:00,save_dq_summary,manual,,2,2026-08-10 01:17:11.818,2026-08-10 01:21:23.227,251,,2026-08-10,2026-08-11
3f,gpcc_dd_transfer,scheduled__2026-08-08T16:00:00+00:00,done_api,scheduled,,2,2026-08-10 01:17:37.970,2026-08-10 01:17:38.479,0,,2026-08-10,2026-08-11
3f,gpcc_dq_mail,manual__2026-08-09T16:03:38.432269+00:00,dq_check_mail,manual,,2,2026-08-10 01:21:26.039,2026-08-10 01:22:35.226,69,,2026-08-10,2026-08-11
3f,gpcc_dq_mail,manual__2026-08-09T16:03:38.432269+00:00,done_api,manual,,2,2026-08-10 01:22:38.441,2026-08-10 01:22:39.119,0,,2026-08-10,2026-08-11
3f,GPCC_train,scheduled__2026-08-05T21:00:00+00:00,start,scheduled,,2,2026-08-10 06:00:03.485,2026-08-10 06:00:04.170,0,,2026-08-10,2026-08-11
3f,GPCC_train,scheduled__2026-08-05T21:00:00+00:00,trigger,scheduled,,2,2026-08-10 06:00:07.044,2026-08-10 06:00:07.651,0,,2026-08-10,2026-08-11
3f,GPCC_train,scheduled__2026-08-05T21:00:00+00:00,load_user_features_inf,scheduled,,2,2026-08-10 06:00:10.556,2026-08-10 06:02:10.348,119,,2026-08-10,2026-08-11
3f,GPCC_train,scheduled__2026-08-05T21:00:00+00:00,load_user_features,scheduled,,2,2026-08-10 06:00:11.664,2026-08-10 06:01:03.210,51,,2026-08-10,2026-08-11
3f,GPCC_train,scheduled__2026-08-05T21:00:00+00:00,load_item_meta,scheduled,,2,2026-08-10 06:00:11.723,2026-08-10 06:00:45.890,34,,2026-08-10,2026-08-11
3f,GPCC_train,scheduled__2026-08-05T21:00:00+00:00,load_item_emb_feat,scheduled,,2,2026-08-10 06:00:12.198,2026-08-10 06:00:25.341,13,,2026-08-10,2026-08-11
3f,GPCC_train,scheduled__2026-08-05T21:00:00+00:00,load_interaction,scheduled,,2,2026-08-10 06:00:12.403,2026-08-10 06:00:46.521,34,,2026-08-10,2026-08-11
3f,GPCC_train,scheduled__2026-08-05T21:00:00+00:00,task_prd_pl_trn_pl2mfl3101_v2,scheduled,,2,2026-08-10 06:02:13.248,2026-08-10 09:48:08.088,13554,,2026-08-10,2026-08-11
3f,GPCC_train,scheduled__2026-08-05T21:00:00+00:00,save_cntn_lgcn_emb,scheduled,,2,2026-08-10 09:48:11.024,2026-08-10 09:49:18.884,67,,2026-08-10,2026-08-11
3f,GPCC_train,scheduled__2026-08-05T21:00:00+00:00,save_user_lgcn_emb,scheduled,,2,2026-08-10 09:48:11.359,2026-08-10 09:50:22.249,130,,2026-08-10,2026-08-11
3f,GPCC_train,scheduled__2026-08-05T21:00:00+00:00,save_item_cntn_emb,scheduled,,2,2026-08-10 09:48:11.833,2026-08-10 09:48:54.999,43,,2026-08-10,2026-08-11
3f,GPCC_train,scheduled__2026-08-05T21:00:00+00:00,save_train_date,scheduled,,2,2026-08-10 09:50:25.159,2026-08-10 09:50:36.169,11,,2026-08-10,2026-08-11
3f,GPCC_train,scheduled__2026-08-05T21:00:00+00:00,trigger_dq,scheduled,,2,2026-08-10 09:50:39.386,2026-08-10 09:50:41.661,2,,2026-08-10,2026-08-11
3f,GPCC_train,scheduled__2026-08-05T21:00:00+00:00,done_api,scheduled,,2,2026-08-10 09:50:44.610,2026-08-10 09:50:45.217,0,,2026-08-10,2026-08-11
3f,gpcc_train_dq_mail,manual__2026-08-10T00:50:41.069471+00:00,start,manual,,2,2026-08-10 09:50:44.702,2026-08-10 09:50:45.356,0,,2026-08-10,2026-08-11
3f,gpcc_train_dq_mail,manual__2026-08-10T00:50:41.069471+00:00,trigger,manual,,2,2026-08-10 09:50:47.908,2026-08-10 09:50:48.377,0,,2026-08-10,2026-08-11
3f,gpcc_train_dq_mail,manual__2026-08-10T00:50:41.069471+00:00,save_train_result,manual,,2,2026-08-10 09:50:51.038,2026-08-10 09:51:30.115,39,,2026-08-10,2026-08-11
3f,gpcc_train_dq_mail,manual__2026-08-10T00:50:41.069471+00:00,dq_mail,manual,,2,2026-08-10 09:51:32.878,2026-08-10 09:51:39.496,6,,2026-08-10,2026-08-11
3f,gpcc_train_dq_mail,manual__2026-08-10T00:50:41.069471+00:00,done_api,manual,,2,2026-08-10 09:51:42.445,2026-08-10 09:51:42.948,0,,2026-08-10,2026-08-11
3f,gpcc_train_dq_mail,scheduled__2026-08-06T02:30:00+00:00,start,scheduled,,2,2026-08-10 11:30:06.432,2026-08-10 11:30:07.164,0,,2026-08-10,2026-08-11
3f,gpcc_train_dq_mail,scheduled__2026-08-06T02:30:00+00:00,trigger,scheduled,,2,2026-08-10 11:30:10.296,2026-08-10 11:30:10.717,0,,2026-08-10,2026-08-11
3f,gpcc_train_dq_mail,scheduled__2026-08-06T02:30:00+00:00,save_train_result,scheduled,,2,2026-08-10 11:30:14.100,2026-08-10 11:30:49.767,35,,2026-08-10,2026-08-11
3f,gpcc_train_dq_mail,scheduled__2026-08-06T02:30:00+00:00,dq_mail,scheduled,,2,2026-08-10 11:30:53.080,2026-08-10 11:30:58.900,5,,2026-08-10,2026-08-11
3f,gpcc_train_dq_mail,scheduled__2026-08-06T02:30:00+00:00,done_api,scheduled,,2,2026-08-10 11:31:02.259,2026-08-10 11:31:02.934,0,,2026-08-10,2026-08-11
3f,temp_log_agg,scheduled__2026-08-09T03:00:00+00:00,start,scheduled,,2,2026-08-10 12:00:04.577,2026-08-10 12:00:05.612,1,,2026-08-10,2026-08-11
3f,temp_log_agg,scheduled__2026-08-09T03:00:00+00:00,trigger,scheduled,,2,2026-08-10 12:00:08.975,2026-08-10 12:00:09.493,0,,2026-08-10,2026-08-11
3f,temp_log_agg,scheduled__2026-08-09T03:00:00+00:00,load_log_agg,scheduled,,2,2026-08-10 12:00:12.893,2026-08-10 12:28:35.346,1702,,2026-08-10,2026-08-11
3f,temp_log_agg,scheduled__2026-08-09T03:00:00+00:00,save_log_agg,scheduled,,2,2026-08-10 12:28:38.451,2026-08-10 12:28:58.358,19,,2026-08-10,2026-08-11
3f,temp_log_agg,scheduled__2026-08-09T03:00:00+00:00,log_check_mail,scheduled,,2,2026-08-10 12:29:01.306,2026-08-10 12:29:07.400,6,,2026-08-10,2026-08-11
3f,temp_log_agg,scheduled__2026-08-09T03:00:00+00:00,done_api,scheduled,,2,2026-08-10 12:29:10.296,2026-08-10 12:29:10.871,0,,2026-08-10,2026-08-11
3f,GPCC_stage1_item_feature,scheduled__2026-08-09T10:00:00+00:00,start,scheduled,,2,2026-08-10 19:00:05.338,2026-08-10 19:00:06.401,1,,2026-08-10,2026-08-11
3f,GPCC_stage1_item_feature,scheduled__2026-08-09T10:00:00+00:00,trigger,scheduled,,2,2026-08-10 19:00:09.004,2026-08-10 19:00:09.889,0,,2026-08-10,2026-08-11
3f,GPCC_stage1_item_feature,scheduled__2026-08-09T10:00:00+00:00,make_pipeline_date,scheduled,,2,2026-08-10 19:00:12.977,2026-08-10 19:03:30.739,197,,2026-08-10,2026-08-11
3f,GPCC_stage1_item_feature,scheduled__2026-08-09T10:00:00+00:00,save_pipeline_date,scheduled,,2,2026-08-10 19:03:34.372,2026-08-10 19:04:17.663,43,,2026-08-10,2026-08-11
3f,GPCC_stage1_item_feature,scheduled__2026-08-09T10:00:00+00:00,load_item_meta,scheduled,,2,2026-08-10 19:04:21.039,2026-08-10 19:06:54.701,153,,2026-08-10,2026-08-11
3f,GPCC_stage1_item_feature,scheduled__2026-08-09T10:00:00+00:00,load_log_parser,scheduled,,2,2026-08-10 19:04:21.189,2026-08-10 19:11:39.729,438,,2026-08-10,2026-08-11
3f,GPCC_stage1_item_feature,scheduled__2026-08-09T10:00:00+00:00,load_item_feature,scheduled,,2,2026-08-10 19:04:21.222,2026-08-10 19:08:51.989,270,,2026-08-10,2026-08-11
3f,GPCC_stage1_item_feature,scheduled__2026-08-09T10:00:00+00:00,ItemMetaGenerator,scheduled,,2,2026-08-10 19:11:43.206,2026-08-10 19:16:27.822,284,,2026-08-10,2026-08-11
3f,GPCC_stage1_item_feature,scheduled__2026-08-09T10:00:00+00:00,LogGenerator,scheduled,,2,2026-08-10 19:16:30.908,2026-08-10 19:25:23.124,532,,2026-08-10,2026-08-11
3f,GPCC_stage1_item_feature,scheduled__2026-08-09T10:00:00+00:00,FT_ItemFeature,scheduled,,2,2026-08-10 19:25:26.022,2026-08-10 19:31:31.348,365,,2026-08-10,2026-08-11
3f,GPCC_stage1_item_feature,scheduled__2026-08-09T10:00:00+00:00,save_stage1_mart,scheduled,,2,2026-08-10 19:31:34.513,2026-08-10 19:40:56.761,562,,2026-08-10,2026-08-11
3f,GPCC_stage1_item_feature,scheduled__2026-08-09T10:00:00+00:00,trigger_gpcc_candidate,scheduled,,2,2026-08-10 19:41:00.387,2026-08-10 19:41:03.894,3,,2026-08-10,2026-08-11
3f,GPCC_stage1_item_feature,scheduled__2026-08-09T10:00:00+00:00,done_api,scheduled,,2,2026-08-10 19:41:06.214,2026-08-10 19:41:06.907,0,,2026-08-10,2026-08-11
3f,GPCC_stage2_select,manual__2026-08-10T10:41:03.189359+00:00,start,manual,,2,2026-08-10 19:41:06.503,2026-08-10 19:41:07.007,0,,2026-08-10,2026-08-11
3f,GPCC_stage2_select,manual__2026-08-10T10:41:03.189359+00:00,trigger,manual,,2,2026-08-10 19:41:10.608,2026-08-10 19:41:11.667,1,,2026-08-10,2026-08-11
3f,GPCC_stage2_select,manual__2026-08-10T10:41:03.189359+00:00,save_targeting,manual,,2,2026-08-10 19:41:15.049,2026-08-10 19:44:14.367,179,,2026-08-10,2026-08-11
3f,GPCC_stage2_select,manual__2026-08-10T10:41:03.189359+00:00,save_cs_size,manual,,2,2026-08-10 19:44:17.474,2026-08-10 19:45:14.644,57,,2026-08-10,2026-08-11
3f,GPCC_stage2_select,manual__2026-08-10T10:41:03.189359+00:00,check_c2p_cnt,manual,,2,2026-08-10 19:45:18.148,2026-08-10 19:45:43.495,25,,2026-08-10,2026-08-11
3f,GPCC_stage2_select,manual__2026-08-10T10:41:03.189359+00:00,save_all_c2p,manual,,1,2026-08-10 19:45:43.575,2026-08-10 19:45:43.575,0,,2026-08-10,2026-08-11
3f,GPCC_stage2_select,manual__2026-08-10T10:41:03.189359+00:00,load_user_features,manual,,2,2026-08-10 19:45:46.054,2026-08-10 19:46:23.020,36,,2026-08-10,2026-08-11
3f,GPCC_stage2_select,manual__2026-08-10T10:41:03.189359+00:00,load_user_lgcn_embs,manual,,2,2026-08-10 19:45:46.676,2026-08-10 19:46:19.223,32,,2026-08-10,2026-08-11
3f,GPCC_stage2_select,manual__2026-08-10T10:41:03.189359+00:00,load_item_lgcn_embs,manual,,2,2026-08-10 19:45:46.714,2026-08-10 19:45:58.656,11,,2026-08-10,2026-08-11
3f,GPCC_stage2_select,manual__2026-08-10T10:41:03.189359+00:00,load_dv_features,manual,,2,2026-08-10 19:45:46.776,2026-08-10 19:45:58.650,11,,2026-08-10,2026-08-11
3f,GPCC_stage2_select,manual__2026-08-10T10:41:03.189359+00:00,load_item_meta,manual,,2,2026-08-10 19:45:46.867,2026-08-10 19:45:59.209,12,,2026-08-10,2026-08-11
3f,GPCC_stage2_select,manual__2026-08-10T10:41:03.189359+00:00,load_item_emb_feat,manual,,2,2026-08-10 19:45:47.238,2026-08-10 19:45:59.859,12,,2026-08-10,2026-08-11
3f,GPCC_stage2_select,manual__2026-08-10T10:41:03.189359+00:00,task_prd_pl_inf_pl2mfl3101_v2,manual,,2,2026-08-10 19:46:25.805,2026-08-10 20:20:02.608,2016,,2026-08-10,2026-08-11
3f,gpcc_select_dq_mail,scheduled__2026-08-09T11:00:00+00:00,start,scheduled,,2,2026-08-10 20:00:05.824,2026-08-10 20:00:06.910,1,,2026-08-10,2026-08-11
3f,GPCC_stage2_select,manual__2026-08-10T10:41:03.189359+00:00,save_cs_result,manual,,2,2026-08-10 20:20:06.169,2026-08-10 20:21:54.660,108,,2026-08-10,2026-08-11
3f,gpcc_select_dq_mail,scheduled__2026-08-09T11:00:00+00:00,trigger,scheduled,,2,2026-08-10 20:20:19.761,2026-08-10 20:20:20.602,0,,2026-08-10,2026-08-11
3f,gpcc_select_dq_mail,scheduled__2026-08-09T11:00:00+00:00,save_input_summary,scheduled,,2,2026-08-10 20:20:24.024,2026-08-10 20:21:05.766,41,,2026-08-10,2026-08-11
3f,gpcc_select_dq_mail,scheduled__2026-08-09T11:00:00+00:00,save_select_wf,scheduled,,2,2026-08-10 20:20:24.249,2026-08-10 20:21:09.304,45,,2026-08-10,2026-08-11
3f,gpcc_select_dq_mail,scheduled__2026-08-09T11:00:00+00:00,dq_mail,scheduled,,2,2026-08-10 20:21:12.433,2026-08-10 20:21:24.354,11,,2026-08-10,2026-08-11
3f,gpcc_select_dq_mail,scheduled__2026-08-09T11:00:00+00:00,done_api,scheduled,,2,2026-08-10 20:21:27.736,2026-08-10 20:21:28.192,0,,2026-08-10,2026-08-11
3f,GPCC_stage2_select,manual__2026-08-10T10:41:03.189359+00:00,save_gpcc,manual,,2,2026-08-10 20:21:58.260,2026-08-10 20:23:14.770,76,,2026-08-10,2026-08-11
3f,GPCC_stage2_select,manual__2026-08-10T10:41:03.189359+00:00,trigger_stage3,manual,,2,2026-08-10 20:23:17.446,2026-08-10 20:23:20.991,3,,2026-08-10,2026-08-11
3f,GPCC_stage2_select,manual__2026-08-10T10:41:03.189359+00:00,done_api,manual,,2,2026-08-10 20:23:24.172,2026-08-10 20:23:24.681,0,,2026-08-10,2026-08-11
3f,GPCC_stage3_interaction_feautre,manual__2026-08-10T11:23:20.513161+00:00,start,manual,,2,2026-08-10 20:23:24.216,2026-08-10 20:23:24.842,0,,2026-08-10,2026-08-11
3f,GPCC_stage3_interaction_feautre,manual__2026-08-10T11:23:20.513161+00:00,trigger,manual,,2,2026-08-10 20:23:27.760,2026-08-10 20:23:28.332,0,,2026-08-10,2026-08-11
3f,GPCC_stage3_interaction_feautre,manual__2026-08-10T11:23:20.513161+00:00,load_interaction_feature,manual,,2,2026-08-10 20:23:31.314,2026-08-10 20:29:01.216,329,,2026-08-10,2026-08-11
3f,GPCC_stage3_interaction_feautre,manual__2026-08-10T11:23:20.513161+00:00,load_rec_target,manual,,2,2026-08-10 20:23:32.437,2026-08-10 20:24:12.349,39,,2026-08-10,2026-08-11
3f,GPCC_stage3_interaction_feautre,manual__2026-08-10T11:23:20.513161+00:00,FT_InteractionFeature,manual,,2,2026-08-10 20:29:04.253,2026-08-10 20:37:40.774,516,,2026-08-10,2026-08-11
3f,GPCC_stage3_interaction_feautre,manual__2026-08-10T11:23:20.513161+00:00,save_inter_feature,manual,,2,2026-08-10 20:37:43.923,2026-08-10 20:43:14.157,330,,2026-08-10,2026-08-11
3f,GPCC_stage3_interaction_feautre,manual__2026-08-10T11:23:20.513161+00:00,unload_shared_ft_features,manual,,2,2026-08-10 20:43:17.361,2026-08-10 20:44:09.241,51,,2026-08-10,2026-08-11
3f,GPCC_stage3_interaction_feautre,manual__2026-08-10T11:23:20.513161+00:00,trigger_gv_tgps_bsis,manual,,2,2026-08-10 20:44:11.840,2026-08-10 20:44:15.675,3,,2026-08-10,2026-08-11
3f,GPCC_stage3_interaction_feautre,manual__2026-08-10T11:23:20.513161+00:00,trigger_gv_cntn_info,manual,,2,2026-08-10 20:44:18.561,2026-08-10 20:44:23.227,4,,2026-08-10,2026-08-11
3f,GPCC_stage3_interaction_feautre,manual__2026-08-10T11:23:20.513161+00:00,trigger_gv_cust_bhve_info,manual,,2,2026-08-10 20:44:26.842,2026-08-10 20:44:30.865,4,,2026-08-10,2026-08-11
3f,GPCC_stage3_interaction_feautre,manual__2026-08-10T11:23:20.513161+00:00,preproc_end_alert,manual,,2,2026-08-10 20:44:34.214,2026-08-10 20:44:35.022,0,,2026-08-10,2026-08-11
3f,GPCC_stage3_interaction_feautre,manual__2026-08-10T11:23:20.513161+00:00,done_api,manual,,2,2026-08-10 20:44:37.824,2026-08-10 20:44:38.398,0,,2026-08-10,2026-08-11
3f,GPCC_mthly_execute_trigger,scheduled__2026-08-09T12:30:00+00:00,start,scheduled,,2,2026-08-10 21:30:06.978,2026-08-10 21:30:07.742,0,,2026-08-10,2026-08-11
3f,GPCC_mthly_execute_trigger,scheduled__2026-08-09T12:30:00+00:00,trigger,scheduled,,2,2026-08-10 21:30:10.748,2026-08-10 21:30:11.155,0,,2026-08-10,2026-08-11
3f,GPCC_mthly_execute_trigger,scheduled__2026-08-09T12:30:00+00:00,trigger_execute_date,scheduled,,2,2026-08-10 21:30:14.114,2026-08-10 21:30:23.750,9,,2026-08-10,2026-08-11
3f,GPCC_mthly_execute_trigger,scheduled__2026-08-09T12:30:00+00:00,fail_empty_mail,scheduled,,1,2026-08-10 21:30:23.961,2026-08-10 21:30:23.961,0,,2026-08-10,2026-08-11
3f,GPCC_mthly_execute_trigger,scheduled__2026-08-09T12:30:00+00:00,trigger_mthly_rec_result,scheduled,,2,2026-08-10 21:30:27.366,2026-08-10 21:30:30.831,3,,2026-08-10,2026-08-11
3f,GPCC_mthly_execute_trigger,scheduled__2026-08-09T12:30:00+00:00,done_api,scheduled,,2,2026-08-10 21:30:33.750,2026-08-10 21:30:34.262,0,,2026-08-10,2026-08-11
3f,GPCC_mthly_rec_result,manual__2026-08-10T12:30:30.887632+00:00,start,manual,,2,2026-08-10 21:30:33.897,2026-08-10 21:30:34.709,0,,2026-08-10,2026-08-11
3f,GPCC_mthly_rec_result,manual__2026-08-10T12:30:30.887632+00:00,trigger,manual,,2,2026-08-10 21:30:38.337,2026-08-10 21:30:38.854,0,,2026-08-10,2026-08-11
3f,GPCC_mthly_rec_result,manual__2026-08-10T12:30:30.887632+00:00,make_pipeline_date,manual,,2,2026-08-10 21:30:41.879,2026-08-10 21:33:51.000,189,,2026-08-10,2026-08-11
3f,GPCC_mthly_rec_result,manual__2026-08-10T12:30:30.887632+00:00,load_rec_target,manual,,2,2026-08-10 21:33:54.572,2026-08-10 21:35:09.665,75,,2026-08-10,2026-08-11
3f,GPCC_mthly_rec_result,manual__2026-08-10T12:30:30.887632+00:00,mk_mthly_rec_result,manual,,2,2026-08-10 21:35:12.830,2026-08-10 21:45:21.355,608,,2026-08-10,2026-08-11
3f,GPCC_mthly_rec_result,manual__2026-08-10T12:30:30.887632+00:00,save_rec_result,manual,,2,2026-08-10 21:45:24.328,2026-08-10 21:50:34.972,310,,2026-08-10,2026-08-11
3f,GPCC_mthly_rec_result,manual__2026-08-10T12:30:30.887632+00:00,mthly_dq_check,manual,,2,2026-08-10 21:50:37.701,2026-08-10 21:53:08.371,150,,2026-08-10,2026-08-11
3f,GPCC_mthly_rec_result,manual__2026-08-10T12:30:30.887632+00:00,dq_check_mail,manual,,2,2026-08-10 21:53:11.461,2026-08-10 21:53:17.187,5,,2026-08-10,2026-08-11
3f,GPCC_mthly_rec_result,manual__2026-08-10T12:30:30.887632+00:00,done_api,manual,,2,2026-08-10 21:53:20.060,2026-08-10 21:53:20.839,0,,2026-08-10,2026-08-11
3f,GPCC_stage4_post_proc,scheduled__2026-08-09T14:40:00+00:00,start,scheduled,,2,2026-08-10 23:40:03.844,2026-08-10 23:40:04.443,0,,2026-08-10,2026-08-11
3f,duplicate_ft_result_check,scheduled__2026-08-09T14:40:00+00:00,start,scheduled,,2,2026-08-10 23:40:05.988,2026-08-10 23:40:06.564,0,,2026-08-10,2026-08-11
3f,duplicate_ft_result_check,scheduled__2026-08-09T14:40:00+00:00,trigger,scheduled,,2,2026-08-10 23:51:23.104,2026-08-10 23:51:23.743,0,,2026-08-10,2026-08-11
3f,GPCC_stage4_post_proc,scheduled__2026-08-09T14:40:00+00:00,trigger,scheduled,,2,2026-08-10 23:51:23.789,2026-08-10 23:51:24.581,0,,2026-08-10,2026-08-11
3f,duplicate_ft_result_check,scheduled__2026-08-09T14:40:00+00:00,check_duplicate,scheduled,,2,2026-08-10 23:51:26.488,2026-08-10 23:52:10.051,43,,2026-08-10,2026-08-11
3f,GPCC_stage4_post_proc,scheduled__2026-08-09T14:40:00+00:00,check_duplicate,scheduled,,2,2026-08-10 23:51:27.353,2026-08-10 23:51:45.375,18,,2026-08-10,2026-08-11
3f,GPCC_stage4_post_proc,scheduled__2026-08-09T14:40:00+00:00,load_rec_result,scheduled,,2,2026-08-10 23:51:48.567,2026-08-10 23:53:08.102,79,,2026-08-10,2026-08-11
3f,duplicate_ft_result_check,scheduled__2026-08-09T14:40:00+00:00,ft_result_dup_check_mail,scheduled,,2,2026-08-10 23:52:13.364,2026-08-10 23:52:19.738,6,,2026-08-11,2026-08-12
3f,duplicate_ft_result_check,scheduled__2026-08-09T14:40:00+00:00,done_api,scheduled,,2,2026-08-10 23:52:23.011,2026-08-10 23:52:23.614,0,,2026-08-11,2026-08-12
3f,GPCC_stage4_post_proc,scheduled__2026-08-09T14:40:00+00:00,RecResult,scheduled,,2,2026-08-10 23:53:11.403,2026-08-10 23:58:37.203,325,,2026-08-11,2026-08-12
3f,GPCC_stage4_post_proc,scheduled__2026-08-09T14:40:00+00:00,save_rec_result,scheduled,,2,2026-08-10 23:58:40.593,2026-08-11 00:02:01.565,200,,2026-08-11,2026-08-12
3f,GPCC_stage4_post_proc,scheduled__2026-08-09T14:40:00+00:00,check_dd_rec_result,scheduled,,2,2026-08-11 00:02:05.203,2026-08-11 00:02:25.603,20,,2026-08-11,2026-08-12
3f,GPCC_stage4_post_proc,scheduled__2026-08-09T14:40:00+00:00,trigger_mark_success_all_success,scheduled,,2,2026-08-11 00:02:28.546,2026-08-11 00:02:31.311,2,,2026-08-11,2026-08-12
3f,GPCC_stage4_post_proc,scheduled__2026-08-09T14:40:00+00:00,trigger_sg_workflow_if_one_failed,scheduled,,1,2026-08-11 00:02:31.425,2026-08-11 00:02:31.425,0,,2026-08-11,2026-08-12
3f,GPCC_stage4_post_proc,scheduled__2026-08-09T14:40:00+00:00,done_api,scheduled,,1,2026-08-11 00:02:31.551,2026-08-11 00:02:31.551,0,,2026-08-11,2026-08-12
3f,gpcc_mark_success,manual__2026-08-10T15:02:30.650883+00:00,start,manual,,2,2026-08-11 00:02:34.398,2026-08-11 00:02:35.055,0,,2026-08-11,2026-08-12
3f,gpcc_mark_success,manual__2026-08-10T15:02:30.650883+00:00,trigger,manual,,2,2026-08-11 00:02:38.174,2026-08-11 00:02:38.666,0,,2026-08-11,2026-08-12
3f,gpcc_mark_success,manual__2026-08-10T15:02:30.650883+00:00,check_mark_success,manual,,2,2026-08-11 00:02:41.518,2026-08-11 00:02:57.541,16,,2026-08-11,2026-08-12
3f,gpcc_mark_success,manual__2026-08-10T15:02:30.650883+00:00,done_api,manual,,2,2026-08-11 00:03:01.203,2026-08-11 00:03:01.818,0,,2026-08-11,2026-08-12
3f,gpcc_dd_transfer,scheduled__2026-08-09T16:00:00+00:00,start,scheduled,,2,2026-08-11 01:00:06.071,2026-08-11 01:00:06.756,0,,2026-08-11,2026-08-12
3f,gpcc_dd_transfer,scheduled__2026-08-09T16:00:00+00:00,trigger,scheduled,,2,2026-08-11 01:00:09.926,2026-08-11 01:00:10.900,0,,2026-08-11,2026-08-12
3f,gpcc_dd_transfer,scheduled__2026-08-09T16:00:00+00:00,transfer_table,scheduled,,2,2026-08-11 01:00:14.511,2026-08-11 01:03:34.300,199,,2026-08-11,2026-08-12
3f,gpcc_dd_transfer,scheduled__2026-08-09T16:00:00+00:00,trigger_arbiter_transfer,scheduled,,2,2026-08-11 01:03:37.588,2026-08-11 01:03:38.152,0,,2026-08-11,2026-08-12
3f,gpcc_dd_transfer,scheduled__2026-08-09T16:00:00+00:00,unload_oo3f_rec_benefit_result,scheduled,,2,2026-08-11 01:03:37.729,2026-08-11 01:03:58.476,20,,2026-08-11,2026-08-12
3f,gpcc_dd_transfer,scheduled__2026-08-09T16:00:00+00:00,trigger_dq_check_mail,scheduled,,2,2026-08-11 01:03:37.947,2026-08-11 01:03:41.456,3,,2026-08-11,2026-08-12
3f,gpcc_dq_mail,manual__2026-08-10T16:03:40.843601+00:00,start,manual,,2,2026-08-11 01:03:44.469,2026-08-11 01:03:45.205,0,,2026-08-11,2026-08-12
3f,gpcc_dq_mail,manual__2026-08-10T16:03:40.843601+00:00,trigger,manual,,2,2026-08-11 01:03:48.550,2026-08-11 01:03:49.313,0,,2026-08-11,2026-08-12
3f,gpcc_dq_mail,manual__2026-08-10T16:03:40.843601+00:00,unload_dq_candidate,manual,,2,2026-08-11 01:03:52.306,2026-08-11 01:04:39.052,46,,2026-08-11,2026-08-12
3f,gpcc_dq_mail,manual__2026-08-10T16:03:40.843601+00:00,unload_dq_check,manual,,2,2026-08-11 01:03:52.524,2026-08-11 01:07:18.664,206,,2026-08-11,2026-08-12
3f,gpcc_dd_transfer,scheduled__2026-08-09T16:00:00+00:00,sink_cms_transfer,scheduled,,2,2026-08-11 01:04:01.472,2026-08-11 01:17:53.521,832,,2026-08-11,2026-08-12
3f,gpcc_dq_mail,manual__2026-08-10T16:03:40.843601+00:00,DQcheck,manual,,2,2026-08-11 01:07:21.503,2026-08-11 01:18:35.250,673,,2026-08-11,2026-08-12
3f,gpcc_dd_transfer,scheduled__2026-08-09T16:00:00+00:00,done_api,scheduled,,2,2026-08-11 01:17:55.746,2026-08-11 01:17:56.579,0,,2026-08-11,2026-08-12
3f,gpcc_dq_mail,manual__2026-08-10T16:03:40.843601+00:00,save_dq_summary,manual,,2,2026-08-11 01:18:38.650,2026-08-11 01:23:42.618,303,,2026-08-11,2026-08-12
3f,gpcc_dq_mail,manual__2026-08-10T16:03:40.843601+00:00,dq_check_mail,manual,,2,2026-08-11 01:23:45.453,2026-08-11 01:24:55.216,69,,2026-08-11,2026-08-12
3f,gpcc_dq_mail,manual__2026-08-10T16:03:40.843601+00:00,done_api,manual,,2,2026-08-11 01:24:58.946,2026-08-11 01:24:59.467,0,,2026-08-11,2026-08-12
3f,temp_log_agg,scheduled__2026-08-10T03:00:00+00:00,start,scheduled,,2,2026-08-11 12:00:04.153,2026-08-11 12:00:05.086,0,,2026-08-11,2026-08-12
3f,temp_log_agg,scheduled__2026-08-10T03:00:00+00:00,trigger,scheduled,,2,2026-08-11 12:00:08.296,2026-08-11 12:00:08.761,0,,2026-08-11,2026-08-12
3f,temp_log_agg,scheduled__2026-08-10T03:00:00+00:00,load_log_agg,scheduled,,2,2026-08-11 12:00:12.029,2026-08-11 12:32:07.886,1915,,2026-08-11,2026-08-12
3f,temp_log_agg,scheduled__2026-08-10T03:00:00+00:00,save_log_agg,scheduled,,2,2026-08-11 12:32:11.530,2026-08-11 12:32:35.381,23,,2026-08-11,2026-08-12
3f,temp_log_agg,scheduled__2026-08-10T03:00:00+00:00,log_check_mail,scheduled,,2,2026-08-11 12:32:38.157,2026-08-11 12:32:44.444,6,,2026-08-11,2026-08-12
3f,temp_log_agg,scheduled__2026-08-10T03:00:00+00:00,done_api,scheduled,,2,2026-08-11 12:32:47.593,2026-08-11 12:32:48.362,0,,2026-08-11,2026-08-12
3f,GPCC_stage1_item_feature,scheduled__2026-08-10T10:00:00+00:00,start,scheduled,,2,2026-08-11 19:00:03.917,2026-08-11 19:00:05.005,1,,2026-08-11,2026-08-12
3f,GPCC_stage1_item_feature,scheduled__2026-08-10T10:00:00+00:00,trigger,scheduled,,2,2026-08-11 19:00:08.225,2026-08-11 19:00:09.162,0,,2026-08-11,2026-08-12
3f,GPCC_stage1_item_feature,scheduled__2026-08-10T10:00:00+00:00,make_pipeline_date,scheduled,,2,2026-08-11 19:00:12.533,2026-08-11 19:02:59.885,167,,2026-08-11,2026-08-12
3f,GPCC_stage1_item_feature,scheduled__2026-08-10T10:00:00+00:00,save_pipeline_date,scheduled,,2,2026-08-11 19:03:02.551,2026-08-11 19:03:45.736,43,,2026-08-11,2026-08-12
3f,GPCC_stage1_item_feature,scheduled__2026-08-10T10:00:00+00:00,load_log_parser,scheduled,,2,2026-08-11 19:03:48.896,2026-08-11 19:10:43.606,414,,2026-08-11,2026-08-12
3f,GPCC_stage1_item_feature,scheduled__2026-08-10T10:00:00+00:00,load_item_meta,scheduled,,2,2026-08-11 19:03:49.001,2026-08-11 19:06:15.597,146,,2026-08-11,2026-08-12
3f,GPCC_stage1_item_feature,scheduled__2026-08-10T10:00:00+00:00,load_item_feature,scheduled,,2,2026-08-11 19:03:49.148,2026-08-11 19:08:06.863,257,,2026-08-11,2026-08-12
3f,GPCC_stage1_item_feature,scheduled__2026-08-10T10:00:00+00:00,ItemMetaGenerator,scheduled,,2,2026-08-11 19:10:46.162,2026-08-11 19:15:31.880,285,,2026-08-11,2026-08-12
3f,GPCC_stage1_item_feature,scheduled__2026-08-10T10:00:00+00:00,LogGenerator,scheduled,,2,2026-08-11 19:15:34.564,2026-08-11 19:24:07.054,512,,2026-08-11,2026-08-12
3f,GPCC_stage1_item_feature,scheduled__2026-08-10T10:00:00+00:00,FT_ItemFeature,scheduled,,2,2026-08-11 19:24:10.151,2026-08-11 19:30:29.025,378,,2026-08-11,2026-08-12
3f,GPCC_stage1_item_feature,scheduled__2026-08-10T10:00:00+00:00,save_stage1_mart,scheduled,,2,2026-08-11 19:30:32.689,2026-08-11 19:40:01.347,568,,2026-08-11,2026-08-12
3f,GPCC_stage1_item_feature,scheduled__2026-08-10T10:00:00+00:00,trigger_gpcc_candidate,scheduled,,2,2026-08-11 19:40:04.358,2026-08-11 19:40:08.223,3,,2026-08-11,2026-08-12
3f,GPCC_stage2_select,manual__2026-08-11T10:40:07.454481+00:00,start,manual,,2,2026-08-11 19:40:10.672,2026-08-11 19:40:11.145,0,,2026-08-11,2026-08-12
3f,GPCC_stage1_item_feature,scheduled__2026-08-10T10:00:00+00:00,done_api,scheduled,,2,2026-08-11 19:40:10.755,2026-08-11 19:40:11.572,0,,2026-08-11,2026-08-12
3f,GPCC_stage2_select,manual__2026-08-11T10:40:07.454481+00:00,trigger,manual,,2,2026-08-11 19:40:14.131,2026-08-11 19:40:15.216,1,,2026-08-11,2026-08-12
3f,GPCC_stage2_select,manual__2026-08-11T10:40:07.454481+00:00,save_targeting,manual,,2,2026-08-11 19:40:17.873,2026-08-11 19:43:12.032,174,,2026-08-11,2026-08-12
3f,GPCC_stage2_select,manual__2026-08-11T10:40:07.454481+00:00,save_cs_size,manual,,2,2026-08-11 19:43:15.219,2026-08-11 19:44:10.524,55,,2026-08-11,2026-08-12
3f,GPCC_stage2_select,manual__2026-08-11T10:40:07.454481+00:00,check_c2p_cnt,manual,,2,2026-08-11 19:44:14.185,2026-08-11 19:44:36.130,21,,2026-08-11,2026-08-12
3f,GPCC_stage2_select,manual__2026-08-11T10:40:07.454481+00:00,save_all_c2p,manual,,1,2026-08-11 19:44:36.347,2026-08-11 19:44:36.347,0,,2026-08-11,2026-08-12
3f,GPCC_stage2_select,manual__2026-08-11T10:40:07.454481+00:00,load_user_features,manual,,2,2026-08-11 19:44:38.939,2026-08-11 19:45:11.473,32,,2026-08-11,2026-08-12
3f,GPCC_stage2_select,manual__2026-08-11T10:40:07.454481+00:00,load_item_emb_feat,manual,,2,2026-08-11 19:44:39.037,2026-08-11 19:44:50.462,11,,2026-08-11,2026-08-12
3f,GPCC_stage2_select,manual__2026-08-11T10:40:07.454481+00:00,load_item_lgcn_embs,manual,,2,2026-08-11 19:44:39.220,2026-08-11 19:44:51.077,11,,2026-08-11,2026-08-12
3f,GPCC_stage2_select,manual__2026-08-11T10:40:07.454481+00:00,load_user_lgcn_embs,manual,,2,2026-08-11 19:44:39.409,2026-08-11 19:45:10.979,31,,2026-08-11,2026-08-12
3f,GPCC_stage2_select,manual__2026-08-11T10:40:07.454481+00:00,load_item_meta,manual,,2,2026-08-11 19:44:39.490,2026-08-11 19:44:50.417,10,,2026-08-11,2026-08-12
3f,GPCC_stage2_select,manual__2026-08-11T10:40:07.454481+00:00,load_dv_features,manual,,2,2026-08-11 19:44:39.719,2026-08-11 19:44:51.045,11,,2026-08-11,2026-08-12
3f,GPCC_stage2_select,manual__2026-08-11T10:40:07.454481+00:00,task_prd_pl_inf_pl2mfl3101_v2,manual,,2,2026-08-11 19:45:14.375,2026-08-11 20:14:33.710,1759,,2026-08-11,2026-08-12
3f,gpcc_select_dq_mail,scheduled__2026-08-10T11:00:00+00:00,start,scheduled,,2,2026-08-11 20:00:05.323,2026-08-11 20:00:06.407,1,,2026-08-11,2026-08-12
3f,GPCC_stage2_select,manual__2026-08-11T10:40:07.454481+00:00,save_cs_result,manual,,2,2026-08-11 20:14:37.365,2026-08-11 20:16:12.421,95,,2026-08-11,2026-08-12
3f,GPCC_stage2_select,manual__2026-08-11T10:40:07.454481+00:00,save_gpcc,manual,,2,2026-08-11 20:16:15.786,2026-08-11 20:17:26.334,70,,2026-08-11,2026-08-12
3f,GPCC_stage2_select,manual__2026-08-11T10:40:07.454481+00:00,trigger_stage3,manual,,2,2026-08-11 20:17:29.177,2026-08-11 20:17:32.672,3,,2026-08-11,2026-08-12
3f,GPCC_stage3_interaction_feautre,manual__2026-08-11T11:17:32.167065+00:00,start,manual,,2,2026-08-11 20:17:35.612,2026-08-11 20:17:36.173,0,,2026-08-11,2026-08-12
3f,GPCC_stage2_select,manual__2026-08-11T10:40:07.454481+00:00,done_api,manual,,2,2026-08-11 20:17:36.160,2026-08-11 20:17:36.684,0,,2026-08-11,2026-08-12
3f,GPCC_stage3_interaction_feautre,manual__2026-08-11T11:17:32.167065+00:00,trigger,manual,,2,2026-08-11 20:17:39.679,2026-08-11 20:17:40.258,0,,2026-08-11,2026-08-12
3f,GPCC_stage3_interaction_feautre,manual__2026-08-11T11:17:32.167065+00:00,load_interaction_feature,manual,,2,2026-08-11 20:17:43.729,2026-08-11 20:23:03.436,319,,2026-08-11,2026-08-12
3f,GPCC_stage3_interaction_feautre,manual__2026-08-11T11:17:32.167065+00:00,load_rec_target,manual,,2,2026-08-11 20:17:44.354,2026-08-11 20:18:21.585,37,,2026-08-11,2026-08-12
3f,gpcc_select_dq_mail,scheduled__2026-08-10T11:00:00+00:00,trigger,scheduled,,2,2026-08-11 20:17:51.099,2026-08-11 20:17:51.939,0,,2026-08-11,2026-08-12
3f,gpcc_select_dq_mail,scheduled__2026-08-10T11:00:00+00:00,save_input_summary,scheduled,,2,2026-08-11 20:17:54.806,2026-08-11 20:18:36.449,41,,2026-08-11,2026-08-12
3f,gpcc_select_dq_mail,scheduled__2026-08-10T11:00:00+00:00,save_select_wf,scheduled,,2,2026-08-11 20:17:55.491,2026-08-11 20:18:35.199,39,,2026-08-11,2026-08-12
3f,gpcc_select_dq_mail,scheduled__2026-08-10T11:00:00+00:00,dq_mail,scheduled,,2,2026-08-11 20:18:39.955,2026-08-11 20:18:50.867,10,,2026-08-11,2026-08-12
3f,gpcc_select_dq_mail,scheduled__2026-08-10T11:00:00+00:00,done_api,scheduled,,2,2026-08-11 20:18:53.882,2026-08-11 20:18:54.363,0,,2026-08-11,2026-08-12
3f,GPCC_stage3_interaction_feautre,manual__2026-08-11T11:17:32.167065+00:00,FT_InteractionFeature,manual,,2,2026-08-11 20:23:06.959,2026-08-11 20:32:10.648,543,,2026-08-11,2026-08-12
3f,GPCC_stage3_interaction_feautre,manual__2026-08-11T11:17:32.167065+00:00,save_inter_feature,manual,,2,2026-08-11 20:32:13.742,2026-08-11 20:37:03.284,289,,2026-08-11,2026-08-12
3f,GPCC_stage3_interaction_feautre,manual__2026-08-11T11:17:32.167065+00:00,unload_shared_ft_features,manual,,2,2026-08-11 20:37:06.721,2026-08-11 20:37:56.528,49,,2026-08-11,2026-08-12
3f,GPCC_stage3_interaction_feautre,manual__2026-08-11T11:17:32.167065+00:00,trigger_gv_tgps_bsis,manual,,2,2026-08-11 20:37:59.475,2026-08-11 20:38:03.292,3,,2026-08-11,2026-08-12
3f,GPCC_stage3_interaction_feautre,manual__2026-08-11T11:17:32.167065+00:00,trigger_gv_cntn_info,manual,,2,2026-08-11 20:38:06.046,2026-08-11 20:38:10.861,4,,2026-08-11,2026-08-12
3f,GPCC_stage3_interaction_feautre,manual__2026-08-11T11:17:32.167065+00:00,trigger_gv_cust_bhve_info,manual,,2,2026-08-11 20:38:14.552,2026-08-11 20:38:18.534,3,,2026-08-11,2026-08-12
3f,GPCC_stage3_interaction_feautre,manual__2026-08-11T11:17:32.167065+00:00,preproc_end_alert,manual,,2,2026-08-11 20:38:21.635,2026-08-11 20:38:22.465,0,,2026-08-11,2026-08-12
3f,GPCC_stage3_interaction_feautre,manual__2026-08-11T11:17:32.167065+00:00,done_api,manual,,2,2026-08-11 20:38:25.436,2026-08-11 20:38:26.099,0,,2026-08-11,2026-08-12
3f,GPCC_mthly_execute_trigger,scheduled__2026-08-10T12:30:00+00:00,start,scheduled,,2,2026-08-11 21:30:05.402,2026-08-11 21:30:06.213,0,,2026-08-11,2026-08-12
3f,GPCC_mthly_execute_trigger,scheduled__2026-08-10T12:30:00+00:00,trigger,scheduled,,2,2026-08-11 21:30:09.095,2026-08-11 21:30:09.513,0,,2026-08-11,2026-08-12
3f,GPCC_mthly_execute_trigger,scheduled__2026-08-10T12:30:00+00:00,trigger_execute_date,scheduled,,2,2026-08-11 21:30:12.480,2026-08-11 21:30:20.721,8,,2026-08-11,2026-08-12
3f,GPCC_mthly_execute_trigger,scheduled__2026-08-10T12:30:00+00:00,fail_empty_mail,scheduled,,1,2026-08-11 21:30:20.861,2026-08-11 21:30:20.861,0,,2026-08-11,2026-08-12
3f,GPCC_mthly_execute_trigger,scheduled__2026-08-10T12:30:00+00:00,trigger_mthly_rec_result,scheduled,,2,2026-08-11 21:30:23.463,2026-08-11 21:30:27.106,3,,2026-08-11,2026-08-12
3f,GPCC_mthly_execute_trigger,scheduled__2026-08-10T12:30:00+00:00,done_api,scheduled,,2,2026-08-11 21:30:29.342,2026-08-11 21:30:30.052,0,,2026-08-11,2026-08-12
3f,GPCC_mthly_rec_result,manual__2026-08-11T12:30:26.492480+00:00,start,manual,,2,2026-08-11 21:30:29.473,2026-08-11 21:30:30.283,0,,2026-08-11,2026-08-12
3f,GPCC_mthly_rec_result,manual__2026-08-11T12:30:26.492480+00:00,trigger,manual,,2,2026-08-11 21:30:32.834,2026-08-11 21:30:33.376,0,,2026-08-11,2026-08-12
3f,GPCC_mthly_rec_result,manual__2026-08-11T12:30:26.492480+00:00,make_pipeline_date,manual,,2,2026-08-11 21:30:36.192,2026-08-11 21:33:55.680,199,,2026-08-11,2026-08-12
3f,GPCC_mthly_rec_result,manual__2026-08-11T12:30:26.492480+00:00,load_rec_target,manual,,2,2026-08-11 21:33:58.569,2026-08-11 21:35:22.231,83,,2026-08-11,2026-08-12
3f,GPCC_mthly_rec_result,manual__2026-08-11T12:30:26.492480+00:00,mk_mthly_rec_result,manual,,2,2026-08-11 21:35:25.525,2026-08-11 21:47:04.180,698,,2026-08-11,2026-08-12
3f,GPCC_mthly_rec_result,manual__2026-08-11T12:30:26.492480+00:00,save_rec_result,manual,,2,2026-08-11 21:47:06.739,2026-08-11 21:52:41.604,334,,2026-08-11,2026-08-12
3f,GPCC_mthly_rec_result,manual__2026-08-11T12:30:26.492480+00:00,mthly_dq_check,manual,,2,2026-08-11 21:52:44.770,2026-08-11 21:55:30.796,166,,2026-08-11,2026-08-12
3f,GPCC_mthly_rec_result,manual__2026-08-11T12:30:26.492480+00:00,dq_check_mail,manual,,2,2026-08-11 21:55:33.364,2026-08-11 21:55:39.316,5,,2026-08-11,2026-08-12
3f,GPCC_mthly_rec_result,manual__2026-08-11T12:30:26.492480+00:00,done_api,manual,,2,2026-08-11 21:55:42.587,2026-08-11 21:55:43.389,0,,2026-08-11,2026-08-12
3f,GPCC_stage4_post_proc,scheduled__2026-08-10T14:40:00+00:00,start,scheduled,,2,2026-08-11 23:40:07.249,2026-08-11 23:40:07.872,0,,2026-08-11,2026-08-12
3f,duplicate_ft_result_check,scheduled__2026-08-10T14:40:00+00:00,start,scheduled,,2,2026-08-11 23:40:07.497,2026-08-11 23:40:08.125,0,,2026-08-11,2026-08-12
3f,duplicate_ft_result_check,scheduled__2026-08-10T14:40:00+00:00,trigger,scheduled,,2,2026-08-11 23:49:45.674,2026-08-11 23:49:46.300,0,,2026-08-11,2026-08-12
3f,GPCC_stage4_post_proc,scheduled__2026-08-10T14:40:00+00:00,trigger,scheduled,,2,2026-08-11 23:49:46.645,2026-08-11 23:49:47.469,0,,2026-08-11,2026-08-12
3f,duplicate_ft_result_check,scheduled__2026-08-10T14:40:00+00:00,check_duplicate,scheduled,,2,2026-08-11 23:49:49.971,2026-08-11 23:50:34.223,44,,2026-08-11,2026-08-12
3f,GPCC_stage4_post_proc,scheduled__2026-08-10T14:40:00+00:00,check_duplicate,scheduled,,2,2026-08-11 23:49:50.561,2026-08-11 23:50:15.438,24,,2026-08-11,2026-08-12
3f,GPCC_stage4_post_proc,scheduled__2026-08-10T14:40:00+00:00,load_rec_result,scheduled,,2,2026-08-11 23:50:18.699,2026-08-11 23:52:12.071,113,,2026-08-11,2026-08-12
3f,duplicate_ft_result_check,scheduled__2026-08-10T14:40:00+00:00,ft_result_dup_check_mail,scheduled,,2,2026-08-11 23:50:37.651,2026-08-11 23:50:43.873,6,,2026-08-11,2026-08-12
3f,duplicate_ft_result_check,scheduled__2026-08-10T14:40:00+00:00,done_api,scheduled,,2,2026-08-11 23:50:47.084,2026-08-11 23:50:47.679,0,,2026-08-11,2026-08-12
3f,GPCC_stage4_post_proc,scheduled__2026-08-10T14:40:00+00:00,RecResult,scheduled,,2,2026-08-11 23:52:15.111,2026-08-11 23:59:54.634,459,,2026-08-12,2026-08-13
3f,GPCC_stage4_post_proc,scheduled__2026-08-10T14:40:00+00:00,save_rec_result,scheduled,,2,2026-08-11 23:59:57.439,2026-08-12 00:04:32.628,275,,2026-08-12,2026-08-13
3f,GPCC_stage4_post_proc,scheduled__2026-08-10T14:40:00+00:00,check_dd_rec_result,scheduled,,2,2026-08-12 00:04:35.567,2026-08-12 00:05:02.253,26,,2026-08-12,2026-08-13
3f,GPCC_stage4_post_proc,scheduled__2026-08-10T14:40:00+00:00,trigger_mark_success_all_success,scheduled,,2,2026-08-12 00:05:05.664,2026-08-12 00:05:08.458,2,,2026-08-12,2026-08-13
3f,GPCC_stage4_post_proc,scheduled__2026-08-10T14:40:00+00:00,trigger_sg_workflow_if_one_failed,scheduled,,1,2026-08-12 00:05:08.622,2026-08-12 00:05:08.622,0,,2026-08-12,2026-08-13
3f,GPCC_stage4_post_proc,scheduled__2026-08-10T14:40:00+00:00,done_api,scheduled,,1,2026-08-12 00:05:08.804,2026-08-12 00:05:08.804,0,,2026-08-12,2026-08-13
3f,gpcc_mark_success,manual__2026-08-11T15:05:07.957916+00:00,start,manual,,2,2026-08-12 00:05:11.712,2026-08-12 00:05:12.444,0,,2026-08-12,2026-08-13
3f,gpcc_mark_success,manual__2026-08-11T15:05:07.957916+00:00,trigger,manual,,2,2026-08-12 00:05:15.441,2026-08-12 00:05:15.928,0,,2026-08-12,2026-08-13
3f,gpcc_mark_success,manual__2026-08-11T15:05:07.957916+00:00,check_mark_success,manual,,2,2026-08-12 00:05:18.533,2026-08-12 00:05:30.736,12,,2026-08-12,2026-08-13
3f,gpcc_mark_success,manual__2026-08-11T15:05:07.957916+00:00,done_api,manual,,2,2026-08-12 00:05:33.755,2026-08-12 00:05:34.290,0,,2026-08-12,2026-08-13
3f,gpcc_dd_transfer,scheduled__2026-08-10T16:00:00+00:00,start,scheduled,,2,2026-08-12 01:00:05.524,2026-08-12 01:00:06.178,0,,2026-08-12,2026-08-13
3f,gpcc_dd_transfer,scheduled__2026-08-10T16:00:00+00:00,trigger,scheduled,,2,2026-08-12 01:00:09.811,2026-08-12 01:00:10.865,1,,2026-08-12,2026-08-13
3f,gpcc_dd_transfer,scheduled__2026-08-10T16:00:00+00:00,transfer_table,scheduled,,2,2026-08-12 01:00:13.742,2026-08-12 01:03:25.570,191,,2026-08-12,2026-08-13
3f,gpcc_dd_transfer,scheduled__2026-08-10T16:00:00+00:00,trigger_dq_check_mail,scheduled,,2,2026-08-12 01:03:28.625,2026-08-12 01:03:32.238,3,,2026-08-12,2026-08-13
3f,gpcc_dd_transfer,scheduled__2026-08-10T16:00:00+00:00,unload_oo3f_rec_benefit_result,scheduled,,2,2026-08-12 01:03:28.904,2026-08-12 01:03:49.012,20,,2026-08-12,2026-08-13
3f,gpcc_dd_transfer,scheduled__2026-08-10T16:00:00+00:00,trigger_arbiter_transfer,scheduled,,2,2026-08-12 01:03:28.922,2026-08-12 01:03:29.442,0,,2026-08-12,2026-08-13
3f,gpcc_dq_mail,manual__2026-08-11T16:03:31.636082+00:00,start,manual,,2,2026-08-12 01:03:35.227,2026-08-12 01:03:35.956,0,,2026-08-12,2026-08-13
3f,gpcc_dq_mail,manual__2026-08-11T16:03:31.636082+00:00,trigger,manual,,2,2026-08-12 01:03:38.688,2026-08-12 01:03:39.434,0,,2026-08-12,2026-08-13
3f,gpcc_dq_mail,manual__2026-08-11T16:03:31.636082+00:00,unload_dq_check,manual,,2,2026-08-12 01:03:42.416,2026-08-12 01:07:04.272,201,,2026-08-12,2026-08-13
3f,gpcc_dq_mail,manual__2026-08-11T16:03:31.636082+00:00,unload_dq_candidate,manual,,2,2026-08-12 01:03:43.305,2026-08-12 01:04:25.931,42,,2026-08-12,2026-08-13
3f,gpcc_dd_transfer,scheduled__2026-08-10T16:00:00+00:00,sink_cms_transfer,scheduled,,2,2026-08-12 01:03:51.839,2026-08-12 01:15:20.315,688,,2026-08-12,2026-08-13
3f,gpcc_dq_mail,manual__2026-08-11T16:03:31.636082+00:00,DQcheck,manual,,2,2026-08-12 01:07:06.951,2026-08-12 01:17:42.714,635,,2026-08-12,2026-08-13
3f,gpcc_dd_transfer,scheduled__2026-08-10T16:00:00+00:00,done_api,scheduled,,2,2026-08-12 01:15:23.374,2026-08-12 01:15:24.080,0,,2026-08-12,2026-08-13
3f,gpcc_dq_mail,manual__2026-08-11T16:03:31.636082+00:00,save_dq_summary,manual,,2,2026-08-12 01:17:45.887,2026-08-12 01:22:02.531,256,,2026-08-12,2026-08-13
3f,gpcc_dq_mail,manual__2026-08-11T16:03:31.636082+00:00,dq_check_mail,manual,,2,2026-08-12 01:22:05.270,2026-08-12 01:23:14.528,69,,2026-08-12,2026-08-13
3f,gpcc_dq_mail,manual__2026-08-11T16:03:31.636082+00:00,done_api,manual,,2,2026-08-12 01:23:17.818,2026-08-12 01:23:18.527,0,,2026-08-12,2026-08-13
3f,temp_log_agg,scheduled__2026-08-11T03:00:00+00:00,start,scheduled,,2,2026-08-12 12:00:07.139,2026-08-12 12:00:08.128,0,,2026-08-12,2026-08-13
3f,temp_log_agg,scheduled__2026-08-11T03:00:00+00:00,trigger,scheduled,,2,2026-08-12 12:00:10.938,2026-08-12 12:00:11.416,0,,2026-08-12,2026-08-13
3f,temp_log_agg,scheduled__2026-08-11T03:00:00+00:00,load_log_agg,scheduled,,2,2026-08-12 12:00:14.529,2026-08-12 12:29:30.754,1756,,2026-08-12,2026-08-13
3f,temp_log_agg,scheduled__2026-08-11T03:00:00+00:00,save_log_agg,scheduled,,2,2026-08-12 12:29:33.942,2026-08-12 12:29:53.915,19,,2026-08-12,2026-08-13
3f,temp_log_agg,scheduled__2026-08-11T03:00:00+00:00,log_check_mail,scheduled,,2,2026-08-12 12:29:57.093,2026-08-12 12:30:03.602,6,,2026-08-12,2026-08-13
3f,temp_log_agg,scheduled__2026-08-11T03:00:00+00:00,done_api,scheduled,,2,2026-08-12 12:30:06.205,2026-08-12 12:30:06.861,0,,2026-08-12,2026-08-13
3f,GPCC_stage1_item_feature,scheduled__2026-08-11T10:00:00+00:00,start,scheduled,,2,2026-08-12 19:00:07.536,2026-08-12 19:00:08.585,1,,2026-08-12,2026-08-13
3f,GPCC_stage1_item_feature,scheduled__2026-08-11T10:00:00+00:00,trigger,scheduled,,2,2026-08-12 19:00:12.115,2026-08-12 19:00:12.969,0,,2026-08-12,2026-08-13
3f,GPCC_stage1_item_feature,scheduled__2026-08-11T10:00:00+00:00,make_pipeline_date,scheduled,,2,2026-08-12 19:00:15.542,2026-08-12 19:03:18.136,182,,2026-08-12,2026-08-13
3f,GPCC_stage1_item_feature,scheduled__2026-08-11T10:00:00+00:00,save_pipeline_date,scheduled,,2,2026-08-12 19:03:21.620,2026-08-12 19:04:06.263,44,,2026-08-12,2026-08-13
3f,GPCC_stage1_item_feature,scheduled__2026-08-11T10:00:00+00:00,load_item_meta,scheduled,,2,2026-08-12 19:04:08.954,2026-08-12 19:06:56.925,167,,2026-08-12,2026-08-13
3f,GPCC_stage1_item_feature,scheduled__2026-08-11T10:00:00+00:00,load_item_feature,scheduled,,2,2026-08-12 19:04:09.639,2026-08-12 19:08:34.282,264,,2026-08-12,2026-08-13
3f,GPCC_stage1_item_feature,scheduled__2026-08-11T10:00:00+00:00,load_log_parser,scheduled,,2,2026-08-12 19:04:09.971,2026-08-12 19:11:38.076,448,,2026-08-12,2026-08-13
3f,GPCC_stage1_item_feature,scheduled__2026-08-11T10:00:00+00:00,ItemMetaGenerator,scheduled,,2,2026-08-12 19:11:40.774,2026-08-12 19:16:32.545,291,,2026-08-12,2026-08-13
3f,GPCC_stage1_item_feature,scheduled__2026-08-11T10:00:00+00:00,LogGenerator,scheduled,,2,2026-08-12 19:16:35.867,2026-08-12 19:26:52.648,616,,2026-08-12,2026-08-13
3f,GPCC_stage1_item_feature,scheduled__2026-08-11T10:00:00+00:00,FT_ItemFeature,scheduled,,2,2026-08-12 19:26:55.549,2026-08-12 19:33:28.224,392,,2026-08-12,2026-08-13
3f,GPCC_stage1_item_feature,scheduled__2026-08-11T10:00:00+00:00,save_stage1_mart,scheduled,,2,2026-08-12 19:33:31.525,2026-08-12 19:42:45.181,553,,2026-08-12,2026-08-13
3f,GPCC_stage1_item_feature,scheduled__2026-08-11T10:00:00+00:00,trigger_gpcc_candidate,scheduled,,2,2026-08-12 19:42:47.787,2026-08-12 19:42:51.369,3,,2026-08-12,2026-08-13
3f,GPCC_stage2_select,manual__2026-08-12T10:42:50.661335+00:00,start,manual,,2,2026-08-12 19:42:53.546,2026-08-12 19:42:54.044,0,,2026-08-12,2026-08-13
3f,GPCC_stage1_item_feature,scheduled__2026-08-11T10:00:00+00:00,done_api,scheduled,,2,2026-08-12 19:42:53.760,2026-08-12 19:42:54.302,0,,2026-08-12,2026-08-13
3f,GPCC_stage2_select,manual__2026-08-12T10:42:50.661335+00:00,trigger,manual,,2,2026-08-12 19:42:56.970,2026-08-12 19:42:58.147,1,,2026-08-12,2026-08-13
3f,GPCC_stage2_select,manual__2026-08-12T10:42:50.661335+00:00,save_targeting,manual,,2,2026-08-12 19:43:00.791,2026-08-12 19:45:43.186,162,,2026-08-12,2026-08-13
3f,GPCC_stage2_select,manual__2026-08-12T10:42:50.661335+00:00,save_cs_size,manual,,2,2026-08-12 19:45:46.011,2026-08-12 19:46:30.525,44,,2026-08-12,2026-08-13
3f,GPCC_stage2_select,manual__2026-08-12T10:42:50.661335+00:00,check_c2p_cnt,manual,,2,2026-08-12 19:46:33.651,2026-08-12 19:46:52.693,19,,2026-08-12,2026-08-13
3f,GPCC_stage2_select,manual__2026-08-12T10:42:50.661335+00:00,save_all_c2p,manual,,1,2026-08-12 19:46:52.880,2026-08-12 19:46:52.880,0,,2026-08-12,2026-08-13
3f,GPCC_stage2_select,manual__2026-08-12T10:42:50.661335+00:00,load_item_meta,manual,,2,2026-08-12 19:46:55.399,2026-08-12 19:47:06.247,10,,2026-08-12,2026-08-13
3f,GPCC_stage2_select,manual__2026-08-12T10:42:50.661335+00:00,load_user_features,manual,,2,2026-08-12 19:46:55.475,2026-08-12 19:47:24.803,29,,2026-08-12,2026-08-13
3f,GPCC_stage2_select,manual__2026-08-12T10:42:50.661335+00:00,load_dv_features,manual,,2,2026-08-12 19:46:55.634,2026-08-12 19:47:05.817,10,,2026-08-12,2026-08-13
3f,GPCC_stage2_select,manual__2026-08-12T10:42:50.661335+00:00,load_user_lgcn_embs,manual,,2,2026-08-12 19:46:55.833,2026-08-12 19:47:22.037,26,,2026-08-12,2026-08-13
3f,GPCC_stage2_select,manual__2026-08-12T10:42:50.661335+00:00,load_item_lgcn_embs,manual,,2,2026-08-12 19:46:56.349,2026-08-12 19:47:06.382,10,,2026-08-12,2026-08-13
3f,GPCC_stage2_select,manual__2026-08-12T10:42:50.661335+00:00,load_item_emb_feat,manual,,2,2026-08-12 19:46:56.431,2026-08-12 19:47:06.881,10,,2026-08-12,2026-08-13
3f,GPCC_stage2_select,manual__2026-08-12T10:42:50.661335+00:00,task_prd_pl_inf_pl2mfl3101_v2,manual,,2,2026-08-12 19:47:27.427,2026-08-12 20:16:27.638,1740,,2026-08-12,2026-08-13
3f,gpcc_select_dq_mail,scheduled__2026-08-11T11:00:00+00:00,start,scheduled,,2,2026-08-12 20:00:06.619,2026-08-12 20:00:07.657,1,,2026-08-12,2026-08-13
3f,GPCC_stage2_select,manual__2026-08-12T10:42:50.661335+00:00,save_cs_result,manual,,2,2026-08-12 20:16:30.888,2026-08-12 20:18:09.630,98,,2026-08-12,2026-08-13
3f,GPCC_stage2_select,manual__2026-08-12T10:42:50.661335+00:00,save_gpcc,manual,,2,2026-08-12 20:18:12.430,2026-08-12 20:19:19.650,67,,2026-08-12,2026-08-13
3f,GPCC_stage2_select,manual__2026-08-12T10:42:50.661335+00:00,trigger_stage3,manual,,2,2026-08-12 20:19:23.211,2026-08-12 20:19:26.527,3,,2026-08-12,2026-08-13
3f,GPCC_stage3_interaction_feautre,manual__2026-08-12T11:19:25.811172+00:00,start,manual,,2,2026-08-12 20:19:29.676,2026-08-12 20:19:30.295,0,,2026-08-12,2026-08-13
3f,GPCC_stage2_select,manual__2026-08-12T10:42:50.661335+00:00,done_api,manual,,2,2026-08-12 20:19:30.114,2026-08-12 20:19:30.745,0,,2026-08-12,2026-08-13
3f,GPCC_stage3_interaction_feautre,manual__2026-08-12T11:19:25.811172+00:00,trigger,manual,,2,2026-08-12 20:19:33.328,2026-08-12 20:19:33.892,0,,2026-08-12,2026-08-13
3f,GPCC_stage3_interaction_feautre,manual__2026-08-12T11:19:25.811172+00:00,load_rec_target,manual,,2,2026-08-12 20:19:37.176,2026-08-12 20:20:17.123,39,,2026-08-12,2026-08-13
3f,GPCC_stage3_interaction_feautre,manual__2026-08-12T11:19:25.811172+00:00,load_interaction_feature,manual,,2,2026-08-12 20:19:37.568,2026-08-12 20:25:05.525,327,,2026-08-12,2026-08-13
3f,gpcc_select_dq_mail,scheduled__2026-08-11T11:00:00+00:00,trigger,scheduled,,2,2026-08-12 20:19:49.573,2026-08-12 20:19:50.404,0,,2026-08-12,2026-08-13
3f,gpcc_select_dq_mail,scheduled__2026-08-11T11:00:00+00:00,save_select_wf,scheduled,,2,2026-08-12 20:19:53.290,2026-08-12 20:20:34.236,40,,2026-08-12,2026-08-13
3f,gpcc_select_dq_mail,scheduled__2026-08-11T11:00:00+00:00,save_input_summary,scheduled,,2,2026-08-12 20:19:53.731,2026-08-12 20:20:34.767,41,,2026-08-12,2026-08-13
3f,gpcc_select_dq_mail,scheduled__2026-08-11T11:00:00+00:00,dq_mail,scheduled,,2,2026-08-12 20:20:37.591,2026-08-12 20:20:48.524,10,,2026-08-12,2026-08-13
3f,gpcc_select_dq_mail,scheduled__2026-08-11T11:00:00+00:00,done_api,scheduled,,2,2026-08-12 20:20:51.581,2026-08-12 20:20:52.355,0,,2026-08-12,2026-08-13
3f,GPCC_stage3_interaction_feautre,manual__2026-08-12T11:19:25.811172+00:00,FT_InteractionFeature,manual,,2,2026-08-12 20:25:08.741,2026-08-12 20:33:54.168,525,,2026-08-12,2026-08-13
3f,GPCC_stage3_interaction_feautre,manual__2026-08-12T11:19:25.811172+00:00,save_inter_feature,manual,,2,2026-08-12 20:33:56.773,2026-08-12 20:39:07.896,311,,2026-08-12,2026-08-13
3f,GPCC_stage3_interaction_feautre,manual__2026-08-12T11:19:25.811172+00:00,unload_shared_ft_features,manual,,2,2026-08-12 20:39:10.469,2026-08-12 20:40:02.637,52,,2026-08-12,2026-08-13
3f,GPCC_stage3_interaction_feautre,manual__2026-08-12T11:19:25.811172+00:00,trigger_gv_tgps_bsis,manual,,2,2026-08-12 20:40:05.565,2026-08-12 20:40:09.382,3,,2026-08-12,2026-08-13
3f,GPCC_stage3_interaction_feautre,manual__2026-08-12T11:19:25.811172+00:00,trigger_gv_cntn_info,manual,,2,2026-08-12 20:40:12.413,2026-08-12 20:40:17.324,4,,2026-08-12,2026-08-13
3f,GPCC_stage3_interaction_feautre,manual__2026-08-12T11:19:25.811172+00:00,trigger_gv_cust_bhve_info,manual,,2,2026-08-12 20:40:19.950,2026-08-12 20:40:24.022,4,,2026-08-12,2026-08-13
3f,GPCC_stage3_interaction_feautre,manual__2026-08-12T11:19:25.811172+00:00,preproc_end_alert,manual,,2,2026-08-12 20:40:27.717,2026-08-12 20:40:28.465,0,,2026-08-12,2026-08-13
3f,GPCC_stage3_interaction_feautre,manual__2026-08-12T11:19:25.811172+00:00,done_api,manual,,2,2026-08-12 20:40:30.962,2026-08-12 20:40:31.647,0,,2026-08-12,2026-08-13
3f,GPCC_mthly_execute_trigger,scheduled__2026-08-11T12:30:00+00:00,start,scheduled,,2,2026-08-12 21:30:07.019,2026-08-12 21:30:07.828,0,,2026-08-12,2026-08-13
3f,GPCC_mthly_execute_trigger,scheduled__2026-08-11T12:30:00+00:00,trigger,scheduled,,2,2026-08-12 21:30:10.401,2026-08-12 21:30:10.784,0,,2026-08-12,2026-08-13
3f,GPCC_mthly_execute_trigger,scheduled__2026-08-11T12:30:00+00:00,trigger_execute_date,scheduled,,2,2026-08-12 21:30:13.744,2026-08-12 21:30:23.399,9,,2026-08-12,2026-08-13
3f,GPCC_mthly_execute_trigger,scheduled__2026-08-11T12:30:00+00:00,fail_empty_mail,scheduled,,1,2026-08-12 21:30:23.611,2026-08-12 21:30:23.611,0,,2026-08-12,2026-08-13
3f,GPCC_mthly_execute_trigger,scheduled__2026-08-11T12:30:00+00:00,trigger_mthly_rec_result,scheduled,,2,2026-08-12 21:30:26.400,2026-08-12 21:30:30.158,3,,2026-08-12,2026-08-13
3f,GPCC_mthly_execute_trigger,scheduled__2026-08-11T12:30:00+00:00,done_api,scheduled,,2,2026-08-12 21:30:32.570,2026-08-12 21:30:33.138,0,,2026-08-12,2026-08-13
3f,GPCC_mthly_rec_result,manual__2026-08-12T12:30:29.606086+00:00,start,manual,,2,2026-08-12 21:30:32.759,2026-08-12 21:30:33.576,0,,2026-08-12,2026-08-13
3f,GPCC_mthly_rec_result,manual__2026-08-12T12:30:29.606086+00:00,trigger,manual,,2,2026-08-12 21:30:36.694,2026-08-12 21:30:37.265,0,,2026-08-12,2026-08-13
3f,GPCC_mthly_rec_result,manual__2026-08-12T12:30:29.606086+00:00,make_pipeline_date,manual,,2,2026-08-12 21:30:40.473,2026-08-12 21:33:46.619,186,,2026-08-12,2026-08-13
3f,GPCC_mthly_rec_result,manual__2026-08-12T12:30:29.606086+00:00,load_rec_target,manual,,2,2026-08-12 21:33:49.758,2026-08-12 21:35:00.787,71,,2026-08-12,2026-08-13
3f,GPCC_mthly_rec_result,manual__2026-08-12T12:30:29.606086+00:00,mk_mthly_rec_result,manual,,2,2026-08-12 21:35:04.151,2026-08-12 21:45:19.874,615,,2026-08-12,2026-08-13
3f,GPCC_mthly_rec_result,manual__2026-08-12T12:30:29.606086+00:00,save_rec_result,manual,,2,2026-08-12 21:45:23.179,2026-08-12 21:50:02.305,279,,2026-08-12,2026-08-13
3f,GPCC_mthly_rec_result,manual__2026-08-12T12:30:29.606086+00:00,mthly_dq_check,manual,,2,2026-08-12 21:50:04.981,2026-08-12 21:52:32.666,147,,2026-08-12,2026-08-13
3f,GPCC_mthly_rec_result,manual__2026-08-12T12:30:29.606086+00:00,dq_check_mail,manual,,2,2026-08-12 21:52:36.178,2026-08-12 21:52:42.624,6,,2026-08-12,2026-08-13
3f,GPCC_mthly_rec_result,manual__2026-08-12T12:30:29.606086+00:00,done_api,manual,,2,2026-08-12 21:52:45.415,2026-08-12 21:52:46.048,0,,2026-08-12,2026-08-13
3f,duplicate_ft_result_check,scheduled__2026-08-11T14:40:00+00:00,start,scheduled,,2,2026-08-12 23:40:03.775,2026-08-12 23:40:04.346,0,,2026-08-12,2026-08-13
3f,GPCC_stage4_post_proc,scheduled__2026-08-11T14:40:00+00:00,start,scheduled,,2,2026-08-12 23:40:05.807,2026-08-12 23:40:06.441,0,,2026-08-12,2026-08-13
3f,duplicate_ft_result_check,scheduled__2026-08-11T14:40:00+00:00,trigger,scheduled,,2,2026-08-12 23:49:45.279,2026-08-12 23:49:45.864,0,,2026-08-12,2026-08-13
3f,GPCC_stage4_post_proc,scheduled__2026-08-11T14:40:00+00:00,trigger,scheduled,,2,2026-08-12 23:49:46.229,2026-08-12 23:49:46.979,0,,2026-08-12,2026-08-13
3f,duplicate_ft_result_check,scheduled__2026-08-11T14:40:00+00:00,check_duplicate,scheduled,,2,2026-08-12 23:49:48.553,2026-08-12 23:50:33.110,44,,2026-08-12,2026-08-13
3f,GPCC_stage4_post_proc,scheduled__2026-08-11T14:40:00+00:00,check_duplicate,scheduled,,2,2026-08-12 23:49:50.614,2026-08-12 23:50:10.676,20,,2026-08-12,2026-08-13
3f,GPCC_stage4_post_proc,scheduled__2026-08-11T14:40:00+00:00,load_rec_result,scheduled,,2,2026-08-12 23:50:14.073,2026-08-12 23:51:45.215,91,,2026-08-12,2026-08-13
3f,duplicate_ft_result_check,scheduled__2026-08-11T14:40:00+00:00,ft_result_dup_check_mail,scheduled,,2,2026-08-12 23:50:36.659,2026-08-12 23:50:42.393,5,,2026-08-12,2026-08-13
3f,duplicate_ft_result_check,scheduled__2026-08-11T14:40:00+00:00,done_api,scheduled,,2,2026-08-12 23:50:45.147,2026-08-12 23:50:45.758,0,,2026-08-12,2026-08-13
3f,GPCC_stage4_post_proc,scheduled__2026-08-11T14:40:00+00:00,RecResult,scheduled,,3,2026-08-13 00:25:00.743,2026-08-13 00:31:12.284,371,,2026-08-13,2026-08-14
3f,GPCC_stage4_post_proc,scheduled__2026-08-11T14:40:00+00:00,save_rec_result,scheduled,,2,2026-08-13 00:31:15.156,2026-08-13 00:34:58.882,223,,2026-08-13,2026-08-14
3f,GPCC_stage4_post_proc,scheduled__2026-08-11T14:40:00+00:00,check_dd_rec_result,scheduled,,2,2026-08-13 00:35:02.134,2026-08-13 00:35:24.615,22,,2026-08-13,2026-08-14
3f,GPCC_stage4_post_proc,scheduled__2026-08-11T14:40:00+00:00,trigger_mark_success_all_success,scheduled,,2,2026-08-13 00:35:27.463,2026-08-13 00:35:30.296,2,,2026-08-13,2026-08-14
3f,GPCC_stage4_post_proc,scheduled__2026-08-11T14:40:00+00:00,trigger_sg_workflow_if_one_failed,scheduled,,1,2026-08-13 00:35:30.433,2026-08-13 00:35:30.433,0,,2026-08-13,2026-08-14
3f,GPCC_stage4_post_proc,scheduled__2026-08-11T14:40:00+00:00,done_api,scheduled,,1,2026-08-13 00:35:30.601,2026-08-13 00:35:30.601,0,,2026-08-13,2026-08-14
3f,gpcc_mark_success,manual__2026-08-12T15:35:29.667263+00:00,start,manual,,2,2026-08-13 00:35:33.036,2026-08-13 00:35:33.720,0,,2026-08-13,2026-08-14
3f,gpcc_mark_success,manual__2026-08-12T15:35:29.667263+00:00,trigger,manual,,2,2026-08-13 00:35:37.231,2026-08-13 00:35:37.752,0,,2026-08-13,2026-08-14
3f,gpcc_mark_success,manual__2026-08-12T15:35:29.667263+00:00,check_mark_success,manual,,2,2026-08-13 00:35:41.107,2026-08-13 00:35:52.167,11,,2026-08-13,2026-08-14
3f,gpcc_mark_success,manual__2026-08-12T15:35:29.667263+00:00,done_api,manual,,2,2026-08-13 00:35:55.281,2026-08-13 00:35:55.928,0,,2026-08-13,2026-08-14
3f,gpcc_dd_transfer,scheduled__2026-08-11T16:00:00+00:00,start,scheduled,,2,2026-08-13 01:00:05.532,2026-08-13 01:00:06.265,0,,2026-08-13,2026-08-14
3f,gpcc_dd_transfer,scheduled__2026-08-11T16:00:00+00:00,trigger,scheduled,,2,2026-08-13 01:00:09.530,2026-08-13 01:00:10.502,0,,2026-08-13,2026-08-14
3f,gpcc_dd_transfer,scheduled__2026-08-11T16:00:00+00:00,transfer_table,scheduled,,2,2026-08-13 01:00:13.521,2026-08-13 01:03:22.540,189,,2026-08-13,2026-08-14
3f,gpcc_dd_transfer,scheduled__2026-08-11T16:00:00+00:00,unload_oo3f_rec_benefit_result,scheduled,,2,2026-08-13 01:03:25.598,2026-08-13 01:03:48.360,22,,2026-08-13,2026-08-14
3f,gpcc_dd_transfer,scheduled__2026-08-11T16:00:00+00:00,trigger_arbiter_transfer,scheduled,,2,2026-08-13 01:03:25.632,2026-08-13 01:03:26.207,0,,2026-08-13,2026-08-14
3f,gpcc_dd_transfer,scheduled__2026-08-11T16:00:00+00:00,trigger_dq_check_mail,scheduled,,2,2026-08-13 01:03:26.521,2026-08-13 01:03:30.022,3,,2026-08-13,2026-08-14
3f,gpcc_dq_mail,manual__2026-08-12T16:03:29.291896+00:00,start,manual,,2,2026-08-13 01:03:32.157,2026-08-13 01:03:32.817,0,,2026-08-13,2026-08-14
3f,gpcc_dq_mail,manual__2026-08-12T16:03:29.291896+00:00,trigger,manual,,2,2026-08-13 01:03:36.388,2026-08-13 01:03:37.229,0,,2026-08-13,2026-08-14
3f,gpcc_dq_mail,manual__2026-08-12T16:03:29.291896+00:00,unload_dq_check,manual,,2,2026-08-13 01:03:40.385,2026-08-13 01:07:10.323,209,,2026-08-13,2026-08-14
3f,gpcc_dq_mail,manual__2026-08-12T16:03:29.291896+00:00,unload_dq_candidate,manual,,2,2026-08-13 01:03:40.809,2026-08-13 01:04:24.020,43,,2026-08-13,2026-08-14
3f,gpcc_dd_transfer,scheduled__2026-08-11T16:00:00+00:00,sink_cms_transfer,scheduled,,2,2026-08-13 01:03:50.927,2026-08-13 01:16:32.248,761,,2026-08-13,2026-08-14
3f,gpcc_dq_mail,manual__2026-08-12T16:03:29.291896+00:00,DQcheck,manual,,2,2026-08-13 01:07:13.814,2026-08-13 01:18:04.411,650,,2026-08-13,2026-08-14
3f,gpcc_dd_transfer,scheduled__2026-08-11T16:00:00+00:00,done_api,scheduled,,2,2026-08-13 01:16:35.314,2026-08-13 01:16:35.849,0,,2026-08-13,2026-08-14
3f,gpcc_dq_mail,manual__2026-08-12T16:03:29.291896+00:00,save_dq_summary,manual,,2,2026-08-13 01:18:07.352,2026-08-13 01:23:16.146,308,,2026-08-13,2026-08-14
3f,gpcc_dq_mail,manual__2026-08-12T16:03:29.291896+00:00,dq_check_mail,manual,,2,2026-08-13 01:23:18.718,2026-08-13 01:24:30.936,72,,2026-08-13,2026-08-14
3f,gpcc_dq_mail,manual__2026-08-12T16:03:29.291896+00:00,done_api,manual,,2,2026-08-13 01:24:33.760,2026-08-13 01:24:34.448,0,,2026-08-13,2026-08-14
3f,GPCC_train,scheduled__2026-08-09T21:00:00+00:00,start,scheduled,,2,2026-08-13 06:00:03.450,2026-08-13 06:00:04.126,0,,2026-08-13,2026-08-14
3f,GPCC_train,scheduled__2026-08-09T21:00:00+00:00,trigger,scheduled,,2,2026-08-13 06:00:07.137,2026-08-13 06:00:07.757,0,,2026-08-13,2026-08-14
3f,GPCC_train,scheduled__2026-08-09T21:00:00+00:00,load_user_features_inf,scheduled,,2,2026-08-13 06:00:10.353,2026-08-13 06:02:06.598,116,,2026-08-13,2026-08-14
3f,GPCC_train,scheduled__2026-08-09T21:00:00+00:00,load_user_features,scheduled,,2,2026-08-13 06:00:11.404,2026-08-13 06:01:02.722,51,,2026-08-13,2026-08-14
3f,GPCC_train,scheduled__2026-08-09T21:00:00+00:00,load_item_meta,scheduled,,2,2026-08-13 06:00:11.528,2026-08-13 06:00:42.633,31,,2026-08-13,2026-08-14
3f,GPCC_train,scheduled__2026-08-09T21:00:00+00:00,load_item_emb_feat,scheduled,,2,2026-08-13 06:00:11.953,2026-08-13 06:00:24.358,12,,2026-08-13,2026-08-14
3f,GPCC_train,scheduled__2026-08-09T21:00:00+00:00,load_interaction,scheduled,,2,2026-08-13 06:00:12.381,2026-08-13 06:00:47.285,34,,2026-08-13,2026-08-14
3f,GPCC_train,scheduled__2026-08-09T21:00:00+00:00,task_prd_pl_trn_pl2mfl3101_v2,scheduled,,2,2026-08-13 06:02:09.265,2026-08-13 09:43:36.280,13287,,2026-08-13,2026-08-14
3f,GPCC_train,scheduled__2026-08-09T21:00:00+00:00,save_user_lgcn_emb,scheduled,,2,2026-08-13 09:43:39.088,2026-08-13 09:45:44.003,124,,2026-08-13,2026-08-14
3f,GPCC_train,scheduled__2026-08-09T21:00:00+00:00,save_cntn_lgcn_emb,scheduled,,2,2026-08-13 09:43:39.352,2026-08-13 09:44:41.864,62,,2026-08-13,2026-08-14
3f,GPCC_train,scheduled__2026-08-09T21:00:00+00:00,save_item_cntn_emb,scheduled,,2,2026-08-13 09:43:39.747,2026-08-13 09:44:23.281,43,,2026-08-13,2026-08-14
3f,GPCC_train,scheduled__2026-08-09T21:00:00+00:00,save_train_date,scheduled,,2,2026-08-13 09:45:47.334,2026-08-13 09:45:59.211,11,,2026-08-13,2026-08-14
3f,GPCC_train,scheduled__2026-08-09T21:00:00+00:00,trigger_dq,scheduled,,2,2026-08-13 09:46:02.585,2026-08-13 09:46:04.993,2,,2026-08-13,2026-08-14
3f,gpcc_train_dq_mail,manual__2026-08-13T00:46:04.382667+00:00,start,manual,,2,2026-08-13 09:46:07.184,2026-08-13 09:46:07.839,0,,2026-08-13,2026-08-14
3f,GPCC_train,scheduled__2026-08-09T21:00:00+00:00,done_api,scheduled,,2,2026-08-13 09:46:07.853,2026-08-13 09:46:08.500,0,,2026-08-13,2026-08-14
3f,gpcc_train_dq_mail,manual__2026-08-13T00:46:04.382667+00:00,trigger,manual,,2,2026-08-13 09:46:11.408,2026-08-13 09:46:11.831,0,,2026-08-13,2026-08-14
3f,gpcc_train_dq_mail,manual__2026-08-13T00:46:04.382667+00:00,save_train_result,manual,,2,2026-08-13 09:46:15.323,2026-08-13 09:46:52.985,37,,2026-08-13,2026-08-14
3f,gpcc_train_dq_mail,manual__2026-08-13T00:46:04.382667+00:00,dq_mail,manual,,2,2026-08-13 09:46:56.595,2026-08-13 09:47:02.847,6,,2026-08-13,2026-08-14
3f,gpcc_train_dq_mail,manual__2026-08-13T00:46:04.382667+00:00,done_api,manual,,2,2026-08-13 09:47:05.812,2026-08-13 09:47:06.659,0,,2026-08-13,2026-08-14
3f,gpcc_train_dq_mail,scheduled__2026-08-10T02:30:00+00:00,start,scheduled,,2,2026-08-13 11:30:05.313,2026-08-13 11:30:06.024,0,,2026-08-13,2026-08-14
3f,gpcc_train_dq_mail,scheduled__2026-08-10T02:30:00+00:00,trigger,scheduled,,2,2026-08-13 11:30:08.822,2026-08-13 11:30:09.257,0,,2026-08-13,2026-08-14
3f,gpcc_train_dq_mail,scheduled__2026-08-10T02:30:00+00:00,save_train_result,scheduled,,2,2026-08-13 11:30:12.571,2026-08-13 11:30:47.187,34,,2026-08-13,2026-08-14
3f,gpcc_train_dq_mail,scheduled__2026-08-10T02:30:00+00:00,dq_mail,scheduled,,2,2026-08-13 11:30:50.367,2026-08-13 11:30:56.893,6,,2026-08-13,2026-08-14
3f,gpcc_train_dq_mail,scheduled__2026-08-10T02:30:00+00:00,done_api,scheduled,,2,2026-08-13 11:30:59.365,2026-08-13 11:31:00.206,0,,2026-08-13,2026-08-14
3f,temp_log_agg,scheduled__2026-08-12T03:00:00+00:00,start,scheduled,,2,2026-08-13 12:00:05.020,2026-08-13 12:00:06.062,1,,2026-08-13,2026-08-14
3f,temp_log_agg,scheduled__2026-08-12T03:00:00+00:00,trigger,scheduled,,2,2026-08-13 12:00:08.892,2026-08-13 12:00:09.370,0,,2026-08-13,2026-08-14
3f,temp_log_agg,scheduled__2026-08-12T03:00:00+00:00,load_log_agg,scheduled,,2,2026-08-13 12:00:12.163,2026-08-13 12:31:52.648,1900,,2026-08-13,2026-08-14
3f,temp_log_agg,scheduled__2026-08-12T03:00:00+00:00,save_log_agg,scheduled,,2,2026-08-13 12:31:55.277,2026-08-13 12:32:19.984,24,,2026-08-13,2026-08-14
3f,temp_log_agg,scheduled__2026-08-12T03:00:00+00:00,log_check_mail,scheduled,,2,2026-08-13 12:32:22.776,2026-08-13 12:32:29.273,6,,2026-08-13,2026-08-14
3f,temp_log_agg,scheduled__2026-08-12T03:00:00+00:00,done_api,scheduled,,2,2026-08-13 12:32:32.433,2026-08-13 12:32:33.011,0,,2026-08-13,2026-08-14
3f,GPCC_stage1_item_feature,scheduled__2026-08-12T10:00:00+00:00,start,scheduled,,2,2026-08-13 19:00:04.583,2026-08-13 19:00:05.673,1,,2026-08-13,2026-08-14
3f,GPCC_stage1_item_feature,scheduled__2026-08-12T10:00:00+00:00,trigger,scheduled,,2,2026-08-13 19:00:09.302,2026-08-13 19:00:10.161,0,,2026-08-13,2026-08-14
3f,GPCC_stage1_item_feature,scheduled__2026-08-12T10:00:00+00:00,make_pipeline_date,scheduled,,2,2026-08-13 19:00:13.749,2026-08-13 19:03:07.634,173,,2026-08-13,2026-08-14
3f,GPCC_stage1_item_feature,scheduled__2026-08-12T10:00:00+00:00,save_pipeline_date,scheduled,,2,2026-08-13 19:03:10.668,2026-08-13 19:03:50.089,39,,2026-08-13,2026-08-14
3f,GPCC_stage1_item_feature,scheduled__2026-08-12T10:00:00+00:00,load_item_meta,scheduled,,2,2026-08-13 19:03:52.832,2026-08-13 19:06:16.086,143,,2026-08-13,2026-08-14
3f,GPCC_stage1_item_feature,scheduled__2026-08-12T10:00:00+00:00,load_log_parser,scheduled,,2,2026-08-13 19:03:52.998,2026-08-13 19:10:07.004,374,,2026-08-13,2026-08-14
3f,GPCC_stage1_item_feature,scheduled__2026-08-12T10:00:00+00:00,load_item_feature,scheduled,,2,2026-08-13 19:03:53.620,2026-08-13 19:07:50.083,236,,2026-08-13,2026-08-14
3f,GPCC_stage1_item_feature,scheduled__2026-08-12T10:00:00+00:00,ItemMetaGenerator,scheduled,,2,2026-08-13 19:10:09.872,2026-08-13 19:14:09.827,239,,2026-08-13,2026-08-14
3f,GPCC_stage1_item_feature,scheduled__2026-08-12T10:00:00+00:00,LogGenerator,scheduled,,2,2026-08-13 19:14:12.501,2026-08-13 19:22:23.147,490,,2026-08-13,2026-08-14
3f,GPCC_stage1_item_feature,scheduled__2026-08-12T10:00:00+00:00,FT_ItemFeature,scheduled,,2,2026-08-13 19:22:26.802,2026-08-13 19:28:06.760,339,,2026-08-13,2026-08-14
3f,GPCC_stage1_item_feature,scheduled__2026-08-12T10:00:00+00:00,save_stage1_mart,scheduled,,2,2026-08-13 19:28:09.673,2026-08-13 19:36:45.396,515,,2026-08-13,2026-08-14
3f,GPCC_stage1_item_feature,scheduled__2026-08-12T10:00:00+00:00,trigger_gpcc_candidate,scheduled,,2,2026-08-13 19:36:48.864,2026-08-13 19:36:52.314,3,,2026-08-13,2026-08-14
3f,GPCC_stage2_select,manual__2026-08-13T10:36:51.848542+00:00,start,manual,,2,2026-08-13 19:36:55.450,2026-08-13 19:36:55.932,0,,2026-08-13,2026-08-14
3f,GPCC_stage1_item_feature,scheduled__2026-08-12T10:00:00+00:00,done_api,scheduled,,2,2026-08-13 19:36:56.325,2026-08-13 19:36:57.010,0,,2026-08-13,2026-08-14
3f,GPCC_stage2_select,manual__2026-08-13T10:36:51.848542+00:00,trigger,manual,,2,2026-08-13 19:36:59.064,2026-08-13 19:37:00.224,1,,2026-08-13,2026-08-14
3f,GPCC_stage2_select,manual__2026-08-13T10:36:51.848542+00:00,save_targeting,manual,,2,2026-08-13 19:37:03.710,2026-08-13 19:40:15.536,191,,2026-08-13,2026-08-14
3f,GPCC_stage2_select,manual__2026-08-13T10:36:51.848542+00:00,save_cs_size,manual,,2,2026-08-13 19:40:18.959,2026-08-13 19:41:15.210,56,,2026-08-13,2026-08-14
3f,GPCC_stage2_select,manual__2026-08-13T10:36:51.848542+00:00,check_c2p_cnt,manual,,2,2026-08-13 19:41:18.109,2026-08-13 19:41:41.035,22,,2026-08-13,2026-08-14
3f,GPCC_stage2_select,manual__2026-08-13T10:36:51.848542+00:00,save_all_c2p,manual,,1,2026-08-13 19:41:41.172,2026-08-13 19:41:41.172,0,,2026-08-13,2026-08-14
3f,GPCC_stage2_select,manual__2026-08-13T10:36:51.848542+00:00,load_item_lgcn_embs,manual,,2,2026-08-13 19:41:44.095,2026-08-13 19:41:55.524,11,,2026-08-13,2026-08-14
3f,GPCC_stage2_select,manual__2026-08-13T10:36:51.848542+00:00,load_item_meta,manual,,2,2026-08-13 19:41:44.297,2026-08-13 19:41:56.751,12,,2026-08-13,2026-08-14
3f,GPCC_stage2_select,manual__2026-08-13T10:36:51.848542+00:00,load_user_features,manual,,2,2026-08-13 19:41:44.665,2026-08-13 19:42:19.437,34,,2026-08-13,2026-08-14
3f,GPCC_stage2_select,manual__2026-08-13T10:36:51.848542+00:00,load_user_lgcn_embs,manual,,2,2026-08-13 19:41:44.717,2026-08-13 19:42:19.021,34,,2026-08-13,2026-08-14
3f,GPCC_stage2_select,manual__2026-08-13T10:36:51.848542+00:00,load_item_emb_feat,manual,,2,2026-08-13 19:41:44.776,2026-08-13 19:41:57.691,12,,2026-08-13,2026-08-14
3f,GPCC_stage2_select,manual__2026-08-13T10:36:51.848542+00:00,load_dv_features,manual,,2,2026-08-13 19:41:44.935,2026-08-13 19:41:57.235,12,,2026-08-13,2026-08-14
3f,GPCC_stage2_select,manual__2026-08-13T10:36:51.848542+00:00,task_prd_pl_inf_pl2mfl3101_v2,manual,,2,2026-08-13 19:42:23.101,2026-08-13 20:14:19.606,1916,,2026-08-13,2026-08-14
3f,gpcc_select_dq_mail,scheduled__2026-08-12T11:00:00+00:00,start,scheduled,,2,2026-08-13 20:00:05.606,2026-08-13 20:00:06.657,1,,2026-08-13,2026-08-14
3f,GPCC_stage2_select,manual__2026-08-13T10:36:51.848542+00:00,save_cs_result,manual,,2,2026-08-13 20:14:22.898,2026-08-13 20:16:19.640,116,,2026-08-13,2026-08-14
3f,GPCC_stage2_select,manual__2026-08-13T10:36:51.848542+00:00,save_gpcc,manual,,2,2026-08-13 20:16:22.710,2026-08-13 20:17:35.780,73,,2026-08-13,2026-08-14
3f,GPCC_stage2_select,manual__2026-08-13T10:36:51.848542+00:00,trigger_stage3,manual,,2,2026-08-13 20:17:38.577,2026-08-13 20:17:42.079,3,,2026-08-13,2026-08-14
3f,GPCC_stage3_interaction_feautre,manual__2026-08-13T11:17:41.651274+00:00,start,manual,,2,2026-08-13 20:17:45.440,2026-08-13 20:17:46.052,0,,2026-08-13,2026-08-14
3f,GPCC_stage2_select,manual__2026-08-13T10:36:51.848542+00:00,done_api,manual,,2,2026-08-13 20:17:46.209,2026-08-13 20:17:46.863,0,,2026-08-13,2026-08-14
3f,GPCC_stage3_interaction_feautre,manual__2026-08-13T11:17:41.651274+00:00,trigger,manual,,2,2026-08-13 20:17:48.732,2026-08-13 20:17:49.362,0,,2026-08-13,2026-08-14
3f,GPCC_stage3_interaction_feautre,manual__2026-08-13T11:17:41.651274+00:00,load_interaction_feature,manual,,2,2026-08-13 20:17:52.876,2026-08-13 20:23:16.384,323,,2026-08-13,2026-08-14
3f,GPCC_stage3_interaction_feautre,manual__2026-08-13T11:17:41.651274+00:00,load_rec_target,manual,,2,2026-08-13 20:17:53.404,2026-08-13 20:18:36.193,42,,2026-08-13,2026-08-14
3f,gpcc_select_dq_mail,scheduled__2026-08-12T11:00:00+00:00,trigger,scheduled,,2,2026-08-13 20:17:55.472,2026-08-13 20:17:56.249,0,,2026-08-13,2026-08-14
3f,gpcc_select_dq_mail,scheduled__2026-08-12T11:00:00+00:00,save_select_wf,scheduled,,2,2026-08-13 20:17:59.702,2026-08-13 20:18:39.562,39,,2026-08-13,2026-08-14
3f,gpcc_select_dq_mail,scheduled__2026-08-12T11:00:00+00:00,save_input_summary,scheduled,,2,2026-08-13 20:17:59.734,2026-08-13 20:18:43.773,44,,2026-08-13,2026-08-14
3f,gpcc_select_dq_mail,scheduled__2026-08-12T11:00:00+00:00,dq_mail,scheduled,,2,2026-08-13 20:18:47.108,2026-08-13 20:18:58.396,11,,2026-08-13,2026-08-14
3f,gpcc_select_dq_mail,scheduled__2026-08-12T11:00:00+00:00,done_api,scheduled,,2,2026-08-13 20:19:01.636,2026-08-13 20:19:02.271,0,,2026-08-13,2026-08-14
3f,GPCC_stage3_interaction_feautre,manual__2026-08-13T11:17:41.651274+00:00,FT_InteractionFeature,manual,,2,2026-08-13 20:23:19.369,2026-08-13 20:32:05.252,525,,2026-08-13,2026-08-14
3f,GPCC_stage3_interaction_feautre,manual__2026-08-13T11:17:41.651274+00:00,save_inter_feature,manual,,2,2026-08-13 20:32:08.374,2026-08-13 20:37:29.794,321,,2026-08-13,2026-08-14
3f,GPCC_stage3_interaction_feautre,manual__2026-08-13T11:17:41.651274+00:00,unload_shared_ft_features,manual,,2,2026-08-13 20:37:32.741,2026-08-13 20:38:26.802,54,,2026-08-13,2026-08-14
3f,GPCC_stage3_interaction_feautre,manual__2026-08-13T11:17:41.651274+00:00,trigger_gv_tgps_bsis,manual,,2,2026-08-13 20:38:30.171,2026-08-13 20:38:34.289,4,,2026-08-13,2026-08-14
3f,GPCC_stage3_interaction_feautre,manual__2026-08-13T11:17:41.651274+00:00,trigger_gv_cntn_info,manual,,2,2026-08-13 20:38:37.451,2026-08-13 20:38:42.138,4,,2026-08-13,2026-08-14
3f,GPCC_stage3_interaction_feautre,manual__2026-08-13T11:17:41.651274+00:00,trigger_gv_cust_bhve_info,manual,,2,2026-08-13 20:38:45.411,2026-08-13 20:38:49.231,3,,2026-08-13,2026-08-14
3f,GPCC_stage3_interaction_feautre,manual__2026-08-13T11:17:41.651274+00:00,preproc_end_alert,manual,,2,2026-08-13 20:38:52.450,2026-08-13 20:38:53.209,0,,2026-08-13,2026-08-14
3f,GPCC_stage3_interaction_feautre,manual__2026-08-13T11:17:41.651274+00:00,done_api,manual,,2,2026-08-13 20:38:56.676,2026-08-13 20:38:57.280,0,,2026-08-13,2026-08-14
3f,GPCC_mthly_execute_trigger,scheduled__2026-08-12T12:30:00+00:00,start,scheduled,,2,2026-08-13 21:30:06.958,2026-08-13 21:30:07.776,0,,2026-08-13,2026-08-14
3f,GPCC_mthly_execute_trigger,scheduled__2026-08-12T12:30:00+00:00,trigger,scheduled,,2,2026-08-13 21:30:11.302,2026-08-13 21:30:11.695,0,,2026-08-13,2026-08-14
3f,GPCC_mthly_execute_trigger,scheduled__2026-08-12T12:30:00+00:00,trigger_execute_date,scheduled,,2,2026-08-13 21:30:15.380,2026-08-13 21:30:25.016,9,,2026-08-13,2026-08-14
3f,GPCC_mthly_execute_trigger,scheduled__2026-08-12T12:30:00+00:00,fail_empty_mail,scheduled,,1,2026-08-13 21:30:25.219,2026-08-13 21:30:25.219,0,,2026-08-13,2026-08-14
3f,GPCC_mthly_execute_trigger,scheduled__2026-08-12T12:30:00+00:00,trigger_mthly_rec_result,scheduled,,2,2026-08-13 21:30:28.210,2026-08-13 21:30:31.979,3,,2026-08-13,2026-08-14
3f,GPCC_mthly_execute_trigger,scheduled__2026-08-12T12:30:00+00:00,done_api,scheduled,,2,2026-08-13 21:30:34.197,2026-08-13 21:30:34.905,0,,2026-08-13,2026-08-14
3f,GPCC_mthly_rec_result,manual__2026-08-13T12:30:31.392877+00:00,start,manual,,2,2026-08-13 21:30:34.209,2026-08-13 21:30:34.968,0,,2026-08-13,2026-08-14
3f,GPCC_mthly_rec_result,manual__2026-08-13T12:30:31.392877+00:00,trigger,manual,,2,2026-08-13 21:30:37.799,2026-08-13 21:30:38.382,0,,2026-08-13,2026-08-14
3f,GPCC_mthly_rec_result,manual__2026-08-13T12:30:31.392877+00:00,make_pipeline_date,manual,,2,2026-08-13 21:30:41.853,2026-08-13 21:33:53.161,191,,2026-08-13,2026-08-14
3f,GPCC_mthly_rec_result,manual__2026-08-13T12:30:31.392877+00:00,load_rec_target,manual,,2,2026-08-13 21:33:56.664,2026-08-13 21:35:11.422,74,,2026-08-13,2026-08-14
3f,GPCC_mthly_rec_result,manual__2026-08-13T12:30:31.392877+00:00,mk_mthly_rec_result,manual,,2,2026-08-13 21:35:14.334,2026-08-13 21:45:36.616,622,,2026-08-13,2026-08-14
3f,GPCC_mthly_rec_result,manual__2026-08-13T12:30:31.392877+00:00,save_rec_result,manual,,2,2026-08-13 21:45:39.927,2026-08-13 21:50:36.373,296,,2026-08-13,2026-08-14
3f,GPCC_mthly_rec_result,manual__2026-08-13T12:30:31.392877+00:00,mthly_dq_check,manual,,2,2026-08-13 21:50:39.272,2026-08-13 21:52:53.101,133,,2026-08-13,2026-08-14
3f,GPCC_mthly_rec_result,manual__2026-08-13T12:30:31.392877+00:00,dq_check_mail,manual,,2,2026-08-13 21:52:55.795,2026-08-13 21:53:01.929,6,,2026-08-13,2026-08-14
3f,GPCC_mthly_rec_result,manual__2026-08-13T12:30:31.392877+00:00,done_api,manual,,2,2026-08-13 21:53:04.877,2026-08-13 21:53:05.606,0,,2026-08-13,2026-08-14
3f,GPCC_stage4_post_proc,scheduled__2026-08-12T14:40:00+00:00,start,scheduled,,2,2026-08-13 23:40:04.687,2026-08-13 23:40:05.366,0,,2026-08-13,2026-08-14
3f,duplicate_ft_result_check,scheduled__2026-08-12T14:40:00+00:00,start,scheduled,,2,2026-08-13 23:40:04.880,2026-08-13 23:40:05.494,0,,2026-08-13,2026-08-14
3f,duplicate_ft_result_check,scheduled__2026-08-12T14:40:00+00:00,trigger,scheduled,,2,2026-08-13 23:49:49.855,2026-08-13 23:49:50.468,0,,2026-08-13,2026-08-14
3f,GPCC_stage4_post_proc,scheduled__2026-08-12T14:40:00+00:00,trigger,scheduled,,2,2026-08-13 23:49:50.190,2026-08-13 23:49:51.022,0,,2026-08-13,2026-08-14
3f,duplicate_ft_result_check,scheduled__2026-08-12T14:40:00+00:00,check_duplicate,scheduled,,2,2026-08-13 23:49:53.805,2026-08-13 23:50:36.167,42,,2026-08-13,2026-08-14
3f,GPCC_stage4_post_proc,scheduled__2026-08-12T14:40:00+00:00,check_duplicate,scheduled,,2,2026-08-13 23:49:53.839,2026-08-13 23:50:21.651,27,,2026-08-13,2026-08-14
3f,GPCC_stage4_post_proc,scheduled__2026-08-12T14:40:00+00:00,load_rec_result,scheduled,,2,2026-08-13 23:50:24.434,2026-08-13 23:52:12.320,107,,2026-08-13,2026-08-14
3f,duplicate_ft_result_check,scheduled__2026-08-12T14:40:00+00:00,ft_result_dup_check_mail,scheduled,,2,2026-08-13 23:50:39.612,2026-08-13 23:50:45.807,6,,2026-08-13,2026-08-14
3f,duplicate_ft_result_check,scheduled__2026-08-12T14:40:00+00:00,done_api,scheduled,,2,2026-08-13 23:50:48.958,2026-08-13 23:50:49.591,0,,2026-08-13,2026-08-14
3f,GPCC_stage4_post_proc,scheduled__2026-08-12T14:40:00+00:00,RecResult,scheduled,,2,2026-08-13 23:52:15.093,2026-08-13 23:59:37.483,442,,2026-08-14,2026-08-15
3f,GPCC_stage4_post_proc,scheduled__2026-08-12T14:40:00+00:00,save_rec_result,scheduled,,2,2026-08-13 23:59:40.607,2026-08-14 00:04:25.133,284,,2026-08-14,2026-08-15
3f,GPCC_stage4_post_proc,scheduled__2026-08-12T14:40:00+00:00,check_dd_rec_result,scheduled,,2,2026-08-14 00:04:28.216,2026-08-14 00:04:55.721,27,,2026-08-14,2026-08-15
3f,GPCC_stage4_post_proc,scheduled__2026-08-12T14:40:00+00:00,trigger_mark_success_all_success,scheduled,,2,2026-08-14 00:04:59.139,2026-08-14 00:05:01.871,2,,2026-08-14,2026-08-15
3f,GPCC_stage4_post_proc,scheduled__2026-08-12T14:40:00+00:00,trigger_sg_workflow_if_one_failed,scheduled,,1,2026-08-14 00:05:02.044,2026-08-14 00:05:02.044,0,,2026-08-14,2026-08-15
3f,GPCC_stage4_post_proc,scheduled__2026-08-12T14:40:00+00:00,done_api,scheduled,,1,2026-08-14 00:05:02.264,2026-08-14 00:05:02.264,0,,2026-08-14,2026-08-15
3f,gpcc_mark_success,manual__2026-08-13T15:05:01.410306+00:00,start,manual,,2,2026-08-14 00:05:04.419,2026-08-14 00:05:05.156,0,,2026-08-14,2026-08-15
3f,gpcc_mark_success,manual__2026-08-13T15:05:01.410306+00:00,trigger,manual,,2,2026-08-14 00:05:08.615,2026-08-14 00:05:09.107,0,,2026-08-14,2026-08-15
3f,gpcc_mark_success,manual__2026-08-13T15:05:01.410306+00:00,check_mark_success,manual,,2,2026-08-14 00:05:12.709,2026-08-14 00:05:21.812,9,,2026-08-14,2026-08-15
3f,gpcc_mark_success,manual__2026-08-13T15:05:01.410306+00:00,done_api,manual,,2,2026-08-14 00:05:24.619,2026-08-14 00:05:25.165,0,,2026-08-14,2026-08-15
3f,gpcc_dd_transfer,scheduled__2026-08-12T16:00:00+00:00,start,scheduled,,2,2026-08-14 01:00:04.545,2026-08-14 01:00:05.240,0,,2026-08-14,2026-08-15
3f,gpcc_dd_transfer,scheduled__2026-08-12T16:00:00+00:00,trigger,scheduled,,2,2026-08-14 01:00:08.806,2026-08-14 01:00:09.841,1,,2026-08-14,2026-08-15
3f,gpcc_dd_transfer,scheduled__2026-08-12T16:00:00+00:00,transfer_table,scheduled,,2,2026-08-14 01:00:13.002,2026-08-14 01:03:19.547,186,,2026-08-14,2026-08-15
3f,gpcc_dd_transfer,scheduled__2026-08-12T16:00:00+00:00,unload_oo3f_rec_benefit_result,scheduled,,2,2026-08-14 01:03:23.027,2026-08-14 01:03:44.851,21,,2026-08-14,2026-08-15
3f,gpcc_dd_transfer,scheduled__2026-08-12T16:00:00+00:00,trigger_arbiter_transfer,scheduled,,2,2026-08-14 01:03:23.150,2026-08-14 01:03:23.671,0,,2026-08-14,2026-08-15
3f,gpcc_dd_transfer,scheduled__2026-08-12T16:00:00+00:00,trigger_dq_check_mail,scheduled,,2,2026-08-14 01:03:23.547,2026-08-14 01:03:26.892,3,,2026-08-14,2026-08-15
3f,gpcc_dq_mail,manual__2026-08-13T16:03:26.314863+00:00,start,manual,,2,2026-08-14 01:03:29.439,2026-08-14 01:03:30.175,0,,2026-08-14,2026-08-15
3f,gpcc_dq_mail,manual__2026-08-13T16:03:26.314863+00:00,trigger,manual,,2,2026-08-14 01:03:33.164,2026-08-14 01:03:33.971,0,,2026-08-14,2026-08-15
3f,gpcc_dq_mail,manual__2026-08-13T16:03:26.314863+00:00,unload_dq_check,manual,,2,2026-08-14 01:03:36.802,2026-08-14 01:06:22.883,166,,2026-08-14,2026-08-15
3f,gpcc_dq_mail,manual__2026-08-13T16:03:26.314863+00:00,unload_dq_candidate,manual,,2,2026-08-14 01:03:37.642,2026-08-14 01:04:13.898,36,,2026-08-14,2026-08-15
3f,gpcc_dd_transfer,scheduled__2026-08-12T16:00:00+00:00,sink_cms_transfer,scheduled,,2,2026-08-14 01:03:47.952,2026-08-14 01:18:08.990,861,,2026-08-14,2026-08-15
3f,gpcc_dq_mail,manual__2026-08-13T16:03:26.314863+00:00,DQcheck,manual,,2,2026-08-14 01:06:25.546,2026-08-14 01:16:20.424,594,,2026-08-14,2026-08-15
3f,gpcc_dq_mail,manual__2026-08-13T16:03:26.314863+00:00,save_dq_summary,manual,,2,2026-08-14 01:16:24.045,2026-08-14 01:20:24.296,240,,2026-08-14,2026-08-15
3f,gpcc_dd_transfer,scheduled__2026-08-12T16:00:00+00:00,done_api,scheduled,,2,2026-08-14 01:18:12.253,2026-08-14 01:18:12.868,0,,2026-08-14,2026-08-15
3f,gpcc_dq_mail,manual__2026-08-13T16:03:26.314863+00:00,dq_check_mail,manual,,2,2026-08-14 01:20:27.475,2026-08-14 01:21:31.693,64,,2026-08-14,2026-08-15
3f,gpcc_dq_mail,manual__2026-08-13T16:03:26.314863+00:00,done_api,manual,,2,2026-08-14 01:21:34.735,2026-08-14 01:21:35.265,0,,2026-08-14,2026-08-15
3f,temp_log_agg,scheduled__2026-08-13T03:00:00+00:00,start,scheduled,,2,2026-08-14 12:00:03.421,2026-08-14 12:00:04.368,0,,2026-08-14,2026-08-15
3f,temp_log_agg,scheduled__2026-08-13T03:00:00+00:00,trigger,scheduled,,2,2026-08-14 12:00:07.302,2026-08-14 12:00:07.784,0,,2026-08-14,2026-08-15
3f,temp_log_agg,scheduled__2026-08-13T03:00:00+00:00,load_log_agg,scheduled,,2,2026-08-14 12:00:11.451,2026-08-14 12:27:04.511,1613,,2026-08-14,2026-08-15
3f,temp_log_agg,scheduled__2026-08-13T03:00:00+00:00,save_log_agg,scheduled,,2,2026-08-14 12:27:07.364,2026-08-14 12:27:26.713,19,,2026-08-14,2026-08-15
3f,temp_log_agg,scheduled__2026-08-13T03:00:00+00:00,log_check_mail,scheduled,,2,2026-08-14 12:27:29.824,2026-08-14 12:27:35.878,6,,2026-08-14,2026-08-15
3f,temp_log_agg,scheduled__2026-08-13T03:00:00+00:00,done_api,scheduled,,2,2026-08-14 12:27:38.773,2026-08-14 12:27:39.581,0,,2026-08-14,2026-08-15
3f,GPCC_stage1_item_feature,scheduled__2026-08-13T10:00:00+00:00,start,scheduled,,2,2026-08-14 19:00:07.310,2026-08-14 19:00:08.388,1,,2026-08-14,2026-08-15
3f,GPCC_stage1_item_feature,scheduled__2026-08-13T10:00:00+00:00,trigger,scheduled,,2,2026-08-14 19:00:11.520,2026-08-14 19:00:12.447,0,,2026-08-14,2026-08-15
3f,GPCC_stage1_item_feature,scheduled__2026-08-13T10:00:00+00:00,make_pipeline_date,scheduled,,2,2026-08-14 19:00:15.752,2026-08-14 19:02:08.086,112,,2026-08-14,2026-08-15
3f,GPCC_stage1_item_feature,scheduled__2026-08-13T10:00:00+00:00,save_pipeline_date,scheduled,,2,2026-08-14 19:02:10.768,2026-08-14 19:02:37.632,26,,2026-08-14,2026-08-15
3f,GPCC_stage1_item_feature,scheduled__2026-08-13T10:00:00+00:00,load_log_parser,scheduled,,2,2026-08-14 19:02:40.291,2026-08-14 19:06:55.618,255,,2026-08-14,2026-08-15
3f,GPCC_stage1_item_feature,scheduled__2026-08-13T10:00:00+00:00,load_item_meta,scheduled,,2,2026-08-14 19:02:40.421,2026-08-14 19:04:24.297,103,,2026-08-14,2026-08-15
3f,GPCC_stage1_item_feature,scheduled__2026-08-13T10:00:00+00:00,load_item_feature,scheduled,,2,2026-08-14 19:02:40.563,2026-08-14 19:05:11.934,151,,2026-08-14,2026-08-15
3f,GPCC_stage1_item_feature,scheduled__2026-08-13T10:00:00+00:00,ItemMetaGenerator,scheduled,,2,2026-08-14 19:06:58.238,2026-08-14 19:09:55.955,177,,2026-08-14,2026-08-15
3f,GPCC_stage1_item_feature,scheduled__2026-08-13T10:00:00+00:00,LogGenerator,scheduled,,2,2026-08-14 19:09:59.511,2026-08-14 19:15:25.807,326,,2026-08-14,2026-08-15
3f,GPCC_stage1_item_feature,scheduled__2026-08-13T10:00:00+00:00,FT_ItemFeature,scheduled,,2,2026-08-14 19:15:29.120,2026-08-14 19:19:26.228,237,,2026-08-14,2026-08-15
3f,GPCC_stage1_item_feature,scheduled__2026-08-13T10:00:00+00:00,save_stage1_mart,scheduled,,2,2026-08-14 19:19:29.273,2026-08-14 19:25:23.018,353,,2026-08-14,2026-08-15
3f,GPCC_stage1_item_feature,scheduled__2026-08-13T10:00:00+00:00,trigger_gpcc_candidate,scheduled,,2,2026-08-14 19:25:26.012,2026-08-14 19:25:29.588,3,,2026-08-14,2026-08-15
3f,GPCC_stage2_select,manual__2026-08-14T10:25:29.176571+00:00,start,manual,,2,2026-08-14 19:25:33.366,2026-08-14 19:25:33.857,0,,2026-08-14,2026-08-15
3f,GPCC_stage1_item_feature,scheduled__2026-08-13T10:00:00+00:00,done_api,scheduled,,2,2026-08-14 19:25:34.109,2026-08-14 19:25:34.904,0,,2026-08-14,2026-08-15
3f,GPCC_stage2_select,manual__2026-08-14T10:25:29.176571+00:00,trigger,manual,,2,2026-08-14 19:25:37.046,2026-08-14 19:25:38.142,1,,2026-08-14,2026-08-15
3f,GPCC_stage2_select,manual__2026-08-14T10:25:29.176571+00:00,save_targeting,manual,,2,2026-08-14 19:25:41.707,2026-08-14 19:27:16.688,94,,2026-08-14,2026-08-15
3f,GPCC_stage2_select,manual__2026-08-14T10:25:29.176571+00:00,save_cs_size,manual,,2,2026-08-14 19:27:19.507,2026-08-14 19:27:51.574,32,,2026-08-14,2026-08-15
3f,GPCC_stage2_select,manual__2026-08-14T10:25:29.176571+00:00,check_c2p_cnt,manual,,2,2026-08-14 19:27:54.680,2026-08-14 19:28:08.110,13,,2026-08-14,2026-08-15
3f,GPCC_stage2_select,manual__2026-08-14T10:25:29.176571+00:00,save_all_c2p,manual,,1,2026-08-14 19:28:08.190,2026-08-14 19:28:08.190,0,,2026-08-14,2026-08-15
3f,GPCC_stage2_select,manual__2026-08-14T10:25:29.176571+00:00,load_dv_features,manual,,2,2026-08-14 19:28:11.006,2026-08-14 19:28:17.261,6,,2026-08-14,2026-08-15
3f,GPCC_stage2_select,manual__2026-08-14T10:25:29.176571+00:00,load_item_lgcn_embs,manual,,2,2026-08-14 19:28:11.152,2026-08-14 19:28:17.356,6,,2026-08-14,2026-08-15
3f,GPCC_stage2_select,manual__2026-08-14T10:25:29.176571+00:00,load_user_features,manual,,2,2026-08-14 19:28:11.256,2026-08-14 19:28:28.612,17,,2026-08-14,2026-08-15
3f,GPCC_stage2_select,manual__2026-08-14T10:25:29.176571+00:00,load_item_meta,manual,,2,2026-08-14 19:28:11.273,2026-08-14 19:28:17.477,6,,2026-08-14,2026-08-15
3f,GPCC_stage2_select,manual__2026-08-14T10:25:29.176571+00:00,load_user_lgcn_embs,manual,,2,2026-08-14 19:28:11.388,2026-08-14 19:28:29.420,18,,2026-08-14,2026-08-15
3f,GPCC_stage2_select,manual__2026-08-14T10:25:29.176571+00:00,load_item_emb_feat,manual,,2,2026-08-14 19:28:11.597,2026-08-14 19:28:18.440,6,,2026-08-14,2026-08-15
3f,GPCC_stage2_select,manual__2026-08-14T10:25:29.176571+00:00,task_prd_pl_inf_pl2mfl3101_v2,manual,,2,2026-08-14 19:28:32.755,2026-08-14 19:46:25.568,1072,,2026-08-14,2026-08-15
3f,GPCC_stage2_select,manual__2026-08-14T10:25:29.176571+00:00,save_cs_result,manual,,2,2026-08-14 19:46:28.686,2026-08-14 19:47:31.423,62,,2026-08-14,2026-08-15
3f,GPCC_stage2_select,manual__2026-08-14T10:25:29.176571+00:00,save_gpcc,manual,,2,2026-08-14 19:47:34.310,2026-08-14 19:48:14.780,40,,2026-08-14,2026-08-15
3f,GPCC_stage2_select,manual__2026-08-14T10:25:29.176571+00:00,trigger_stage3,manual,,2,2026-08-14 19:48:17.331,2026-08-14 19:48:20.643,3,,2026-08-14,2026-08-15
3f,GPCC_stage3_interaction_feautre,manual__2026-08-14T10:48:20.029632+00:00,start,manual,,2,2026-08-14 19:48:23.279,2026-08-14 19:48:23.903,0,,2026-08-14,2026-08-15
3f,GPCC_stage2_select,manual__2026-08-14T10:25:29.176571+00:00,done_api,manual,,2,2026-08-14 19:48:24.724,2026-08-14 19:48:25.214,0,,2026-08-14,2026-08-15
3f,GPCC_stage3_interaction_feautre,manual__2026-08-14T10:48:20.029632+00:00,trigger,manual,,2,2026-08-14 19:48:27.600,2026-08-14 19:48:28.234,0,,2026-08-14,2026-08-15
3f,GPCC_stage3_interaction_feautre,manual__2026-08-14T10:48:20.029632+00:00,load_interaction_feature,manual,,2,2026-08-14 19:48:30.935,2026-08-14 19:52:48.879,257,,2026-08-14,2026-08-15
3f,GPCC_stage3_interaction_feautre,manual__2026-08-14T10:48:20.029632+00:00,load_rec_target,manual,,2,2026-08-14 19:48:32.139,2026-08-14 19:49:01.067,28,,2026-08-14,2026-08-15
3f,GPCC_stage3_interaction_feautre,manual__2026-08-14T10:48:20.029632+00:00,FT_InteractionFeature,manual,,2,2026-08-14 19:52:52.340,2026-08-14 19:59:01.148,368,,2026-08-14,2026-08-15
3f,GPCC_stage3_interaction_feautre,manual__2026-08-14T10:48:20.029632+00:00,save_inter_feature,manual,,2,2026-08-14 19:59:04.659,2026-08-14 20:02:37.965,213,,2026-08-14,2026-08-15
3f,gpcc_select_dq_mail,scheduled__2026-08-13T11:00:00+00:00,start,scheduled,,2,2026-08-14 20:00:04.700,2026-08-14 20:00:05.823,1,,2026-08-14,2026-08-15
3f,GPCC_stage3_interaction_feautre,manual__2026-08-14T10:48:20.029632+00:00,unload_shared_ft_features,manual,,2,2026-08-14 20:02:41.314,2026-08-14 20:03:15.664,34,,2026-08-14,2026-08-15
3f,GPCC_stage3_interaction_feautre,manual__2026-08-14T10:48:20.029632+00:00,trigger_gv_tgps_bsis,manual,,2,2026-08-14 20:03:18.633,2026-08-14 20:03:22.553,3,,2026-08-14,2026-08-15
3f,GPCC_stage3_interaction_feautre,manual__2026-08-14T10:48:20.029632+00:00,trigger_gv_cntn_info,manual,,2,2026-08-14 20:03:25.345,2026-08-14 20:03:30.360,5,,2026-08-14,2026-08-15
3f,GPCC_stage3_interaction_feautre,manual__2026-08-14T10:48:20.029632+00:00,trigger_gv_cust_bhve_info,manual,,2,2026-08-14 20:03:32.937,2026-08-14 20:03:36.758,3,,2026-08-14,2026-08-15
3f,GPCC_stage3_interaction_feautre,manual__2026-08-14T10:48:20.029632+00:00,preproc_end_alert,manual,,2,2026-08-14 20:03:39.555,2026-08-14 20:03:40.364,0,,2026-08-14,2026-08-15
3f,GPCC_stage3_interaction_feautre,manual__2026-08-14T10:48:20.029632+00:00,done_api,manual,,2,2026-08-14 20:03:42.935,2026-08-14 20:03:43.485,0,,2026-08-14,2026-08-15
3f,gpcc_select_dq_mail,scheduled__2026-08-13T11:00:00+00:00,trigger,scheduled,,2,2026-08-14 20:20:34.897,2026-08-14 20:20:35.745,0,,2026-08-14,2026-08-15
3f,gpcc_select_dq_mail,scheduled__2026-08-13T11:00:00+00:00,save_input_summary,scheduled,,2,2026-08-14 20:20:38.523,2026-08-14 20:21:20.661,42,,2026-08-14,2026-08-15
3f,gpcc_select_dq_mail,scheduled__2026-08-13T11:00:00+00:00,save_select_wf,scheduled,,2,2026-08-14 20:20:38.806,2026-08-14 20:21:19.929,41,,2026-08-14,2026-08-15
3f,gpcc_select_dq_mail,scheduled__2026-08-13T11:00:00+00:00,dq_mail,scheduled,,2,2026-08-14 20:21:23.559,2026-08-14 20:21:35.456,11,,2026-08-14,2026-08-15
3f,gpcc_select_dq_mail,scheduled__2026-08-13T11:00:00+00:00,done_api,scheduled,,2,2026-08-14 20:21:38.392,2026-08-14 20:21:38.874,0,,2026-08-14,2026-08-15
3f,GPCC_mthly_execute_trigger,scheduled__2026-08-13T12:30:00+00:00,start,scheduled,,2,2026-08-14 21:30:07.412,2026-08-14 21:30:08.264,0,,2026-08-14,2026-08-15
3f,GPCC_mthly_execute_trigger,scheduled__2026-08-13T12:30:00+00:00,trigger,scheduled,,2,2026-08-14 21:30:11.659,2026-08-14 21:30:12.047,0,,2026-08-14,2026-08-15
3f,GPCC_mthly_execute_trigger,scheduled__2026-08-13T12:30:00+00:00,trigger_execute_date,scheduled,,2,2026-08-14 21:30:14.842,2026-08-14 21:30:29.420,14,,2026-08-14,2026-08-15
3f,GPCC_mthly_execute_trigger,scheduled__2026-08-13T12:30:00+00:00,fail_empty_mail,scheduled,,1,2026-08-14 21:30:29.625,2026-08-14 21:30:29.625,0,,2026-08-14,2026-08-15
3f,GPCC_mthly_execute_trigger,scheduled__2026-08-13T12:30:00+00:00,trigger_mthly_rec_result,scheduled,,2,2026-08-14 21:30:32.311,2026-08-14 21:30:35.898,3,,2026-08-14,2026-08-15
3f,GPCC_mthly_execute_trigger,scheduled__2026-08-13T12:30:00+00:00,done_api,scheduled,,2,2026-08-14 21:30:37.885,2026-08-14 21:30:38.668,0,,2026-08-14,2026-08-15
3f,GPCC_mthly_rec_result,manual__2026-08-14T12:30:35.196518+00:00,start,manual,,2,2026-08-14 21:30:38.339,2026-08-14 21:30:39.150,0,,2026-08-14,2026-08-15
3f,GPCC_mthly_rec_result,manual__2026-08-14T12:30:35.196518+00:00,trigger,manual,,2,2026-08-14 21:30:42.572,2026-08-14 21:30:43.107,0,,2026-08-14,2026-08-15
3f,GPCC_mthly_rec_result,manual__2026-08-14T12:30:35.196518+00:00,make_pipeline_date,manual,,2,2026-08-14 21:30:46.254,2026-08-14 21:33:32.804,166,,2026-08-14,2026-08-15
3f,GPCC_mthly_rec_result,manual__2026-08-14T12:30:35.196518+00:00,load_rec_target,manual,,2,2026-08-14 21:33:35.753,2026-08-14 21:34:41.521,65,,2026-08-14,2026-08-15
3f,GPCC_mthly_rec_result,manual__2026-08-14T12:30:35.196518+00:00,mk_mthly_rec_result,manual,,2,2026-08-14 21:34:45.191,2026-08-14 21:44:44.459,599,,2026-08-14,2026-08-15
3f,GPCC_mthly_rec_result,manual__2026-08-14T12:30:35.196518+00:00,save_rec_result,manual,,2,2026-08-14 21:44:48.031,2026-08-14 21:49:20.523,272,,2026-08-14,2026-08-15
3f,GPCC_mthly_rec_result,manual__2026-08-14T12:30:35.196518+00:00,mthly_dq_check,manual,,2,2026-08-14 21:49:23.930,2026-08-14 21:51:28.568,124,,2026-08-14,2026-08-15
3f,GPCC_mthly_rec_result,manual__2026-08-14T12:30:35.196518+00:00,dq_check_mail,manual,,2,2026-08-14 21:51:31.191,2026-08-14 21:51:37.188,5,,2026-08-14,2026-08-15
3f,GPCC_mthly_rec_result,manual__2026-08-14T12:30:35.196518+00:00,done_api,manual,,2,2026-08-14 21:51:40.365,2026-08-14 21:51:40.926,0,,2026-08-14,2026-08-15
3f,duplicate_ft_result_check,scheduled__2026-08-13T14:40:00+00:00,start,scheduled,,2,2026-08-14 23:40:07.244,2026-08-14 23:40:07.876,0,,2026-08-14,2026-08-15
3f,GPCC_stage4_post_proc,scheduled__2026-08-13T14:40:00+00:00,start,scheduled,,2,2026-08-14 23:40:07.511,2026-08-14 23:40:08.181,0,,2026-08-14,2026-08-15
3f,duplicate_ft_result_check,scheduled__2026-08-13T14:40:00+00:00,trigger,scheduled,,2,2026-08-14 23:45:58.252,2026-08-14 23:45:58.857,0,,2026-08-14,2026-08-15
3f,GPCC_stage4_post_proc,scheduled__2026-08-13T14:40:00+00:00,trigger,scheduled,,2,2026-08-14 23:45:58.912,2026-08-14 23:45:59.684,0,,2026-08-14,2026-08-15
3f,duplicate_ft_result_check,scheduled__2026-08-13T14:40:00+00:00,check_duplicate,scheduled,,2,2026-08-14 23:46:01.768,2026-08-14 23:46:46.209,44,,2026-08-14,2026-08-15
3f,GPCC_stage4_post_proc,scheduled__2026-08-13T14:40:00+00:00,check_duplicate,scheduled,,2,2026-08-14 23:46:02.730,2026-08-14 23:46:15.343,12,,2026-08-14,2026-08-15
3f,GPCC_stage4_post_proc,scheduled__2026-08-13T14:40:00+00:00,load_rec_result,scheduled,,2,2026-08-14 23:46:18.786,2026-08-14 23:47:13.424,54,,2026-08-14,2026-08-15
3f,duplicate_ft_result_check,scheduled__2026-08-13T14:40:00+00:00,ft_result_dup_check_mail,scheduled,,2,2026-08-14 23:46:49.666,2026-08-14 23:46:55.974,6,,2026-08-14,2026-08-15
3f,duplicate_ft_result_check,scheduled__2026-08-13T14:40:00+00:00,done_api,scheduled,,2,2026-08-14 23:46:58.835,2026-08-14 23:46:59.348,0,,2026-08-14,2026-08-15
3f,GPCC_stage4_post_proc,scheduled__2026-08-13T14:40:00+00:00,RecResult,scheduled,,2,2026-08-14 23:47:16.085,2026-08-14 23:50:48.918,212,,2026-08-14,2026-08-15
3f,GPCC_stage4_post_proc,scheduled__2026-08-13T14:40:00+00:00,save_rec_result,scheduled,,2,2026-08-14 23:50:52.020,2026-08-14 23:53:00.925,128,,2026-08-14,2026-08-15
3f,GPCC_stage4_post_proc,scheduled__2026-08-13T14:40:00+00:00,check_dd_rec_result,scheduled,,2,2026-08-14 23:53:03.648,2026-08-14 23:53:16.112,12,,2026-08-15,2026-08-16
3f,GPCC_stage4_post_proc,scheduled__2026-08-13T14:40:00+00:00,trigger_mark_success_all_success,scheduled,,2,2026-08-14 23:53:18.669,2026-08-14 23:53:21.341,2,,2026-08-15,2026-08-16
3f,GPCC_stage4_post_proc,scheduled__2026-08-13T14:40:00+00:00,trigger_sg_workflow_if_one_failed,scheduled,,1,2026-08-14 23:53:21.426,2026-08-14 23:53:21.426,0,,2026-08-15,2026-08-16
3f,GPCC_stage4_post_proc,scheduled__2026-08-13T14:40:00+00:00,done_api,scheduled,,1,2026-08-14 23:53:21.617,2026-08-14 23:53:21.617,0,,2026-08-15,2026-08-16
3f,gpcc_mark_success,manual__2026-08-14T14:53:20.722066+00:00,start,manual,,2,2026-08-14 23:53:24.291,2026-08-14 23:53:25.004,0,,2026-08-15,2026-08-16
3f,gpcc_mark_success,manual__2026-08-14T14:53:20.722066+00:00,trigger,manual,,2,2026-08-14 23:53:27.871,2026-08-14 23:53:28.366,0,,2026-08-15,2026-08-16
3f,gpcc_mark_success,manual__2026-08-14T14:53:20.722066+00:00,check_mark_success,manual,,2,2026-08-14 23:53:31.495,2026-08-14 23:53:43.802,12,,2026-08-15,2026-08-16
3f,gpcc_mark_success,manual__2026-08-14T14:53:20.722066+00:00,done_api,manual,,2,2026-08-14 23:53:47.346,2026-08-14 23:53:47.825,0,,2026-08-15,2026-08-16
3f,gpcc_dd_transfer,scheduled__2026-08-13T16:00:00+00:00,start,scheduled,,2,2026-08-15 01:00:06.702,2026-08-15 01:00:07.386,0,,2026-08-15,2026-08-16
3f,gpcc_dd_transfer,scheduled__2026-08-13T16:00:00+00:00,trigger,scheduled,,2,2026-08-15 01:00:10.705,2026-08-15 01:00:11.716,1,,2026-08-15,2026-08-16
3f,gpcc_dd_transfer,scheduled__2026-08-13T16:00:00+00:00,transfer_table,scheduled,,2,2026-08-15 01:00:15.373,2026-08-15 01:03:34.759,199,,2026-08-15,2026-08-16
3f,gpcc_dd_transfer,scheduled__2026-08-13T16:00:00+00:00,trigger_arbiter_transfer,scheduled,,2,2026-08-15 01:03:37.650,2026-08-15 01:03:38.204,0,,2026-08-15,2026-08-16
3f,gpcc_dd_transfer,scheduled__2026-08-13T16:00:00+00:00,trigger_dq_check_mail,scheduled,,2,2026-08-15 01:03:37.943,2026-08-15 01:03:41.438,3,,2026-08-15,2026-08-16
3f,gpcc_dd_transfer,scheduled__2026-08-13T16:00:00+00:00,unload_oo3f_rec_benefit_result,scheduled,,2,2026-08-15 01:03:38.394,2026-08-15 01:04:01.068,22,,2026-08-15,2026-08-16
3f,gpcc_dq_mail,manual__2026-08-14T16:03:40.862702+00:00,start,manual,,2,2026-08-15 01:03:43.967,2026-08-15 01:03:44.649,0,,2026-08-15,2026-08-16
3f,gpcc_dq_mail,manual__2026-08-14T16:03:40.862702+00:00,trigger,manual,,2,2026-08-15 01:03:47.773,2026-08-15 01:03:48.520,0,,2026-08-15,2026-08-16
3f,gpcc_dq_mail,manual__2026-08-14T16:03:40.862702+00:00,unload_dq_candidate,manual,,2,2026-08-15 01:03:51.829,2026-08-15 01:04:32.473,40,,2026-08-15,2026-08-16
3f,gpcc_dq_mail,manual__2026-08-14T16:03:40.862702+00:00,unload_dq_check,manual,,2,2026-08-15 01:03:51.997,2026-08-15 01:07:05.237,193,,2026-08-15,2026-08-16
3f,gpcc_dd_transfer,scheduled__2026-08-13T16:00:00+00:00,sink_cms_transfer,scheduled,,2,2026-08-15 01:04:04.602,2026-08-15 01:16:06.808,722,,2026-08-15,2026-08-16
3f,gpcc_dq_mail,manual__2026-08-14T16:03:40.862702+00:00,DQcheck,manual,,2,2026-08-15 01:07:08.898,2026-08-15 01:17:32.331,623,,2026-08-15,2026-08-16
3f,gpcc_dd_transfer,scheduled__2026-08-13T16:00:00+00:00,done_api,scheduled,,2,2026-08-15 01:16:09.940,2026-08-15 01:16:10.530,0,,2026-08-15,2026-08-16
3f,gpcc_dq_mail,manual__2026-08-14T16:03:40.862702+00:00,save_dq_summary,manual,,2,2026-08-15 01:17:34.971,2026-08-15 01:22:15.790,280,,2026-08-15,2026-08-16
3f,gpcc_dq_mail,manual__2026-08-14T16:03:40.862702+00:00,dq_check_mail,manual,,2,2026-08-15 01:22:18.554,2026-08-15 01:23:30.581,72,,2026-08-15,2026-08-16
3f,gpcc_dq_mail,manual__2026-08-14T16:03:40.862702+00:00,done_api,manual,,2,2026-08-15 01:23:33.669,2026-08-15 01:23:34.357,0,,2026-08-15,2026-08-16
3f,temp_log_agg,scheduled__2026-08-14T03:00:00+00:00,start,scheduled,,2,2026-08-15 12:00:05.692,2026-08-15 12:00:06.659,0,,2026-08-15,2026-08-16
3f,temp_log_agg,scheduled__2026-08-14T03:00:00+00:00,trigger,scheduled,,2,2026-08-15 12:00:10.105,2026-08-15 12:00:10.626,0,,2026-08-15,2026-08-16
3f,temp_log_agg,scheduled__2026-08-14T03:00:00+00:00,load_log_agg,scheduled,,2,2026-08-15 12:00:13.237,2026-08-15 12:29:27.356,1754,,2026-08-15,2026-08-16
3f,temp_log_agg,scheduled__2026-08-14T03:00:00+00:00,save_log_agg,scheduled,,2,2026-08-15 12:29:30.222,2026-08-15 12:29:52.481,22,,2026-08-15,2026-08-16
3f,temp_log_agg,scheduled__2026-08-14T03:00:00+00:00,log_check_mail,scheduled,,2,2026-08-15 12:29:55.239,2026-08-15 12:30:01.657,6,,2026-08-15,2026-08-16
3f,temp_log_agg,scheduled__2026-08-14T03:00:00+00:00,done_api,scheduled,,2,2026-08-15 12:30:04.328,2026-08-15 12:30:05.085,0,,2026-08-15,2026-08-16
3f,GPCC_stage1_item_feature,scheduled__2026-08-14T10:00:00+00:00,start,scheduled,,2,2026-08-15 19:00:05.000,2026-08-15 19:00:06.142,1,,2026-08-15,2026-08-16
3f,GPCC_stage1_item_feature,scheduled__2026-08-14T10:00:00+00:00,trigger,scheduled,,2,2026-08-15 19:00:09.083,2026-08-15 19:00:09.965,0,,2026-08-15,2026-08-16
3f,GPCC_stage1_item_feature,scheduled__2026-08-14T10:00:00+00:00,make_pipeline_date,scheduled,,2,2026-08-15 19:00:12.993,2026-08-15 19:03:15.636,182,,2026-08-15,2026-08-16
3f,GPCC_stage1_item_feature,scheduled__2026-08-14T10:00:00+00:00,save_pipeline_date,scheduled,,2,2026-08-15 19:03:18.974,2026-08-15 19:04:00.161,41,,2026-08-15,2026-08-16
3f,GPCC_stage1_item_feature,scheduled__2026-08-14T10:00:00+00:00,load_item_feature,scheduled,,2,2026-08-15 19:04:03.515,2026-08-15 19:08:03.353,239,,2026-08-15,2026-08-16
3f,GPCC_stage1_item_feature,scheduled__2026-08-14T10:00:00+00:00,load_item_meta,scheduled,,2,2026-08-15 19:04:03.581,2026-08-15 19:06:33.983,150,,2026-08-15,2026-08-16
3f,GPCC_stage1_item_feature,scheduled__2026-08-14T10:00:00+00:00,load_log_parser,scheduled,,2,2026-08-15 19:04:03.595,2026-08-15 19:11:05.741,422,,2026-08-15,2026-08-16
3f,GPCC_stage1_item_feature,scheduled__2026-08-14T10:00:00+00:00,ItemMetaGenerator,scheduled,,2,2026-08-15 19:11:08.687,2026-08-15 19:15:32.636,263,,2026-08-15,2026-08-16
3f,GPCC_stage1_item_feature,scheduled__2026-08-14T10:00:00+00:00,LogGenerator,scheduled,,2,2026-08-15 19:15:35.578,2026-08-15 19:24:42.528,546,,2026-08-15,2026-08-16
3f,GPCC_stage1_item_feature,scheduled__2026-08-14T10:00:00+00:00,FT_ItemFeature,scheduled,,2,2026-08-15 19:24:45.593,2026-08-15 19:30:22.141,336,,2026-08-15,2026-08-16
3f,GPCC_stage1_item_feature,scheduled__2026-08-14T10:00:00+00:00,save_stage1_mart,scheduled,,2,2026-08-15 19:30:25.574,2026-08-15 19:38:57.773,512,,2026-08-15,2026-08-16
3f,GPCC_stage1_item_feature,scheduled__2026-08-14T10:00:00+00:00,trigger_gpcc_candidate,scheduled,,2,2026-08-15 19:39:00.877,2026-08-15 19:39:04.765,3,,2026-08-15,2026-08-16
3f,GPCC_stage2_select,manual__2026-08-15T10:39:04.133586+00:00,start,manual,,2,2026-08-15 19:39:08.282,2026-08-15 19:39:08.796,0,,2026-08-15,2026-08-16
3f,GPCC_stage1_item_feature,scheduled__2026-08-14T10:00:00+00:00,done_api,scheduled,,2,2026-08-15 19:39:08.705,2026-08-15 19:39:09.507,0,,2026-08-15,2026-08-16
3f,GPCC_stage2_select,manual__2026-08-15T10:39:04.133586+00:00,trigger,manual,,2,2026-08-15 19:39:12.489,2026-08-15 19:39:13.540,1,,2026-08-15,2026-08-16
3f,GPCC_stage2_select,manual__2026-08-15T10:39:04.133586+00:00,save_targeting,manual,,2,2026-08-15 19:39:16.905,2026-08-15 19:42:14.314,177,,2026-08-15,2026-08-16
3f,GPCC_stage2_select,manual__2026-08-15T10:39:04.133586+00:00,save_cs_size,manual,,2,2026-08-15 19:42:17.646,2026-08-15 19:43:12.944,55,,2026-08-15,2026-08-16
3f,GPCC_stage2_select,manual__2026-08-15T10:39:04.133586+00:00,check_c2p_cnt,manual,,2,2026-08-15 19:43:16.251,2026-08-15 19:43:40.794,24,,2026-08-15,2026-08-16
3f,GPCC_stage2_select,manual__2026-08-15T10:39:04.133586+00:00,save_all_c2p,manual,,1,2026-08-15 19:43:41.013,2026-08-15 19:43:41.013,0,,2026-08-15,2026-08-16
3f,GPCC_stage2_select,manual__2026-08-15T10:39:04.133586+00:00,load_user_features,manual,,2,2026-08-15 19:43:43.578,2026-08-15 19:44:14.403,30,,2026-08-15,2026-08-16
3f,GPCC_stage2_select,manual__2026-08-15T10:39:04.133586+00:00,load_item_meta,manual,,2,2026-08-15 19:43:43.598,2026-08-15 19:43:56.332,12,,2026-08-15,2026-08-16
3f,GPCC_stage2_select,manual__2026-08-15T10:39:04.133586+00:00,load_item_emb_feat,manual,,2,2026-08-15 19:43:43.686,2026-08-15 19:43:55.437,11,,2026-08-15,2026-08-16
3f,GPCC_stage2_select,manual__2026-08-15T10:39:04.133586+00:00,load_dv_features,manual,,2,2026-08-15 19:43:43.729,2026-08-15 19:43:56.067,12,,2026-08-15,2026-08-16
3f,GPCC_stage2_select,manual__2026-08-15T10:39:04.133586+00:00,load_user_lgcn_embs,manual,,2,2026-08-15 19:43:44.050,2026-08-15 19:44:17.820,33,,2026-08-15,2026-08-16
3f,GPCC_stage2_select,manual__2026-08-15T10:39:04.133586+00:00,load_item_lgcn_embs,manual,,2,2026-08-15 19:43:44.139,2026-08-15 19:43:55.584,11,,2026-08-15,2026-08-16
3f,GPCC_stage2_select,manual__2026-08-15T10:39:04.133586+00:00,task_prd_pl_inf_pl2mfl3101_v2,manual,,2,2026-08-15 19:44:21.168,2026-08-15 20:15:18.310,1857,,2026-08-15,2026-08-16
3f,gpcc_select_dq_mail,scheduled__2026-08-14T11:00:00+00:00,start,scheduled,,2,2026-08-15 20:00:05.781,2026-08-15 20:00:06.864,1,,2026-08-15,2026-08-16
3f,GPCC_stage2_select,manual__2026-08-15T10:39:04.133586+00:00,save_cs_result,manual,,2,2026-08-15 20:15:21.977,2026-08-15 20:17:05.084,103,,2026-08-15,2026-08-16
3f,GPCC_stage2_select,manual__2026-08-15T10:39:04.133586+00:00,save_gpcc,manual,,2,2026-08-15 20:17:07.806,2026-08-15 20:18:25.665,77,,2026-08-15,2026-08-16
3f,GPCC_stage2_select,manual__2026-08-15T10:39:04.133586+00:00,trigger_stage3,manual,,2,2026-08-15 20:18:29.182,2026-08-15 20:18:32.774,3,,2026-08-15,2026-08-16
3f,GPCC_stage2_select,manual__2026-08-15T10:39:04.133586+00:00,done_api,manual,,2,2026-08-15 20:18:35.931,2026-08-15 20:18:36.659,0,,2026-08-15,2026-08-16
3f,GPCC_stage3_interaction_feautre,manual__2026-08-15T11:18:32.175323+00:00,start,manual,,2,2026-08-15 20:18:35.972,2026-08-15 20:18:36.577,0,,2026-08-15,2026-08-16
3f,GPCC_stage3_interaction_feautre,manual__2026-08-15T11:18:32.175323+00:00,trigger,manual,,2,2026-08-15 20:18:39.744,2026-08-15 20:18:40.317,0,,2026-08-15,2026-08-16
3f,GPCC_stage3_interaction_feautre,manual__2026-08-15T11:18:32.175323+00:00,load_interaction_feature,manual,,2,2026-08-15 20:18:43.554,2026-08-15 20:25:15.642,392,,2026-08-15,2026-08-16
3f,GPCC_stage3_interaction_feautre,manual__2026-08-15T11:18:32.175323+00:00,load_rec_target,manual,,2,2026-08-15 20:18:43.941,2026-08-15 20:19:27.465,43,,2026-08-15,2026-08-16
3f,gpcc_select_dq_mail,scheduled__2026-08-14T11:00:00+00:00,trigger,scheduled,,2,2026-08-15 20:22:46.562,2026-08-15 20:22:47.378,0,,2026-08-15,2026-08-16
3f,gpcc_select_dq_mail,scheduled__2026-08-14T11:00:00+00:00,save_input_summary,scheduled,,2,2026-08-15 20:22:50.444,2026-08-15 20:23:32.209,41,,2026-08-15,2026-08-16
3f,gpcc_select_dq_mail,scheduled__2026-08-14T11:00:00+00:00,save_select_wf,scheduled,,2,2026-08-15 20:22:51.013,2026-08-15 20:23:31.584,40,,2026-08-15,2026-08-16
3f,gpcc_select_dq_mail,scheduled__2026-08-14T11:00:00+00:00,dq_mail,scheduled,,2,2026-08-15 20:23:35.883,2026-08-15 20:23:46.697,10,,2026-08-15,2026-08-16
3f,gpcc_select_dq_mail,scheduled__2026-08-14T11:00:00+00:00,done_api,scheduled,,2,2026-08-15 20:23:50.101,2026-08-15 20:23:50.890,0,,2026-08-15,2026-08-16
3f,GPCC_stage3_interaction_feautre,manual__2026-08-15T11:18:32.175323+00:00,FT_InteractionFeature,manual,,2,2026-08-15 20:25:18.841,2026-08-15 20:34:38.656,559,,2026-08-15,2026-08-16
3f,GPCC_stage3_interaction_feautre,manual__2026-08-15T11:18:32.175323+00:00,save_inter_feature,manual,,2,2026-08-15 20:34:41.490,2026-08-15 20:40:45.082,363,,2026-08-15,2026-08-16
3f,GPCC_stage3_interaction_feautre,manual__2026-08-15T11:18:32.175323+00:00,unload_shared_ft_features,manual,,2,2026-08-15 20:40:47.961,2026-08-15 20:41:42.893,54,,2026-08-15,2026-08-16
3f,GPCC_stage3_interaction_feautre,manual__2026-08-15T11:18:32.175323+00:00,trigger_gv_tgps_bsis,manual,,2,2026-08-15 20:41:45.916,2026-08-15 20:41:49.842,3,,2026-08-15,2026-08-16
3f,GPCC_stage3_interaction_feautre,manual__2026-08-15T11:18:32.175323+00:00,trigger_gv_cntn_info,manual,,2,2026-08-15 20:41:52.801,2026-08-15 20:41:57.568,4,,2026-08-15,2026-08-16
3f,GPCC_stage3_interaction_feautre,manual__2026-08-15T11:18:32.175323+00:00,trigger_gv_cust_bhve_info,manual,,2,2026-08-15 20:42:00.877,2026-08-15 20:42:04.858,3,,2026-08-15,2026-08-16
3f,GPCC_stage3_interaction_feautre,manual__2026-08-15T11:18:32.175323+00:00,preproc_end_alert,manual,,2,2026-08-15 20:42:07.468,2026-08-15 20:42:08.229,0,,2026-08-15,2026-08-16
3f,GPCC_stage3_interaction_feautre,manual__2026-08-15T11:18:32.175323+00:00,done_api,manual,,2,2026-08-15 20:42:10.778,2026-08-15 20:42:11.451,0,,2026-08-15,2026-08-16
3f,GPCC_mthly_execute_trigger,scheduled__2026-08-14T12:30:00+00:00,start,scheduled,,2,2026-08-15 21:30:07.172,2026-08-15 21:30:07.917,0,,2026-08-15,2026-08-16
3f,GPCC_mthly_execute_trigger,scheduled__2026-08-14T12:30:00+00:00,trigger,scheduled,,2,2026-08-15 21:30:11.563,2026-08-15 21:30:11.936,0,,2026-08-15,2026-08-16
3f,GPCC_mthly_execute_trigger,scheduled__2026-08-14T12:30:00+00:00,trigger_execute_date,scheduled,,2,2026-08-15 21:30:14.603,2026-08-15 21:30:22.481,7,,2026-08-15,2026-08-16
3f,GPCC_mthly_execute_trigger,scheduled__2026-08-14T12:30:00+00:00,fail_empty_mail,scheduled,,1,2026-08-15 21:30:22.666,2026-08-15 21:30:22.666,0,,2026-08-15,2026-08-16
3f,GPCC_mthly_execute_trigger,scheduled__2026-08-14T12:30:00+00:00,trigger_mthly_rec_result,scheduled,,2,2026-08-15 21:30:26.156,2026-08-15 21:30:30.040,3,,2026-08-15,2026-08-16
3f,GPCC_mthly_execute_trigger,scheduled__2026-08-14T12:30:00+00:00,done_api,scheduled,,2,2026-08-15 21:30:32.354,2026-08-15 21:30:33.075,0,,2026-08-15,2026-08-16
3f,GPCC_mthly_rec_result,manual__2026-08-15T12:30:29.380705+00:00,start,manual,,2,2026-08-15 21:30:32.515,2026-08-15 21:30:33.306,0,,2026-08-15,2026-08-16
3f,GPCC_mthly_rec_result,manual__2026-08-15T12:30:29.380705+00:00,trigger,manual,,2,2026-08-15 21:30:36.886,2026-08-15 21:30:37.422,0,,2026-08-15,2026-08-16
3f,GPCC_mthly_rec_result,manual__2026-08-15T12:30:29.380705+00:00,make_pipeline_date,manual,,2,2026-08-15 21:30:40.750,2026-08-15 21:33:44.373,183,,2026-08-15,2026-08-16
3f,GPCC_mthly_rec_result,manual__2026-08-15T12:30:29.380705+00:00,load_rec_target,manual,,2,2026-08-15 21:33:47.658,2026-08-15 21:34:59.130,71,,2026-08-15,2026-08-16
3f,GPCC_mthly_rec_result,manual__2026-08-15T12:30:29.380705+00:00,mk_mthly_rec_result,manual,,2,2026-08-15 21:35:02.431,2026-08-15 21:45:18.087,615,,2026-08-15,2026-08-16
3f,GPCC_mthly_rec_result,manual__2026-08-15T12:30:29.380705+00:00,save_rec_result,manual,,2,2026-08-15 21:45:21.011,2026-08-15 21:49:56.059,275,,2026-08-15,2026-08-16
3f,GPCC_mthly_rec_result,manual__2026-08-15T12:30:29.380705+00:00,mthly_dq_check,manual,,2,2026-08-15 21:49:59.184,2026-08-15 21:52:17.751,138,,2026-08-15,2026-08-16
3f,GPCC_mthly_rec_result,manual__2026-08-15T12:30:29.380705+00:00,dq_check_mail,manual,,2,2026-08-15 21:52:20.804,2026-08-15 21:52:27.064,6,,2026-08-15,2026-08-16
3f,GPCC_mthly_rec_result,manual__2026-08-15T12:30:29.380705+00:00,done_api,manual,,2,2026-08-15 21:52:30.876,2026-08-15 21:52:31.400,0,,2026-08-15,2026-08-16
3f,GPCC_stage4_post_proc,scheduled__2026-08-14T14:40:00+00:00,start,scheduled,,2,2026-08-15 23:40:04.453,2026-08-15 23:40:05.104,0,,2026-08-15,2026-08-16
3f,duplicate_ft_result_check,scheduled__2026-08-14T14:40:00+00:00,start,scheduled,,2,2026-08-15 23:40:04.698,2026-08-15 23:40:05.290,0,,2026-08-15,2026-08-16
3f,duplicate_ft_result_check,scheduled__2026-08-14T14:40:00+00:00,trigger,scheduled,,2,2026-08-15 23:49:36.084,2026-08-15 23:49:36.714,0,,2026-08-15,2026-08-16
3f,GPCC_stage4_post_proc,scheduled__2026-08-14T14:40:00+00:00,trigger,scheduled,,2,2026-08-15 23:49:36.573,2026-08-15 23:49:37.377,0,,2026-08-15,2026-08-16
3f,GPCC_stage4_post_proc,scheduled__2026-08-14T14:40:00+00:00,check_duplicate,scheduled,,2,2026-08-15 23:49:40.118,2026-08-15 23:50:01.522,21,,2026-08-15,2026-08-16
3f,duplicate_ft_result_check,scheduled__2026-08-14T14:40:00+00:00,check_duplicate,scheduled,,2,2026-08-15 23:49:40.122,2026-08-15 23:50:20.770,40,,2026-08-15,2026-08-16
3f,GPCC_stage4_post_proc,scheduled__2026-08-14T14:40:00+00:00,load_rec_result,scheduled,,2,2026-08-15 23:50:04.259,2026-08-15 23:51:41.795,97,,2026-08-15,2026-08-16
3f,duplicate_ft_result_check,scheduled__2026-08-14T14:40:00+00:00,ft_result_dup_check_mail,scheduled,,2,2026-08-15 23:50:23.529,2026-08-15 23:50:29.369,5,,2026-08-15,2026-08-16
3f,duplicate_ft_result_check,scheduled__2026-08-14T14:40:00+00:00,done_api,scheduled,,2,2026-08-15 23:50:32.927,2026-08-15 23:50:33.686,0,,2026-08-15,2026-08-16
3f,GPCC_stage4_post_proc,scheduled__2026-08-14T14:40:00+00:00,RecResult,scheduled,,2,2026-08-15 23:51:45.033,2026-08-15 23:58:05.636,380,,2026-08-15,2026-08-16
3f,GPCC_stage4_post_proc,scheduled__2026-08-14T14:40:00+00:00,save_rec_result,scheduled,,2,2026-08-15 23:58:08.490,2026-08-16 00:02:19.353,250,,2026-08-16,2026-08-17
3f,GPCC_stage4_post_proc,scheduled__2026-08-14T14:40:00+00:00,check_dd_rec_result,scheduled,,2,2026-08-16 00:02:22.885,2026-08-16 00:02:46.180,23,,2026-08-16,2026-08-17
3f,GPCC_stage4_post_proc,scheduled__2026-08-14T14:40:00+00:00,trigger_mark_success_all_success,scheduled,,2,2026-08-16 00:02:49.824,2026-08-16 00:02:52.651,2,,2026-08-16,2026-08-17
3f,GPCC_stage4_post_proc,scheduled__2026-08-14T14:40:00+00:00,trigger_sg_workflow_if_one_failed,scheduled,,1,2026-08-16 00:02:52.760,2026-08-16 00:02:52.760,0,,2026-08-16,2026-08-17
3f,GPCC_stage4_post_proc,scheduled__2026-08-14T14:40:00+00:00,done_api,scheduled,,1,2026-08-16 00:02:52.920,2026-08-16 00:02:52.920,0,,2026-08-16,2026-08-17
3f,gpcc_mark_success,manual__2026-08-15T15:02:51.984959+00:00,start,manual,,2,2026-08-16 00:02:55.128,2026-08-16 00:02:55.825,0,,2026-08-16,2026-08-17
3f,gpcc_mark_success,manual__2026-08-15T15:02:51.984959+00:00,trigger,manual,,2,2026-08-16 00:02:58.671,2026-08-16 00:02:59.175,0,,2026-08-16,2026-08-17
3f,gpcc_mark_success,manual__2026-08-15T15:02:51.984959+00:00,check_mark_success,manual,,2,2026-08-16 00:03:02.511,2026-08-16 00:03:11.045,8,,2026-08-16,2026-08-17
3f,gpcc_mark_success,manual__2026-08-15T15:02:51.984959+00:00,done_api,manual,,2,2026-08-16 00:03:14.442,2026-08-16 00:03:15.154,0,,2026-08-16,2026-08-17
3f,gpcc_dd_transfer,scheduled__2026-08-14T16:00:00+00:00,start,scheduled,,2,2026-08-16 01:00:04.774,2026-08-16 01:00:05.461,0,,2026-08-16,2026-08-17
3f,gpcc_dd_transfer,scheduled__2026-08-14T16:00:00+00:00,trigger,scheduled,,2,2026-08-16 01:00:08.846,2026-08-16 01:00:09.794,0,,2026-08-16,2026-08-17
3f,gpcc_dd_transfer,scheduled__2026-08-14T16:00:00+00:00,transfer_table,scheduled,,2,2026-08-16 01:00:13.066,2026-08-16 01:03:16.556,183,,2026-08-16,2026-08-17
3f,gpcc_dd_transfer,scheduled__2026-08-14T16:00:00+00:00,unload_oo3f_rec_benefit_result,scheduled,,2,2026-08-16 01:03:19.700,2026-08-16 01:03:41.093,21,,2026-08-16,2026-08-17
3f,gpcc_dd_transfer,scheduled__2026-08-14T16:00:00+00:00,trigger_arbiter_transfer,scheduled,,2,2026-08-16 01:03:19.900,2026-08-16 01:03:20.459,0,,2026-08-16,2026-08-17
3f,gpcc_dd_transfer,scheduled__2026-08-14T16:00:00+00:00,trigger_dq_check_mail,scheduled,,2,2026-08-16 01:03:19.992,2026-08-16 01:03:23.458,3,,2026-08-16,2026-08-17
3f,gpcc_dq_mail,manual__2026-08-15T16:03:22.756702+00:00,start,manual,,2,2026-08-16 01:03:25.970,2026-08-16 01:03:26.702,0,,2026-08-16,2026-08-17
3f,gpcc_dq_mail,manual__2026-08-15T16:03:22.756702+00:00,trigger,manual,,2,2026-08-16 01:03:29.428,2026-08-16 01:03:30.231,0,,2026-08-16,2026-08-17
3f,gpcc_dq_mail,manual__2026-08-15T16:03:22.756702+00:00,unload_dq_check,manual,,2,2026-08-16 01:03:32.782,2026-08-16 01:06:54.082,201,,2026-08-16,2026-08-17
3f,gpcc_dq_mail,manual__2026-08-15T16:03:22.756702+00:00,unload_dq_candidate,manual,,2,2026-08-16 01:03:33.456,2026-08-16 01:04:15.728,42,,2026-08-16,2026-08-17
3f,gpcc_dd_transfer,scheduled__2026-08-14T16:00:00+00:00,sink_cms_transfer,scheduled,,2,2026-08-16 01:03:44.469,2026-08-16 01:17:06.681,802,,2026-08-16,2026-08-17
3f,gpcc_dq_mail,manual__2026-08-15T16:03:22.756702+00:00,DQcheck,manual,,2,2026-08-16 01:06:57.377,2026-08-16 01:17:15.873,618,,2026-08-16,2026-08-17
3f,gpcc_dd_transfer,scheduled__2026-08-14T16:00:00+00:00,done_api,scheduled,,2,2026-08-16 01:17:09.718,2026-08-16 01:17:10.213,0,,2026-08-16,2026-08-17
3f,gpcc_dq_mail,manual__2026-08-15T16:03:22.756702+00:00,save_dq_summary,manual,,2,2026-08-16 01:17:19.010,2026-08-16 01:21:47.619,268,,2026-08-16,2026-08-17
3f,gpcc_dq_mail,manual__2026-08-15T16:03:22.756702+00:00,dq_check_mail,manual,,2,2026-08-16 01:21:50.896,2026-08-16 01:22:58.210,67,,2026-08-16,2026-08-17
3f,gpcc_dq_mail,manual__2026-08-15T16:03:22.756702+00:00,done_api,manual,,2,2026-08-16 01:23:01.472,2026-08-16 01:23:02.019,0,,2026-08-16,2026-08-17
3f,temp_log_agg,scheduled__2026-08-15T03:00:00+00:00,start,scheduled,,2,2026-08-16 12:00:07.721,2026-08-16 12:00:08.666,0,,2026-08-16,2026-08-17
3f,temp_log_agg,scheduled__2026-08-15T03:00:00+00:00,trigger,scheduled,,2,2026-08-16 12:00:12.061,2026-08-16 12:00:12.557,0,,2026-08-16,2026-08-17
3f,temp_log_agg,scheduled__2026-08-15T03:00:00+00:00,load_log_agg,scheduled,,2,2026-08-16 12:00:16.033,2026-08-16 12:27:08.800,1612,,2026-08-16,2026-08-17
3f,temp_log_agg,scheduled__2026-08-15T03:00:00+00:00,save_log_agg,scheduled,,2,2026-08-16 12:27:12.163,2026-08-16 12:27:31.192,19,,2026-08-16,2026-08-17
3f,temp_log_agg,scheduled__2026-08-15T03:00:00+00:00,log_check_mail,scheduled,,2,2026-08-16 12:27:34.554,2026-08-16 12:27:40.276,5,,2026-08-16,2026-08-17
3f,temp_log_agg,scheduled__2026-08-15T03:00:00+00:00,done_api,scheduled,,2,2026-08-16 12:27:43.250,2026-08-16 12:27:43.881,0,,2026-08-16,2026-08-17
3f,GPCC_stage1_item_feature,scheduled__2026-08-15T10:00:00+00:00,start,scheduled,,2,2026-08-16 19:00:07.045,2026-08-16 19:00:08.090,1,,2026-08-16,2026-08-17
3f,GPCC_stage1_item_feature,scheduled__2026-08-15T10:00:00+00:00,trigger,scheduled,,2,2026-08-16 19:00:10.975,2026-08-16 19:00:11.916,0,,2026-08-16,2026-08-17
3f,GPCC_stage1_item_feature,scheduled__2026-08-15T10:00:00+00:00,make_pipeline_date,scheduled,,2,2026-08-16 19:00:15.614,2026-08-16 19:03:35.102,199,,2026-08-16,2026-08-17
3f,GPCC_stage1_item_feature,scheduled__2026-08-15T10:00:00+00:00,save_pipeline_date,scheduled,,2,2026-08-16 19:03:38.560,2026-08-16 19:04:25.540,46,,2026-08-16,2026-08-17
3f,GPCC_stage1_item_feature,scheduled__2026-08-15T10:00:00+00:00,load_item_meta,scheduled,,2,2026-08-16 19:04:28.355,2026-08-16 19:07:19.825,171,,2026-08-16,2026-08-17
3f,GPCC_stage1_item_feature,scheduled__2026-08-15T10:00:00+00:00,load_item_feature,scheduled,,2,2026-08-16 19:04:28.504,2026-08-16 19:09:12.187,283,,2026-08-16,2026-08-17
3f,GPCC_stage1_item_feature,scheduled__2026-08-15T10:00:00+00:00,load_log_parser,scheduled,,2,2026-08-16 19:04:29.145,2026-08-16 19:12:07.623,458,,2026-08-16,2026-08-17
3f,GPCC_stage1_item_feature,scheduled__2026-08-15T10:00:00+00:00,ItemMetaGenerator,scheduled,,2,2026-08-16 19:12:10.353,2026-08-16 19:17:05.135,294,,2026-08-16,2026-08-17
3f,GPCC_stage1_item_feature,scheduled__2026-08-15T10:00:00+00:00,LogGenerator,scheduled,,2,2026-08-16 19:17:08.467,2026-08-16 19:26:39.461,570,,2026-08-16,2026-08-17
3f,GPCC_stage1_item_feature,scheduled__2026-08-15T10:00:00+00:00,FT_ItemFeature,scheduled,,2,2026-08-16 19:26:42.437,2026-08-16 19:33:08.400,385,,2026-08-16,2026-08-17
3f,GPCC_stage1_item_feature,scheduled__2026-08-15T10:00:00+00:00,save_stage1_mart,scheduled,,2,2026-08-16 19:33:11.324,2026-08-16 19:43:06.184,594,,2026-08-16,2026-08-17
3f,GPCC_stage1_item_feature,scheduled__2026-08-15T10:00:00+00:00,trigger_gpcc_candidate,scheduled,,2,2026-08-16 19:43:09.554,2026-08-16 19:43:13.035,3,,2026-08-16,2026-08-17
3f,GPCC_stage2_select,manual__2026-08-16T10:43:12.410015+00:00,start,manual,,2,2026-08-16 19:43:15.324,2026-08-16 19:43:15.805,0,,2026-08-16,2026-08-17
3f,GPCC_stage1_item_feature,scheduled__2026-08-15T10:00:00+00:00,done_api,scheduled,,2,2026-08-16 19:43:16.081,2026-08-16 19:43:16.694,0,,2026-08-16,2026-08-17
3f,GPCC_stage2_select,manual__2026-08-16T10:43:12.410015+00:00,trigger,manual,,2,2026-08-16 19:43:19.257,2026-08-16 19:43:20.302,1,,2026-08-16,2026-08-17
3f,GPCC_stage2_select,manual__2026-08-16T10:43:12.410015+00:00,save_targeting,manual,,2,2026-08-16 19:43:23.841,2026-08-16 19:46:28.637,184,,2026-08-16,2026-08-17
3f,GPCC_stage2_select,manual__2026-08-16T10:43:12.410015+00:00,save_cs_size,manual,,2,2026-08-16 19:46:31.910,2026-08-16 19:47:27.699,55,,2026-08-16,2026-08-17
3f,GPCC_stage2_select,manual__2026-08-16T10:43:12.410015+00:00,check_c2p_cnt,manual,,2,2026-08-16 19:47:30.442,2026-08-16 19:47:55.144,24,,2026-08-16,2026-08-17
3f,GPCC_stage2_select,manual__2026-08-16T10:43:12.410015+00:00,save_all_c2p,manual,,1,2026-08-16 19:47:55.287,2026-08-16 19:47:55.287,0,,2026-08-16,2026-08-17
3f,GPCC_stage2_select,manual__2026-08-16T10:43:12.410015+00:00,load_user_features,manual,,2,2026-08-16 19:47:57.945,2026-08-16 19:48:31.996,34,,2026-08-16,2026-08-17
3f,GPCC_stage2_select,manual__2026-08-16T10:43:12.410015+00:00,load_item_meta,manual,,2,2026-08-16 19:47:57.984,2026-08-16 19:48:10.712,12,,2026-08-16,2026-08-17
3f,GPCC_stage2_select,manual__2026-08-16T10:43:12.410015+00:00,load_user_lgcn_embs,manual,,2,2026-08-16 19:47:58.118,2026-08-16 19:48:34.413,36,,2026-08-16,2026-08-17
3f,GPCC_stage2_select,manual__2026-08-16T10:43:12.410015+00:00,load_item_emb_feat,manual,,2,2026-08-16 19:47:58.578,2026-08-16 19:48:10.397,11,,2026-08-16,2026-08-17
3f,GPCC_stage2_select,manual__2026-08-16T10:43:12.410015+00:00,load_dv_features,manual,,2,2026-08-16 19:47:58.600,2026-08-16 19:48:11.138,12,,2026-08-16,2026-08-17
3f,GPCC_stage2_select,manual__2026-08-16T10:43:12.410015+00:00,load_item_lgcn_embs,manual,,2,2026-08-16 19:47:59.080,2026-08-16 19:48:11.433,12,,2026-08-16,2026-08-17
3f,GPCC_stage2_select,manual__2026-08-16T10:43:12.410015+00:00,task_prd_pl_inf_pl2mfl3101_v2,manual,,2,2026-08-16 19:48:37.066,2026-08-16 20:19:57.677,1880,,2026-08-16,2026-08-17
3f,gpcc_select_dq_mail,scheduled__2026-08-15T11:00:00+00:00,start,scheduled,,2,2026-08-16 20:00:06.883,2026-08-16 20:00:08.022,1,,2026-08-16,2026-08-17
3f,gpcc_select_dq_mail,scheduled__2026-08-15T11:00:00+00:00,trigger,scheduled,,2,2026-08-16 20:18:18.089,2026-08-16 20:18:18.901,0,,2026-08-16,2026-08-17
3f,gpcc_select_dq_mail,scheduled__2026-08-15T11:00:00+00:00,save_input_summary,scheduled,,2,2026-08-16 20:18:22.375,2026-08-16 20:19:07.221,44,,2026-08-16,2026-08-17
3f,gpcc_select_dq_mail,scheduled__2026-08-15T11:00:00+00:00,save_select_wf,scheduled,,2,2026-08-16 20:18:22.422,2026-08-16 20:19:03.507,41,,2026-08-16,2026-08-17
3f,gpcc_select_dq_mail,scheduled__2026-08-15T11:00:00+00:00,dq_mail,scheduled,,2,2026-08-16 20:19:10.348,2026-08-16 20:19:21.043,10,,2026-08-16,2026-08-17
3f,gpcc_select_dq_mail,scheduled__2026-08-15T11:00:00+00:00,done_api,scheduled,,2,2026-08-16 20:19:24.209,2026-08-16 20:19:24.746,0,,2026-08-16,2026-08-17
3f,GPCC_stage2_select,manual__2026-08-16T10:43:12.410015+00:00,save_cs_result,manual,,2,2026-08-16 20:20:00.935,2026-08-16 20:21:54.495,113,,2026-08-16,2026-08-17
3f,GPCC_stage2_select,manual__2026-08-16T10:43:12.410015+00:00,save_gpcc,manual,,2,2026-08-16 20:21:57.441,2026-08-16 20:23:19.725,82,,2026-08-16,2026-08-17
3f,GPCC_stage2_select,manual__2026-08-16T10:43:12.410015+00:00,trigger_stage3,manual,,2,2026-08-16 20:23:23.083,2026-08-16 20:23:26.490,3,,2026-08-16,2026-08-17
3f,GPCC_stage3_interaction_feautre,manual__2026-08-16T11:23:25.899226+00:00,start,manual,,2,2026-08-16 20:23:28.951,2026-08-16 20:23:29.521,0,,2026-08-16,2026-08-17
3f,GPCC_stage2_select,manual__2026-08-16T10:43:12.410015+00:00,done_api,manual,,2,2026-08-16 20:23:29.965,2026-08-16 20:23:30.697,0,,2026-08-16,2026-08-17
3f,GPCC_stage3_interaction_feautre,manual__2026-08-16T11:23:25.899226+00:00,trigger,manual,,2,2026-08-16 20:23:33.061,2026-08-16 20:23:33.692,0,,2026-08-16,2026-08-17
3f,GPCC_stage3_interaction_feautre,manual__2026-08-16T11:23:25.899226+00:00,load_interaction_feature,manual,,2,2026-08-16 20:23:36.839,2026-08-16 20:29:24.671,347,,2026-08-16,2026-08-17
3f,GPCC_stage3_interaction_feautre,manual__2026-08-16T11:23:25.899226+00:00,load_rec_target,manual,,2,2026-08-16 20:23:37.269,2026-08-16 20:24:16.760,39,,2026-08-16,2026-08-17
3f,GPCC_stage3_interaction_feautre,manual__2026-08-16T11:23:25.899226+00:00,FT_InteractionFeature,manual,,2,2026-08-16 20:29:27.252,2026-08-16 20:38:08.205,520,,2026-08-16,2026-08-17
3f,GPCC_stage3_interaction_feautre,manual__2026-08-16T11:23:25.899226+00:00,save_inter_feature,manual,,2,2026-08-16 20:38:11.903,2026-08-16 20:43:06.297,294,,2026-08-16,2026-08-17
3f,GPCC_stage3_interaction_feautre,manual__2026-08-16T11:23:25.899226+00:00,unload_shared_ft_features,manual,,2,2026-08-16 20:43:09.688,2026-08-16 20:44:01.895,52,,2026-08-16,2026-08-17
3f,GPCC_stage3_interaction_feautre,manual__2026-08-16T11:23:25.899226+00:00,trigger_gv_tgps_bsis,manual,,2,2026-08-16 20:44:05.470,2026-08-16 20:44:09.803,4,,2026-08-16,2026-08-17
3f,GPCC_stage3_interaction_feautre,manual__2026-08-16T11:23:25.899226+00:00,trigger_gv_cntn_info,manual,,2,2026-08-16 20:44:12.726,2026-08-16 20:44:17.971,5,,2026-08-16,2026-08-17
3f,GPCC_stage3_interaction_feautre,manual__2026-08-16T11:23:25.899226+00:00,trigger_gv_cust_bhve_info,manual,,2,2026-08-16 20:44:21.219,2026-08-16 20:44:25.302,4,,2026-08-16,2026-08-17
3f,GPCC_stage3_interaction_feautre,manual__2026-08-16T11:23:25.899226+00:00,preproc_end_alert,manual,,2,2026-08-16 20:44:28.789,2026-08-16 20:44:29.606,0,,2026-08-16,2026-08-17
3f,GPCC_stage3_interaction_feautre,manual__2026-08-16T11:23:25.899226+00:00,done_api,manual,,2,2026-08-16 20:44:32.937,2026-08-16 20:44:33.656,0,,2026-08-16,2026-08-17
3f,GPCC_mthly_execute_trigger,scheduled__2026-08-15T12:30:00+00:00,start,scheduled,,2,2026-08-16 21:30:04.496,2026-08-16 21:30:05.301,0,,2026-08-16,2026-08-17
3f,GPCC_mthly_execute_trigger,scheduled__2026-08-15T12:30:00+00:00,trigger,scheduled,,2,2026-08-16 21:30:08.412,2026-08-16 21:30:08.837,0,,2026-08-16,2026-08-17
3f,GPCC_mthly_execute_trigger,scheduled__2026-08-15T12:30:00+00:00,trigger_execute_date,scheduled,,2,2026-08-16 21:30:12.161,2026-08-16 21:30:26.777,14,,2026-08-16,2026-08-17
3f,GPCC_mthly_execute_trigger,scheduled__2026-08-15T12:30:00+00:00,fail_empty_mail,scheduled,,1,2026-08-16 21:30:26.949,2026-08-16 21:30:26.949,0,,2026-08-16,2026-08-17
3f,GPCC_mthly_execute_trigger,scheduled__2026-08-15T12:30:00+00:00,trigger_mthly_rec_result,scheduled,,2,2026-08-16 21:30:29.879,2026-08-16 21:30:33.526,3,,2026-08-16,2026-08-17
3f,GPCC_mthly_execute_trigger,scheduled__2026-08-15T12:30:00+00:00,done_api,scheduled,,2,2026-08-16 21:30:35.707,2026-08-16 21:30:36.484,0,,2026-08-16,2026-08-17
3f,GPCC_mthly_rec_result,manual__2026-08-16T12:30:32.851084+00:00,start,manual,,2,2026-08-16 21:30:35.921,2026-08-16 21:30:36.774,0,,2026-08-16,2026-08-17
3f,GPCC_mthly_rec_result,manual__2026-08-16T12:30:32.851084+00:00,trigger,manual,,2,2026-08-16 21:30:39.654,2026-08-16 21:30:40.184,0,,2026-08-16,2026-08-17
3f,GPCC_mthly_rec_result,manual__2026-08-16T12:30:32.851084+00:00,make_pipeline_date,manual,,2,2026-08-16 21:30:43.581,2026-08-16 21:33:38.770,175,,2026-08-16,2026-08-17
3f,GPCC_mthly_rec_result,manual__2026-08-16T12:30:32.851084+00:00,load_rec_target,manual,,2,2026-08-16 21:33:41.844,2026-08-16 21:34:52.587,70,,2026-08-16,2026-08-17
3f,GPCC_mthly_rec_result,manual__2026-08-16T12:30:32.851084+00:00,mk_mthly_rec_result,manual,,2,2026-08-16 21:34:55.857,2026-08-16 21:44:48.987,593,,2026-08-16,2026-08-17
3f,GPCC_mthly_rec_result,manual__2026-08-16T12:30:32.851084+00:00,save_rec_result,manual,,2,2026-08-16 21:44:51.896,2026-08-16 21:49:33.038,281,,2026-08-16,2026-08-17
3f,GPCC_mthly_rec_result,manual__2026-08-16T12:30:32.851084+00:00,mthly_dq_check,manual,,2,2026-08-16 21:49:36.510,2026-08-16 21:51:34.866,118,,2026-08-16,2026-08-17
3f,GPCC_mthly_rec_result,manual__2026-08-16T12:30:32.851084+00:00,dq_check_mail,manual,,2,2026-08-16 21:51:38.078,2026-08-16 21:51:43.842,5,,2026-08-16,2026-08-17
3f,GPCC_mthly_rec_result,manual__2026-08-16T12:30:32.851084+00:00,done_api,manual,,2,2026-08-16 21:51:46.154,2026-08-16 21:51:46.880,0,,2026-08-16,2026-08-17
3f,duplicate_ft_result_check,scheduled__2026-08-15T14:40:00+00:00,start,scheduled,,2,2026-08-16 23:40:05.286,2026-08-16 23:40:05.881,0,,2026-08-16,2026-08-17
3f,GPCC_stage4_post_proc,scheduled__2026-08-15T14:40:00+00:00,start,scheduled,,2,2026-08-16 23:40:06.550,2026-08-16 23:40:07.185,0,,2026-08-16,2026-08-17
3f,duplicate_ft_result_check,scheduled__2026-08-15T14:40:00+00:00,trigger,scheduled,,2,2026-08-16 23:50:18.875,2026-08-16 23:50:19.455,0,,2026-08-16,2026-08-17
3f,GPCC_stage4_post_proc,scheduled__2026-08-15T14:40:00+00:00,trigger,scheduled,,2,2026-08-16 23:50:19.648,2026-08-16 23:50:20.440,0,,2026-08-16,2026-08-17
3f,duplicate_ft_result_check,scheduled__2026-08-15T14:40:00+00:00,check_duplicate,scheduled,,2,2026-08-16 23:50:22.030,2026-08-16 23:51:01.832,39,,2026-08-16,2026-08-17
3f,GPCC_stage4_post_proc,scheduled__2026-08-15T14:40:00+00:00,check_duplicate,scheduled,,2,2026-08-16 23:50:23.410,2026-08-16 23:50:45.646,22,,2026-08-16,2026-08-17
3f,GPCC_stage4_post_proc,scheduled__2026-08-15T14:40:00+00:00,load_rec_result,scheduled,,2,2026-08-16 23:50:49.123,2026-08-16 23:52:35.259,106,,2026-08-16,2026-08-17
3f,duplicate_ft_result_check,scheduled__2026-08-15T14:40:00+00:00,ft_result_dup_check_mail,scheduled,,2,2026-08-16 23:51:05.179,2026-08-16 23:51:11.265,6,,2026-08-16,2026-08-17
3f,duplicate_ft_result_check,scheduled__2026-08-15T14:40:00+00:00,done_api,scheduled,,2,2026-08-16 23:51:14.789,2026-08-16 23:51:15.425,0,,2026-08-16,2026-08-17
3f,GPCC_stage4_post_proc,scheduled__2026-08-15T14:40:00+00:00,RecResult,scheduled,,2,2026-08-16 23:52:38.648,2026-08-16 23:59:08.263,389,,2026-08-17,2026-08-18
3f,GPCC_stage4_post_proc,scheduled__2026-08-15T14:40:00+00:00,save_rec_result,scheduled,,2,2026-08-16 23:59:11.232,2026-08-17 00:03:22.442,251,,2026-08-17,2026-08-18
3f,GPCC_stage4_post_proc,scheduled__2026-08-15T14:40:00+00:00,check_dd_rec_result,scheduled,,2,2026-08-17 00:03:25.604,2026-08-17 00:03:48.946,23,,2026-08-17,2026-08-18
3f,GPCC_stage4_post_proc,scheduled__2026-08-15T14:40:00+00:00,trigger_mark_success_all_success,scheduled,,2,2026-08-17 00:03:51.806,2026-08-17 00:03:54.329,2,,2026-08-17,2026-08-18
3f,GPCC_stage4_post_proc,scheduled__2026-08-15T14:40:00+00:00,trigger_sg_workflow_if_one_failed,scheduled,,1,2026-08-17 00:03:54.442,2026-08-17 00:03:54.442,0,,2026-08-17,2026-08-18
3f,GPCC_stage4_post_proc,scheduled__2026-08-15T14:40:00+00:00,done_api,scheduled,,1,2026-08-17 00:03:54.612,2026-08-17 00:03:54.612,0,,2026-08-17,2026-08-18
3f,gpcc_mark_success,manual__2026-08-16T15:03:53.679343+00:00,start,manual,,2,2026-08-17 00:03:57.538,2026-08-17 00:03:58.202,0,,2026-08-17,2026-08-18
3f,gpcc_mark_success,manual__2026-08-16T15:03:53.679343+00:00,trigger,manual,,2,2026-08-17 00:04:01.544,2026-08-17 00:04:02.025,0,,2026-08-17,2026-08-18
3f,gpcc_mark_success,manual__2026-08-16T15:03:53.679343+00:00,check_mark_success,manual,,2,2026-08-17 00:04:04.882,2026-08-17 00:04:14.871,9,,2026-08-17,2026-08-18
3f,gpcc_mark_success,manual__2026-08-16T15:03:53.679343+00:00,done_api,manual,,2,2026-08-17 00:04:18.074,2026-08-17 00:04:18.575,0,,2026-08-17,2026-08-18
3f,gpcc_dd_transfer,scheduled__2026-08-15T16:00:00+00:00,start,scheduled,,2,2026-08-17 01:00:03.863,2026-08-17 01:00:04.570,0,,2026-08-17,2026-08-18
3f,gpcc_dd_transfer,scheduled__2026-08-15T16:00:00+00:00,trigger,scheduled,,2,2026-08-17 01:00:07.230,2026-08-17 01:00:08.208,0,,2026-08-17,2026-08-18
3f,gpcc_dd_transfer,scheduled__2026-08-15T16:00:00+00:00,transfer_table,scheduled,,2,2026-08-17 01:00:11.833,2026-08-17 01:03:27.973,196,,2026-08-17,2026-08-18
3f,gpcc_dd_transfer,scheduled__2026-08-15T16:00:00+00:00,unload_oo3f_rec_benefit_result,scheduled,,2,2026-08-17 01:03:31.435,2026-08-17 01:03:51.989,20,,2026-08-17,2026-08-18
3f,gpcc_dd_transfer,scheduled__2026-08-15T16:00:00+00:00,trigger_arbiter_transfer,scheduled,,2,2026-08-17 01:03:31.485,2026-08-17 01:03:32.010,0,,2026-08-17,2026-08-18
3f,gpcc_dd_transfer,scheduled__2026-08-15T16:00:00+00:00,trigger_dq_check_mail,scheduled,,2,2026-08-17 01:03:31.889,2026-08-17 01:03:35.373,3,,2026-08-17,2026-08-18
3f,gpcc_dq_mail,manual__2026-08-16T16:03:34.653206+00:00,start,manual,,2,2026-08-17 01:03:38.845,2026-08-17 01:03:39.557,0,,2026-08-17,2026-08-18
3f,gpcc_dq_mail,manual__2026-08-16T16:03:34.653206+00:00,trigger,manual,,2,2026-08-17 01:03:42.869,2026-08-17 01:03:43.690,0,,2026-08-17,2026-08-18
3f,gpcc_dq_mail,manual__2026-08-16T16:03:34.653206+00:00,unload_dq_check,manual,,2,2026-08-17 01:03:46.288,2026-08-17 01:06:59.136,192,,2026-08-17,2026-08-18
3f,gpcc_dq_mail,manual__2026-08-16T16:03:34.653206+00:00,unload_dq_candidate,manual,,2,2026-08-17 01:03:47.115,2026-08-17 01:04:29.292,42,,2026-08-17,2026-08-18
3f,gpcc_dd_transfer,scheduled__2026-08-15T16:00:00+00:00,sink_cms_transfer,scheduled,,2,2026-08-17 01:03:54.687,2026-08-17 01:17:01.406,786,,2026-08-17,2026-08-18
3f,gpcc_dq_mail,manual__2026-08-16T16:03:34.653206+00:00,DQcheck,manual,,2,2026-08-17 01:07:02.701,2026-08-17 01:17:15.037,612,,2026-08-17,2026-08-18
3f,gpcc_dd_transfer,scheduled__2026-08-15T16:00:00+00:00,done_api,scheduled,,2,2026-08-17 01:17:03.761,2026-08-17 01:17:04.603,0,,2026-08-17,2026-08-18
3f,gpcc_dq_mail,manual__2026-08-16T16:03:34.653206+00:00,save_dq_summary,manual,,2,2026-08-17 01:17:17.612,2026-08-17 01:21:34.080,256,,2026-08-17,2026-08-18
3f,gpcc_dq_mail,manual__2026-08-16T16:03:34.653206+00:00,dq_check_mail,manual,,2,2026-08-17 01:21:36.958,2026-08-17 01:22:41.693,64,,2026-08-17,2026-08-18
3f,gpcc_dq_mail,manual__2026-08-16T16:03:34.653206+00:00,done_api,manual,,2,2026-08-17 01:22:44.529,2026-08-17 01:22:45.269,0,,2026-08-17,2026-08-18
3f,GPCC_train,scheduled__2026-08-12T21:00:00+00:00,start,scheduled,,2,2026-08-17 06:00:07.146,2026-08-17 06:00:07.869,0,,2026-08-17,2026-08-18
3f,GPCC_train,scheduled__2026-08-12T21:00:00+00:00,trigger,scheduled,,2,2026-08-17 06:00:10.868,2026-08-17 06:00:11.432,0,,2026-08-17,2026-08-18
3f,GPCC_train,scheduled__2026-08-12T21:00:00+00:00,load_user_features_inf,scheduled,,2,2026-08-17 06:00:14.416,2026-08-17 06:02:06.634,112,,2026-08-17,2026-08-18
3f,GPCC_train,scheduled__2026-08-12T21:00:00+00:00,load_item_meta,scheduled,,2,2026-08-17 06:00:14.950,2026-08-17 06:00:47.567,32,,2026-08-17,2026-08-18
3f,GPCC_train,scheduled__2026-08-12T21:00:00+00:00,load_user_features,scheduled,,2,2026-08-17 06:00:15.134,2026-08-17 06:01:11.624,56,,2026-08-17,2026-08-18
3f,GPCC_train,scheduled__2026-08-12T21:00:00+00:00,load_item_emb_feat,scheduled,,2,2026-08-17 06:00:15.199,2026-08-17 06:00:29.001,13,,2026-08-17,2026-08-18
3f,GPCC_train,scheduled__2026-08-12T21:00:00+00:00,load_interaction,scheduled,,2,2026-08-17 06:00:15.780,2026-08-17 06:00:47.963,32,,2026-08-17,2026-08-18
3f,GPCC_train,scheduled__2026-08-12T21:00:00+00:00,task_prd_pl_trn_pl2mfl3101_v2,scheduled,,2,2026-08-17 06:02:10.267,2026-08-17 09:59:41.318,14251,,2026-08-17,2026-08-18
3f,GPCC_train,scheduled__2026-08-12T21:00:00+00:00,save_user_lgcn_emb,scheduled,,2,2026-08-17 09:59:44.493,2026-08-17 10:01:58.334,133,,2026-08-17,2026-08-18
3f,GPCC_train,scheduled__2026-08-12T21:00:00+00:00,save_cntn_lgcn_emb,scheduled,,2,2026-08-17 09:59:44.757,2026-08-17 10:00:50.310,65,,2026-08-17,2026-08-18
3f,GPCC_train,scheduled__2026-08-12T21:00:00+00:00,save_item_cntn_emb,scheduled,,2,2026-08-17 09:59:45.230,2026-08-17 10:00:27.502,42,,2026-08-17,2026-08-18
3f,GPCC_train,scheduled__2026-08-12T21:00:00+00:00,save_train_date,scheduled,,2,2026-08-17 10:02:01.456,2026-08-17 10:02:13.966,12,,2026-08-17,2026-08-18
3f,GPCC_train,scheduled__2026-08-12T21:00:00+00:00,trigger_dq,scheduled,,2,2026-08-17 10:02:17.394,2026-08-17 10:02:19.799,2,,2026-08-17,2026-08-18
3f,gpcc_train_dq_mail,manual__2026-08-17T01:02:19.361690+00:00,start,manual,,2,2026-08-17 10:02:23.186,2026-08-17 10:02:23.893,0,,2026-08-17,2026-08-18
3f,GPCC_train,scheduled__2026-08-12T21:00:00+00:00,done_api,scheduled,,2,2026-08-17 10:02:23.944,2026-08-17 10:02:24.670,0,,2026-08-17,2026-08-18
3f,gpcc_train_dq_mail,manual__2026-08-17T01:02:19.361690+00:00,trigger,manual,,2,2026-08-17 10:02:26.634,2026-08-17 10:02:27.110,0,,2026-08-17,2026-08-18
3f,gpcc_train_dq_mail,manual__2026-08-17T01:02:19.361690+00:00,save_train_result,manual,,2,2026-08-17 10:02:30.307,2026-08-17 10:03:09.125,38,,2026-08-17,2026-08-18
3f,gpcc_train_dq_mail,manual__2026-08-17T01:02:19.361690+00:00,dq_mail,manual,,2,2026-08-17 10:03:12.313,2026-08-17 10:03:18.363,6,,2026-08-17,2026-08-18
3f,gpcc_train_dq_mail,manual__2026-08-17T01:02:19.361690+00:00,done_api,manual,,2,2026-08-17 10:03:21.746,2026-08-17 10:03:22.260,0,,2026-08-17,2026-08-18
3f,gpcc_train_dq_mail,scheduled__2026-08-13T02:30:00+00:00,start,scheduled,,2,2026-08-17 11:30:07.774,2026-08-17 11:30:08.434,0,,2026-08-17,2026-08-18
3f,gpcc_train_dq_mail,scheduled__2026-08-13T02:30:00+00:00,trigger,scheduled,,2,2026-08-17 11:30:11.318,2026-08-17 11:30:11.755,0,,2026-08-17,2026-08-18
3f,gpcc_train_dq_mail,scheduled__2026-08-13T02:30:00+00:00,save_train_result,scheduled,,2,2026-08-17 11:30:15.450,2026-08-17 11:30:49.468,34,,2026-08-17,2026-08-18
3f,gpcc_train_dq_mail,scheduled__2026-08-13T02:30:00+00:00,dq_mail,scheduled,,2,2026-08-17 11:30:52.110,2026-08-17 11:30:58.485,6,,2026-08-17,2026-08-18
3f,gpcc_train_dq_mail,scheduled__2026-08-13T02:30:00+00:00,done_api,scheduled,,2,2026-08-17 11:31:02.147,2026-08-17 11:31:02.820,0,,2026-08-17,2026-08-18
3f,temp_log_agg,scheduled__2026-08-16T03:00:00+00:00,start,scheduled,,2,2026-08-17 12:00:05.056,2026-08-17 12:00:06.043,0,,2026-08-17,2026-08-18
3f,temp_log_agg,scheduled__2026-08-16T03:00:00+00:00,trigger,scheduled,,2,2026-08-17 12:00:09.543,2026-08-17 12:00:10.022,0,,2026-08-17,2026-08-18
3f,temp_log_agg,scheduled__2026-08-16T03:00:00+00:00,load_log_agg,scheduled,,2,2026-08-17 12:00:13.017,2026-08-17 12:34:06.391,2033,,2026-08-17,2026-08-18
3f,temp_log_agg,scheduled__2026-08-16T03:00:00+00:00,save_log_agg,scheduled,,2,2026-08-17 12:34:08.990,2026-08-17 12:34:34.008,25,,2026-08-17,2026-08-18
3f,temp_log_agg,scheduled__2026-08-16T03:00:00+00:00,log_check_mail,scheduled,,2,2026-08-17 12:34:37.529,2026-08-17 12:34:43.274,5,,2026-08-17,2026-08-18
3f,temp_log_agg,scheduled__2026-08-16T03:00:00+00:00,done_api,scheduled,,2,2026-08-17 12:34:45.924,2026-08-17 12:34:46.615,0,,2026-08-17,2026-08-18
3f,GPCC_stage1_item_feature,scheduled__2026-08-16T10:00:00+00:00,start,scheduled,,2,2026-08-17 19:00:06.290,2026-08-17 19:00:07.363,1,,2026-08-17,2026-08-18
3f,GPCC_stage1_item_feature,scheduled__2026-08-16T10:00:00+00:00,trigger,scheduled,,2,2026-08-17 19:00:10.391,2026-08-17 19:00:11.333,0,,2026-08-17,2026-08-18
3f,GPCC_stage1_item_feature,scheduled__2026-08-16T10:00:00+00:00,make_pipeline_date,scheduled,,2,2026-08-17 19:00:14.875,2026-08-17 19:03:16.309,181,,2026-08-17,2026-08-18
3f,GPCC_stage1_item_feature,scheduled__2026-08-16T10:00:00+00:00,save_pipeline_date,scheduled,,2,2026-08-17 19:03:19.321,2026-08-17 19:04:00.253,40,,2026-08-17,2026-08-18
3f,GPCC_stage1_item_feature,scheduled__2026-08-16T10:00:00+00:00,load_item_meta,scheduled,,2,2026-08-17 19:04:03.431,2026-08-17 19:06:46.051,162,,2026-08-17,2026-08-18
3f,GPCC_stage1_item_feature,scheduled__2026-08-16T10:00:00+00:00,load_item_feature,scheduled,,2,2026-08-17 19:04:03.651,2026-08-17 19:08:04.356,240,,2026-08-17,2026-08-18
3f,GPCC_stage1_item_feature,scheduled__2026-08-16T10:00:00+00:00,load_log_parser,scheduled,,2,2026-08-17 19:04:03.872,2026-08-17 19:10:40.844,396,,2026-08-17,2026-08-18
3f,GPCC_stage1_item_feature,scheduled__2026-08-16T10:00:00+00:00,ItemMetaGenerator,scheduled,,2,2026-08-17 19:10:43.980,2026-08-17 19:15:16.352,272,,2026-08-17,2026-08-18
3f,GPCC_stage1_item_feature,scheduled__2026-08-16T10:00:00+00:00,LogGenerator,scheduled,,2,2026-08-17 19:15:19.828,2026-08-17 19:24:40.116,560,,2026-08-17,2026-08-18
3f,GPCC_stage1_item_feature,scheduled__2026-08-16T10:00:00+00:00,FT_ItemFeature,scheduled,,2,2026-08-17 19:24:43.588,2026-08-17 19:30:52.321,368,,2026-08-17,2026-08-18
3f,GPCC_stage1_item_feature,scheduled__2026-08-16T10:00:00+00:00,save_stage1_mart,scheduled,,2,2026-08-17 19:30:55.908,2026-08-17 19:39:35.854,519,,2026-08-17,2026-08-18
3f,GPCC_stage1_item_feature,scheduled__2026-08-16T10:00:00+00:00,trigger_gpcc_candidate,scheduled,,2,2026-08-17 19:39:39.515,2026-08-17 19:39:42.971,3,,2026-08-17,2026-08-18
3f,GPCC_stage2_select,manual__2026-08-17T10:39:42.209537+00:00,start,manual,,2,2026-08-17 19:39:45.693,2026-08-17 19:39:46.221,0,,2026-08-17,2026-08-18
3f,GPCC_stage1_item_feature,scheduled__2026-08-16T10:00:00+00:00,done_api,scheduled,,2,2026-08-17 19:39:46.316,2026-08-17 19:39:46.961,0,,2026-08-17,2026-08-18
3f,GPCC_stage2_select,manual__2026-08-17T10:39:42.209537+00:00,trigger,manual,,2,2026-08-17 19:39:49.526,2026-08-17 19:39:50.653,1,,2026-08-17,2026-08-18
3f,GPCC_stage2_select,manual__2026-08-17T10:39:42.209537+00:00,save_targeting,manual,,2,2026-08-17 19:39:53.296,2026-08-17 19:42:41.305,168,,2026-08-17,2026-08-18
3f,GPCC_stage2_select,manual__2026-08-17T10:39:42.209537+00:00,save_cs_size,manual,,2,2026-08-17 19:42:44.466,2026-08-17 19:43:38.343,53,,2026-08-17,2026-08-18
3f,GPCC_stage2_select,manual__2026-08-17T10:39:42.209537+00:00,check_c2p_cnt,manual,,2,2026-08-17 19:43:41.490,2026-08-17 19:44:04.899,23,,2026-08-17,2026-08-18
3f,GPCC_stage2_select,manual__2026-08-17T10:39:42.209537+00:00,save_all_c2p,manual,,1,2026-08-17 19:44:05.000,2026-08-17 19:44:05.000,0,,2026-08-17,2026-08-18
3f,GPCC_stage2_select,manual__2026-08-17T10:39:42.209537+00:00,load_dv_features,manual,,2,2026-08-17 19:44:08.044,2026-08-17 19:44:19.252,11,,2026-08-17,2026-08-18
3f,GPCC_stage2_select,manual__2026-08-17T10:39:42.209537+00:00,load_item_lgcn_embs,manual,,2,2026-08-17 19:44:08.109,2026-08-17 19:44:19.199,11,,2026-08-17,2026-08-18
3f,GPCC_stage2_select,manual__2026-08-17T10:39:42.209537+00:00,load_user_features,manual,,2,2026-08-17 19:44:08.278,2026-08-17 19:44:42.805,34,,2026-08-17,2026-08-18
3f,GPCC_stage2_select,manual__2026-08-17T10:39:42.209537+00:00,load_item_emb_feat,manual,,2,2026-08-17 19:44:08.594,2026-08-17 19:44:20.802,12,,2026-08-17,2026-08-18
3f,GPCC_stage2_select,manual__2026-08-17T10:39:42.209537+00:00,load_user_lgcn_embs,manual,,2,2026-08-17 19:44:08.794,2026-08-17 19:44:40.145,31,,2026-08-17,2026-08-18
3f,GPCC_stage2_select,manual__2026-08-17T10:39:42.209537+00:00,load_item_meta,manual,,2,2026-08-17 19:44:08.937,2026-08-17 19:44:19.989,11,,2026-08-17,2026-08-18
3f,GPCC_stage2_select,manual__2026-08-17T10:39:42.209537+00:00,task_prd_pl_inf_pl2mfl3101_v2,manual,,2,2026-08-17 19:44:46.326,2026-08-17 20:14:29.783,1783,,2026-08-17,2026-08-18
3f,gpcc_select_dq_mail,scheduled__2026-08-16T11:00:00+00:00,start,scheduled,,2,2026-08-17 20:00:06.253,2026-08-17 20:00:07.373,1,,2026-08-17,2026-08-18
3f,GPCC_stage2_select,manual__2026-08-17T10:39:42.209537+00:00,save_cs_result,manual,,2,2026-08-17 20:14:33.442,2026-08-17 20:16:26.986,113,,2026-08-17,2026-08-18
3f,GPCC_stage2_select,manual__2026-08-17T10:39:42.209537+00:00,save_gpcc,manual,,2,2026-08-17 20:16:30.266,2026-08-17 20:17:45.150,74,,2026-08-17,2026-08-18
3f,GPCC_stage2_select,manual__2026-08-17T10:39:42.209537+00:00,trigger_stage3,manual,,2,2026-08-17 20:17:47.909,2026-08-17 20:17:51.252,3,,2026-08-17,2026-08-18
3f,GPCC_stage3_interaction_feautre,manual__2026-08-17T11:17:50.750836+00:00,start,manual,,2,2026-08-17 20:17:54.839,2026-08-17 20:17:55.397,0,,2026-08-17,2026-08-18
3f,GPCC_stage2_select,manual__2026-08-17T10:39:42.209537+00:00,done_api,manual,,2,2026-08-17 20:17:56.104,2026-08-17 20:17:56.835,0,,2026-08-17,2026-08-18
3f,GPCC_stage3_interaction_feautre,manual__2026-08-17T11:17:50.750836+00:00,trigger,manual,,2,2026-08-17 20:17:58.053,2026-08-17 20:17:58.678,0,,2026-08-17,2026-08-18
3f,GPCC_stage3_interaction_feautre,manual__2026-08-17T11:17:50.750836+00:00,load_rec_target,manual,,2,2026-08-17 20:18:01.711,2026-08-17 20:18:45.198,43,,2026-08-17,2026-08-18
3f,GPCC_stage3_interaction_feautre,manual__2026-08-17T11:17:50.750836+00:00,load_interaction_feature,manual,,2,2026-08-17 20:18:01.918,2026-08-17 20:23:53.625,351,,2026-08-17,2026-08-18
3f,gpcc_select_dq_mail,scheduled__2026-08-16T11:00:00+00:00,trigger,scheduled,,2,2026-08-17 20:21:21.554,2026-08-17 20:21:22.312,0,,2026-08-17,2026-08-18
3f,gpcc_select_dq_mail,scheduled__2026-08-16T11:00:00+00:00,save_select_wf,scheduled,,2,2026-08-17 20:21:25.229,2026-08-17 20:22:08.034,42,,2026-08-17,2026-08-18
3f,gpcc_select_dq_mail,scheduled__2026-08-16T11:00:00+00:00,save_input_summary,scheduled,,2,2026-08-17 20:21:25.393,2026-08-17 20:22:08.225,42,,2026-08-17,2026-08-18
3f,gpcc_select_dq_mail,scheduled__2026-08-16T11:00:00+00:00,dq_mail,scheduled,,2,2026-08-17 20:22:11.040,2026-08-17 20:22:21.670,10,,2026-08-17,2026-08-18
3f,gpcc_select_dq_mail,scheduled__2026-08-16T11:00:00+00:00,done_api,scheduled,,2,2026-08-17 20:22:24.342,2026-08-17 20:22:24.976,0,,2026-08-17,2026-08-18
3f,GPCC_stage3_interaction_feautre,manual__2026-08-17T11:17:50.750836+00:00,FT_InteractionFeature,manual,,2,2026-08-17 20:23:57.216,2026-08-17 20:33:26.823,569,,2026-08-17,2026-08-18
3f,GPCC_stage3_interaction_feautre,manual__2026-08-17T11:17:50.750836+00:00,save_inter_feature,manual,,2,2026-08-17 20:33:29.699,2026-08-17 20:38:53.082,323,,2026-08-17,2026-08-18
3f,GPCC_stage3_interaction_feautre,manual__2026-08-17T11:17:50.750836+00:00,unload_shared_ft_features,manual,,2,2026-08-17 20:38:56.424,2026-08-17 20:39:49.128,52,,2026-08-17,2026-08-18
3f,GPCC_stage3_interaction_feautre,manual__2026-08-17T11:17:50.750836+00:00,trigger_gv_tgps_bsis,manual,,2,2026-08-17 20:39:52.773,2026-08-17 20:39:56.771,3,,2026-08-17,2026-08-18
3f,GPCC_stage3_interaction_feautre,manual__2026-08-17T11:17:50.750836+00:00,trigger_gv_cntn_info,manual,,2,2026-08-17 20:40:00.352,2026-08-17 20:40:05.535,5,,2026-08-17,2026-08-18
3f,GPCC_stage3_interaction_feautre,manual__2026-08-17T11:17:50.750836+00:00,trigger_gv_cust_bhve_info,manual,,2,2026-08-17 20:40:08.805,2026-08-17 20:40:13.077,4,,2026-08-17,2026-08-18
3f,GPCC_stage3_interaction_feautre,manual__2026-08-17T11:17:50.750836+00:00,preproc_end_alert,manual,,2,2026-08-17 20:40:16.502,2026-08-17 20:40:17.315,0,,2026-08-17,2026-08-18
3f,GPCC_stage3_interaction_feautre,manual__2026-08-17T11:17:50.750836+00:00,done_api,manual,,2,2026-08-17 20:40:21.116,2026-08-17 20:40:21.704,0,,2026-08-17,2026-08-18
3f,GPCC_mthly_execute_trigger,scheduled__2026-08-16T12:30:00+00:00,start,scheduled,,2,2026-08-17 21:30:04.244,2026-08-17 21:30:05.097,0,,2026-08-17,2026-08-18
3f,GPCC_mthly_execute_trigger,scheduled__2026-08-16T12:30:00+00:00,trigger,scheduled,,2,2026-08-17 21:30:07.690,2026-08-17 21:30:08.065,0,,2026-08-17,2026-08-18
3f,GPCC_mthly_execute_trigger,scheduled__2026-08-16T12:30:00+00:00,trigger_execute_date,scheduled,,2,2026-08-17 21:30:11.510,2026-08-17 21:30:22.985,11,,2026-08-17,2026-08-18
3f,GPCC_mthly_execute_trigger,scheduled__2026-08-16T12:30:00+00:00,fail_empty_mail,scheduled,,1,2026-08-17 21:30:23.114,2026-08-17 21:30:23.114,0,,2026-08-17,2026-08-18
3f,GPCC_mthly_execute_trigger,scheduled__2026-08-16T12:30:00+00:00,trigger_mthly_rec_result,scheduled,,2,2026-08-17 21:30:26.380,2026-08-17 21:30:30.043,3,,2026-08-17,2026-08-18
3f,GPCC_mthly_execute_trigger,scheduled__2026-08-16T12:30:00+00:00,done_api,scheduled,,2,2026-08-17 21:30:32.056,2026-08-17 21:30:32.721,0,,2026-08-17,2026-08-18
3f,GPCC_mthly_rec_result,manual__2026-08-17T12:30:29.252417+00:00,start,manual,,2,2026-08-17 21:30:32.249,2026-08-17 21:30:33.008,0,,2026-08-17,2026-08-18
3f,GPCC_mthly_rec_result,manual__2026-08-17T12:30:29.252417+00:00,trigger,manual,,2,2026-08-17 21:30:36.050,2026-08-17 21:30:36.568,0,,2026-08-17,2026-08-18
3f,GPCC_mthly_rec_result,manual__2026-08-17T12:30:29.252417+00:00,make_pipeline_date,manual,,2,2026-08-17 21:30:39.283,2026-08-17 21:33:29.113,169,,2026-08-17,2026-08-18
3f,GPCC_mthly_rec_result,manual__2026-08-17T12:30:29.252417+00:00,load_rec_target,manual,,2,2026-08-17 21:33:31.726,2026-08-17 21:34:42.359,70,,2026-08-17,2026-08-18
3f,GPCC_mthly_rec_result,manual__2026-08-17T12:30:29.252417+00:00,mk_mthly_rec_result,manual,,2,2026-08-17 21:34:45.738,2026-08-17 21:44:25.619,579,,2026-08-17,2026-08-18
3f,GPCC_mthly_rec_result,manual__2026-08-17T12:30:29.252417+00:00,save_rec_result,manual,,2,2026-08-17 21:44:28.559,2026-08-17 21:49:31.682,303,,2026-08-17,2026-08-18
3f,GPCC_mthly_rec_result,manual__2026-08-17T12:30:29.252417+00:00,mthly_dq_check,manual,,2,2026-08-17 21:49:34.975,2026-08-17 21:51:42.403,127,,2026-08-17,2026-08-18
3f,GPCC_mthly_rec_result,manual__2026-08-17T12:30:29.252417+00:00,dq_check_mail,manual,,2,2026-08-17 21:51:46.017,2026-08-17 21:51:51.982,5,,2026-08-17,2026-08-18
3f,GPCC_mthly_rec_result,manual__2026-08-17T12:30:29.252417+00:00,done_api,manual,,2,2026-08-17 21:51:55.493,2026-08-17 21:51:56.113,0,,2026-08-17,2026-08-18
3f,duplicate_ft_result_check,scheduled__2026-08-16T14:40:00+00:00,start,scheduled,,2,2026-08-17 23:40:05.115,2026-08-17 23:40:05.678,0,,2026-08-17,2026-08-18
3f,GPCC_stage4_post_proc,scheduled__2026-08-16T14:40:00+00:00,start,scheduled,,2,2026-08-17 23:40:05.217,2026-08-17 23:40:05.842,0,,2026-08-17,2026-08-18
3f,duplicate_ft_result_check,scheduled__2026-08-16T14:40:00+00:00,trigger,scheduled,,2,2026-08-17 23:50:28.676,2026-08-17 23:50:29.285,0,,2026-08-17,2026-08-18
3f,GPCC_stage4_post_proc,scheduled__2026-08-16T14:40:00+00:00,trigger,scheduled,,2,2026-08-17 23:50:29.129,2026-08-17 23:50:29.873,0,,2026-08-17,2026-08-18
3f,duplicate_ft_result_check,scheduled__2026-08-16T14:40:00+00:00,check_duplicate,scheduled,,2,2026-08-17 23:50:32.421,2026-08-17 23:51:13.247,40,,2026-08-17,2026-08-18
3f,GPCC_stage4_post_proc,scheduled__2026-08-16T14:40:00+00:00,check_duplicate,scheduled,,2,2026-08-17 23:50:32.702,2026-08-17 23:50:54.391,21,,2026-08-17,2026-08-18
3f,GPCC_stage4_post_proc,scheduled__2026-08-16T14:40:00+00:00,load_rec_result,scheduled,,2,2026-08-17 23:50:57.949,2026-08-17 23:52:42.713,104,,2026-08-17,2026-08-18
3f,duplicate_ft_result_check,scheduled__2026-08-16T14:40:00+00:00,ft_result_dup_check_mail,scheduled,,2,2026-08-17 23:51:16.163,2026-08-17 23:51:21.997,5,,2026-08-17,2026-08-18
3f,duplicate_ft_result_check,scheduled__2026-08-16T14:40:00+00:00,done_api,scheduled,,2,2026-08-17 23:51:25.476,2026-08-17 23:51:26.109,0,,2026-08-17,2026-08-18
3f,GPCC_stage4_post_proc,scheduled__2026-08-16T14:40:00+00:00,RecResult,scheduled,,2,2026-08-17 23:52:46.380,2026-08-17 23:58:55.810,369,,2026-08-18,2026-08-19
3f,GPCC_stage4_post_proc,scheduled__2026-08-16T14:40:00+00:00,save_rec_result,scheduled,,2,2026-08-17 23:58:59.382,2026-08-18 00:03:16.194,256,,2026-08-18,2026-08-19
3f,GPCC_stage4_post_proc,scheduled__2026-08-16T14:40:00+00:00,check_dd_rec_result,scheduled,,2,2026-08-18 00:03:19.870,2026-08-18 00:03:41.826,21,,2026-08-18,2026-08-19
3f,GPCC_stage4_post_proc,scheduled__2026-08-16T14:40:00+00:00,trigger_mark_success_all_success,scheduled,,2,2026-08-18 00:03:45.235,2026-08-18 00:03:48.023,2,,2026-08-18,2026-08-19
3f,GPCC_stage4_post_proc,scheduled__2026-08-16T14:40:00+00:00,trigger_sg_workflow_if_one_failed,scheduled,,1,2026-08-18 00:03:48.166,2026-08-18 00:03:48.166,0,,2026-08-18,2026-08-19
3f,GPCC_stage4_post_proc,scheduled__2026-08-16T14:40:00+00:00,done_api,scheduled,,1,2026-08-18 00:03:48.361,2026-08-18 00:03:48.361,0,,2026-08-18,2026-08-19
3f,gpcc_mark_success,manual__2026-08-17T15:03:47.583576+00:00,start,manual,,2,2026-08-18 00:03:50.449,2026-08-18 00:03:51.151,0,,2026-08-18,2026-08-19
3f,gpcc_mark_success,manual__2026-08-17T15:03:47.583576+00:00,trigger,manual,,2,2026-08-18 00:03:54.216,2026-08-18 00:03:54.696,0,,2026-08-18,2026-08-19
3f,gpcc_mark_success,manual__2026-08-17T15:03:47.583576+00:00,check_mark_success,manual,,2,2026-08-18 00:03:57.906,2026-08-18 00:04:07.262,9,,2026-08-18,2026-08-19
3f,gpcc_mark_success,manual__2026-08-17T15:03:47.583576+00:00,done_api,manual,,2,2026-08-18 00:04:10.352,2026-08-18 00:04:11.147,0,,2026-08-18,2026-08-19
3f,gpcc_dd_transfer,scheduled__2026-08-16T16:00:00+00:00,start,scheduled,,2,2026-08-18 01:00:04.673,2026-08-18 01:00:05.338,0,,2026-08-18,2026-08-19
3f,gpcc_dd_transfer,scheduled__2026-08-16T16:00:00+00:00,trigger,scheduled,,2,2026-08-18 01:00:08.930,2026-08-18 01:00:09.925,0,,2026-08-18,2026-08-19
3f,gpcc_dd_transfer,scheduled__2026-08-16T16:00:00+00:00,transfer_table,scheduled,,2,2026-08-18 01:00:13.242,2026-08-18 01:03:22.244,189,,2026-08-18,2026-08-19
3f,gpcc_dd_transfer,scheduled__2026-08-16T16:00:00+00:00,unload_oo3f_rec_benefit_result,scheduled,,2,2026-08-18 01:03:25.145,2026-08-18 01:03:45.290,20,,2026-08-18,2026-08-19
3f,gpcc_dd_transfer,scheduled__2026-08-16T16:00:00+00:00,trigger_arbiter_transfer,scheduled,,2,2026-08-18 01:03:25.666,2026-08-18 01:03:26.212,0,,2026-08-18,2026-08-19
3f,gpcc_dd_transfer,scheduled__2026-08-16T16:00:00+00:00,trigger_dq_check_mail,scheduled,,2,2026-08-18 01:03:25.834,2026-08-18 01:03:29.274,3,,2026-08-18,2026-08-19
3f,gpcc_dq_mail,manual__2026-08-17T16:03:28.597809+00:00,start,manual,,2,2026-08-18 01:03:32.681,2026-08-18 01:03:33.391,0,,2026-08-18,2026-08-19
3f,gpcc_dq_mail,manual__2026-08-17T16:03:28.597809+00:00,trigger,manual,,2,2026-08-18 01:03:36.354,2026-08-18 01:03:37.198,0,,2026-08-18,2026-08-19
3f,gpcc_dq_mail,manual__2026-08-17T16:03:28.597809+00:00,unload_dq_check,manual,,2,2026-08-18 01:03:40.136,2026-08-18 01:06:53.349,193,,2026-08-18,2026-08-19
3f,gpcc_dq_mail,manual__2026-08-17T16:03:28.597809+00:00,unload_dq_candidate,manual,,2,2026-08-18 01:03:40.994,2026-08-18 01:04:27.363,46,,2026-08-18,2026-08-19
3f,gpcc_dd_transfer,scheduled__2026-08-16T16:00:00+00:00,sink_cms_transfer,scheduled,,2,2026-08-18 01:03:48.603,2026-08-18 01:17:41.712,833,,2026-08-18,2026-08-19
3f,gpcc_dq_mail,manual__2026-08-17T16:03:28.597809+00:00,DQcheck,manual,,2,2026-08-18 01:06:56.983,2026-08-18 01:17:29.526,632,,2026-08-18,2026-08-19
3f,gpcc_dq_mail,manual__2026-08-17T16:03:28.597809+00:00,save_dq_summary,manual,,2,2026-08-18 01:17:33.074,2026-08-18 01:22:29.402,296,,2026-08-18,2026-08-19
3f,gpcc_dd_transfer,scheduled__2026-08-16T16:00:00+00:00,done_api,scheduled,,2,2026-08-18 01:17:45.054,2026-08-18 01:17:45.691,0,,2026-08-18,2026-08-19
3f,gpcc_dq_mail,manual__2026-08-17T16:03:28.597809+00:00,dq_check_mail,manual,,2,2026-08-18 01:22:32.954,2026-08-18 01:23:41.853,68,,2026-08-18,2026-08-19
3f,gpcc_dq_mail,manual__2026-08-17T16:03:28.597809+00:00,done_api,manual,,2,2026-08-18 01:23:45.027,2026-08-18 01:23:45.556,0,,2026-08-18,2026-08-19
3f,temp_log_agg,scheduled__2026-08-17T03:00:00+00:00,start,scheduled,,2,2026-08-18 12:00:03.847,2026-08-18 12:00:04.866,1,,2026-08-18,2026-08-19
3f,temp_log_agg,scheduled__2026-08-17T03:00:00+00:00,trigger,scheduled,,2,2026-08-18 12:00:07.677,2026-08-18 12:00:08.178,0,,2026-08-18,2026-08-19
3f,temp_log_agg,scheduled__2026-08-17T03:00:00+00:00,load_log_agg,scheduled,,2,2026-08-18 12:00:11.645,2026-08-18 12:30:59.457,1847,,2026-08-18,2026-08-19
3f,temp_log_agg,scheduled__2026-08-17T03:00:00+00:00,save_log_agg,scheduled,,2,2026-08-18 12:31:02.109,2026-08-18 12:31:26.931,24,,2026-08-18,2026-08-19
3f,temp_log_agg,scheduled__2026-08-17T03:00:00+00:00,log_check_mail,scheduled,,2,2026-08-18 12:31:29.968,2026-08-18 12:31:36.038,6,,2026-08-18,2026-08-19
3f,temp_log_agg,scheduled__2026-08-17T03:00:00+00:00,done_api,scheduled,,2,2026-08-18 12:31:38.774,2026-08-18 12:31:39.590,0,,2026-08-18,2026-08-19
3f,GPCC_stage1_item_feature,scheduled__2026-08-17T10:00:00+00:00,start,scheduled,,2,2026-08-18 19:00:06.579,2026-08-18 19:00:07.641,1,,2026-08-18,2026-08-19
3f,GPCC_stage1_item_feature,scheduled__2026-08-17T10:00:00+00:00,trigger,scheduled,,2,2026-08-18 19:00:10.405,2026-08-18 19:00:11.297,0,,2026-08-18,2026-08-19
3f,GPCC_stage1_item_feature,scheduled__2026-08-17T10:00:00+00:00,make_pipeline_date,scheduled,,2,2026-08-18 19:00:14.152,2026-08-18 19:03:10.361,176,,2026-08-18,2026-08-19
3f,GPCC_stage1_item_feature,scheduled__2026-08-17T10:00:00+00:00,save_pipeline_date,scheduled,,2,2026-08-18 19:03:13.778,2026-08-18 19:03:57.303,43,,2026-08-18,2026-08-19
3f,GPCC_stage1_item_feature,scheduled__2026-08-17T10:00:00+00:00,load_item_feature,scheduled,,2,2026-08-18 19:04:00.487,2026-08-18 19:08:06.979,246,,2026-08-18,2026-08-19
3f,GPCC_stage1_item_feature,scheduled__2026-08-17T10:00:00+00:00,load_item_meta,scheduled,,2,2026-08-18 19:04:00.835,2026-08-18 19:06:40.595,159,,2026-08-18,2026-08-19
3f,GPCC_stage1_item_feature,scheduled__2026-08-17T10:00:00+00:00,load_log_parser,scheduled,,2,2026-08-18 19:04:00.963,2026-08-18 19:11:04.014,423,,2026-08-18,2026-08-19
3f,GPCC_stage1_item_feature,scheduled__2026-08-17T10:00:00+00:00,ItemMetaGenerator,scheduled,,2,2026-08-18 19:11:07.523,2026-08-18 19:15:31.818,264,,2026-08-18,2026-08-19
3f,GPCC_stage1_item_feature,scheduled__2026-08-17T10:00:00+00:00,LogGenerator,scheduled,,2,2026-08-18 19:15:35.245,2026-08-18 19:24:15.990,520,,2026-08-18,2026-08-19
3f,GPCC_stage1_item_feature,scheduled__2026-08-17T10:00:00+00:00,FT_ItemFeature,scheduled,,2,2026-08-18 19:24:18.667,2026-08-18 19:30:54.590,395,,2026-08-18,2026-08-19
3f,GPCC_stage1_item_feature,scheduled__2026-08-17T10:00:00+00:00,save_stage1_mart,scheduled,,2,2026-08-18 19:30:57.420,2026-08-18 19:40:24.619,567,,2026-08-18,2026-08-19
3f,GPCC_stage1_item_feature,scheduled__2026-08-17T10:00:00+00:00,trigger_gpcc_candidate,scheduled,,2,2026-08-18 19:40:27.187,2026-08-18 19:40:30.875,3,,2026-08-18,2026-08-19
3f,GPCC_stage2_select,manual__2026-08-18T10:40:30.149473+00:00,start,manual,,2,2026-08-18 19:40:33.181,2026-08-18 19:40:33.655,0,,2026-08-18,2026-08-19
3f,GPCC_stage1_item_feature,scheduled__2026-08-17T10:00:00+00:00,done_api,scheduled,,2,2026-08-18 19:40:33.482,2026-08-18 19:40:34.236,0,,2026-08-18,2026-08-19
3f,GPCC_stage2_select,manual__2026-08-18T10:40:30.149473+00:00,trigger,manual,,2,2026-08-18 19:40:36.567,2026-08-18 19:40:37.603,1,,2026-08-18,2026-08-19
3f,GPCC_stage2_select,manual__2026-08-18T10:40:30.149473+00:00,save_targeting,manual,,2,2026-08-18 19:40:40.708,2026-08-18 19:43:52.869,192,,2026-08-18,2026-08-19
3f,GPCC_stage2_select,manual__2026-08-18T10:40:30.149473+00:00,save_cs_size,manual,,2,2026-08-18 19:43:56.168,2026-08-18 19:44:50.769,54,,2026-08-18,2026-08-19
3f,GPCC_stage2_select,manual__2026-08-18T10:40:30.149473+00:00,check_c2p_cnt,manual,,2,2026-08-18 19:44:54.180,2026-08-18 19:45:17.787,23,,2026-08-18,2026-08-19
3f,GPCC_stage2_select,manual__2026-08-18T10:40:30.149473+00:00,save_all_c2p,manual,,1,2026-08-18 19:45:17.884,2026-08-18 19:45:17.884,0,,2026-08-18,2026-08-19
3f,GPCC_stage2_select,manual__2026-08-18T10:40:30.149473+00:00,load_dv_features,manual,,2,2026-08-18 19:45:20.650,2026-08-18 19:45:32.409,11,,2026-08-18,2026-08-19
3f,GPCC_stage2_select,manual__2026-08-18T10:40:30.149473+00:00,load_user_lgcn_embs,manual,,2,2026-08-18 19:45:20.829,2026-08-18 19:45:56.929,36,,2026-08-18,2026-08-19
3f,GPCC_stage2_select,manual__2026-08-18T10:40:30.149473+00:00,load_item_emb_feat,manual,,2,2026-08-18 19:45:20.884,2026-08-18 19:45:33.785,12,,2026-08-18,2026-08-19
3f,GPCC_stage2_select,manual__2026-08-18T10:40:30.149473+00:00,load_user_features,manual,,2,2026-08-18 19:45:21.194,2026-08-18 19:45:56.844,35,,2026-08-18,2026-08-19
3f,GPCC_stage2_select,manual__2026-08-18T10:40:30.149473+00:00,load_item_meta,manual,,2,2026-08-18 19:45:21.358,2026-08-18 19:45:33.724,12,,2026-08-18,2026-08-19
3f,GPCC_stage2_select,manual__2026-08-18T10:40:30.149473+00:00,load_item_lgcn_embs,manual,,2,2026-08-18 19:45:21.488,2026-08-18 19:45:33.411,11,,2026-08-18,2026-08-19
3f,GPCC_stage2_select,manual__2026-08-18T10:40:30.149473+00:00,task_prd_pl_inf_pl2mfl3101_v2,manual,,2,2026-08-18 19:46:00.455,2026-08-18 20:17:52.219,1911,,2026-08-18,2026-08-19
3f,gpcc_select_dq_mail,scheduled__2026-08-17T11:00:00+00:00,start,scheduled,,2,2026-08-18 20:00:04.239,2026-08-18 20:00:05.284,1,,2026-08-18,2026-08-19
3f,GPCC_stage2_select,manual__2026-08-18T10:40:30.149473+00:00,save_cs_result,manual,,2,2026-08-18 20:17:55.786,2026-08-18 20:19:45.054,109,,2026-08-18,2026-08-19
3f,GPCC_stage2_select,manual__2026-08-18T10:40:30.149473+00:00,save_gpcc,manual,,2,2026-08-18 20:19:47.938,2026-08-18 20:21:03.634,75,,2026-08-18,2026-08-19
3f,gpcc_select_dq_mail,scheduled__2026-08-17T11:00:00+00:00,trigger,scheduled,,2,2026-08-18 20:20:10.651,2026-08-18 20:20:11.442,0,,2026-08-18,2026-08-19
3f,gpcc_select_dq_mail,scheduled__2026-08-17T11:00:00+00:00,save_select_wf,scheduled,,2,2026-08-18 20:20:14.296,2026-08-18 20:20:56.371,42,,2026-08-18,2026-08-19
3f,gpcc_select_dq_mail,scheduled__2026-08-17T11:00:00+00:00,save_input_summary,scheduled,,2,2026-08-18 20:20:14.297,2026-08-18 20:20:54.224,39,,2026-08-18,2026-08-19
3f,gpcc_select_dq_mail,scheduled__2026-08-17T11:00:00+00:00,dq_mail,scheduled,,2,2026-08-18 20:20:59.998,2026-08-18 20:21:11.855,11,,2026-08-18,2026-08-19
3f,GPCC_stage2_select,manual__2026-08-18T10:40:30.149473+00:00,trigger_stage3,manual,,2,2026-08-18 20:21:06.862,2026-08-18 20:21:10.038,3,,2026-08-18,2026-08-19
3f,GPCC_stage2_select,manual__2026-08-18T10:40:30.149473+00:00,done_api,manual,,2,2026-08-18 20:21:12.734,2026-08-18 20:21:13.506,0,,2026-08-18,2026-08-19
3f,GPCC_stage3_interaction_feautre,manual__2026-08-18T11:21:09.622365+00:00,start,manual,,2,2026-08-18 20:21:12.783,2026-08-18 20:21:13.369,0,,2026-08-18,2026-08-19
3f,gpcc_select_dq_mail,scheduled__2026-08-17T11:00:00+00:00,done_api,scheduled,,2,2026-08-18 20:21:14.353,2026-08-18 20:21:15.125,0,,2026-08-18,2026-08-19
3f,GPCC_stage3_interaction_feautre,manual__2026-08-18T11:21:09.622365+00:00,trigger,manual,,2,2026-08-18 20:21:16.848,2026-08-18 20:21:17.485,0,,2026-08-18,2026-08-19
3f,GPCC_stage3_interaction_feautre,manual__2026-08-18T11:21:09.622365+00:00,load_interaction_feature,manual,,2,2026-08-18 20:21:20.250,2026-08-18 20:27:00.076,339,,2026-08-18,2026-08-19
3f,GPCC_stage3_interaction_feautre,manual__2026-08-18T11:21:09.622365+00:00,load_rec_target,manual,,2,2026-08-18 20:21:21.302,2026-08-18 20:22:03.123,41,,2026-08-18,2026-08-19
3f,GPCC_stage3_interaction_feautre,manual__2026-08-18T11:21:09.622365+00:00,FT_InteractionFeature,manual,,2,2026-08-18 20:27:03.034,2026-08-18 20:36:01.216,538,,2026-08-18,2026-08-19
3f,GPCC_stage3_interaction_feautre,manual__2026-08-18T11:21:09.622365+00:00,save_inter_feature,manual,,2,2026-08-18 20:36:04.608,2026-08-18 20:40:50.836,286,,2026-08-18,2026-08-19
3f,GPCC_stage3_interaction_feautre,manual__2026-08-18T11:21:09.622365+00:00,unload_shared_ft_features,manual,,2,2026-08-18 20:40:53.872,2026-08-18 20:41:42.388,48,,2026-08-18,2026-08-19
3f,GPCC_stage3_interaction_feautre,manual__2026-08-18T11:21:09.622365+00:00,trigger_gv_tgps_bsis,manual,,2,2026-08-18 20:41:46.048,2026-08-18 20:41:49.987,3,,2026-08-18,2026-08-19
3f,GPCC_stage3_interaction_feautre,manual__2026-08-18T11:21:09.622365+00:00,trigger_gv_cntn_info,manual,,2,2026-08-18 20:41:52.609,2026-08-18 20:41:57.439,4,,2026-08-18,2026-08-19
3f,GPCC_stage3_interaction_feautre,manual__2026-08-18T11:21:09.622365+00:00,trigger_gv_cust_bhve_info,manual,,2,2026-08-18 20:42:00.381,2026-08-18 20:42:04.350,3,,2026-08-18,2026-08-19
3f,GPCC_stage3_interaction_feautre,manual__2026-08-18T11:21:09.622365+00:00,preproc_end_alert,manual,,2,2026-08-18 20:42:07.315,2026-08-18 20:42:08.128,0,,2026-08-18,2026-08-19
3f,GPCC_stage3_interaction_feautre,manual__2026-08-18T11:21:09.622365+00:00,done_api,manual,,2,2026-08-18 20:42:11.147,2026-08-18 20:42:11.735,0,,2026-08-18,2026-08-19
3f,GPCC_mthly_execute_trigger,scheduled__2026-08-17T12:30:00+00:00,start,scheduled,,2,2026-08-18 21:30:05.050,2026-08-18 21:30:05.898,0,,2026-08-18,2026-08-19
3f,GPCC_mthly_execute_trigger,scheduled__2026-08-17T12:30:00+00:00,trigger,scheduled,,2,2026-08-18 21:30:09.167,2026-08-18 21:30:09.576,0,,2026-08-18,2026-08-19
3f,GPCC_mthly_execute_trigger,scheduled__2026-08-17T12:30:00+00:00,trigger_execute_date,scheduled,,2,2026-08-18 21:30:13.145,2026-08-18 21:30:22.712,9,,2026-08-18,2026-08-19
3f,GPCC_mthly_execute_trigger,scheduled__2026-08-17T12:30:00+00:00,fail_empty_mail,scheduled,,1,2026-08-18 21:30:22.898,2026-08-18 21:30:22.898,0,,2026-08-18,2026-08-19
3f,GPCC_mthly_execute_trigger,scheduled__2026-08-17T12:30:00+00:00,trigger_mthly_rec_result,scheduled,,2,2026-08-18 21:30:26.267,2026-08-18 21:30:29.799,3,,2026-08-18,2026-08-19
3f,GPCC_mthly_execute_trigger,scheduled__2026-08-17T12:30:00+00:00,done_api,scheduled,,2,2026-08-18 21:30:32.354,2026-08-18 21:30:33.026,0,,2026-08-18,2026-08-19
3f,GPCC_mthly_rec_result,manual__2026-08-18T12:30:29.368026+00:00,start,manual,,2,2026-08-18 21:30:32.590,2026-08-18 21:30:33.367,0,,2026-08-18,2026-08-19
3f,GPCC_mthly_rec_result,manual__2026-08-18T12:30:29.368026+00:00,trigger,manual,,2,2026-08-18 21:30:36.684,2026-08-18 21:30:37.211,0,,2026-08-18,2026-08-19
3f,GPCC_mthly_rec_result,manual__2026-08-18T12:30:29.368026+00:00,make_pipeline_date,manual,,2,2026-08-18 21:30:40.874,2026-08-18 21:33:36.772,175,,2026-08-18,2026-08-19
3f,GPCC_mthly_rec_result,manual__2026-08-18T12:30:29.368026+00:00,load_rec_target,manual,,2,2026-08-18 21:33:40.336,2026-08-18 21:34:48.880,68,,2026-08-18,2026-08-19
3f,GPCC_mthly_rec_result,manual__2026-08-18T12:30:29.368026+00:00,mk_mthly_rec_result,manual,,2,2026-08-18 21:34:51.868,2026-08-18 21:43:58.594,546,,2026-08-18,2026-08-19
3f,GPCC_mthly_rec_result,manual__2026-08-18T12:30:29.368026+00:00,save_rec_result,manual,,2,2026-08-18 21:44:02.149,2026-08-18 21:48:20.815,258,,2026-08-18,2026-08-19
3f,GPCC_mthly_rec_result,manual__2026-08-18T12:30:29.368026+00:00,mthly_dq_check,manual,,2,2026-08-18 21:48:24.263,2026-08-18 21:50:37.104,132,,2026-08-18,2026-08-19
3f,GPCC_mthly_rec_result,manual__2026-08-18T12:30:29.368026+00:00,dq_check_mail,manual,,2,2026-08-18 21:50:40.802,2026-08-18 21:50:47.096,6,,2026-08-18,2026-08-19
3f,GPCC_mthly_rec_result,manual__2026-08-18T12:30:29.368026+00:00,done_api,manual,,2,2026-08-18 21:50:50.096,2026-08-18 21:50:50.831,0,,2026-08-18,2026-08-19
3f,GPCC_stage4_post_proc,scheduled__2026-08-17T14:40:00+00:00,start,scheduled,,2,2026-08-18 23:40:06.366,2026-08-18 23:40:07.010,0,,2026-08-18,2026-08-19
3f,duplicate_ft_result_check,scheduled__2026-08-17T14:40:00+00:00,start,scheduled,,2,2026-08-18 23:40:06.444,2026-08-18 23:40:07.052,0,,2026-08-18,2026-08-19
3f,duplicate_ft_result_check,scheduled__2026-08-17T14:40:00+00:00,trigger,scheduled,,2,2026-08-18 23:50:31.566,2026-08-18 23:50:32.162,0,,2026-08-18,2026-08-19
3f,GPCC_stage4_post_proc,scheduled__2026-08-17T14:40:00+00:00,trigger,scheduled,,2,2026-08-18 23:50:32.054,2026-08-18 23:50:32.799,0,,2026-08-18,2026-08-19
3f,duplicate_ft_result_check,scheduled__2026-08-17T14:40:00+00:00,check_duplicate,scheduled,,2,2026-08-18 23:50:35.252,2026-08-18 23:51:15.353,40,,2026-08-18,2026-08-19
3f,GPCC_stage4_post_proc,scheduled__2026-08-17T14:40:00+00:00,check_duplicate,scheduled,,2,2026-08-18 23:50:36.447,2026-08-18 23:50:53.773,17,,2026-08-18,2026-08-19
3f,GPCC_stage4_post_proc,scheduled__2026-08-17T14:40:00+00:00,load_rec_result,scheduled,,2,2026-08-18 23:50:56.601,2026-08-18 23:52:10.929,74,,2026-08-18,2026-08-19
3f,duplicate_ft_result_check,scheduled__2026-08-17T14:40:00+00:00,ft_result_dup_check_mail,scheduled,,2,2026-08-18 23:51:18.684,2026-08-18 23:51:25.109,6,,2026-08-18,2026-08-19
3f,duplicate_ft_result_check,scheduled__2026-08-17T14:40:00+00:00,done_api,scheduled,,2,2026-08-18 23:51:28.528,2026-08-18 23:51:29.358,0,,2026-08-18,2026-08-19
3f,GPCC_stage4_post_proc,scheduled__2026-08-17T14:40:00+00:00,RecResult,scheduled,,2,2026-08-18 23:52:13.741,2026-08-18 23:56:49.394,275,,2026-08-19,2026-08-20
3f,GPCC_stage4_post_proc,scheduled__2026-08-17T14:40:00+00:00,save_rec_result,scheduled,,2,2026-08-18 23:56:52.038,2026-08-18 23:59:56.938,184,,2026-08-19,2026-08-20
3f,GPCC_stage4_post_proc,scheduled__2026-08-17T14:40:00+00:00,check_dd_rec_result,scheduled,,2,2026-08-18 23:59:59.824,2026-08-19 00:00:17.555,17,,2026-08-19,2026-08-20
3f,GPCC_stage4_post_proc,scheduled__2026-08-17T14:40:00+00:00,trigger_mark_success_all_success,scheduled,,2,2026-08-19 00:00:21.096,2026-08-19 00:00:23.890,2,,2026-08-19,2026-08-20
3f,GPCC_stage4_post_proc,scheduled__2026-08-17T14:40:00+00:00,trigger_sg_workflow_if_one_failed,scheduled,,1,2026-08-19 00:00:24.100,2026-08-19 00:00:24.100,0,,2026-08-19,2026-08-20
3f,GPCC_stage4_post_proc,scheduled__2026-08-17T14:40:00+00:00,done_api,scheduled,,1,2026-08-19 00:00:24.286,2026-08-19 00:00:24.286,0,,2026-08-19,2026-08-20
3f,gpcc_mark_success,manual__2026-08-18T15:00:23.487409+00:00,start,manual,,2,2026-08-19 00:00:27.544,2026-08-19 00:00:28.203,0,,2026-08-19,2026-08-20
3f,gpcc_mark_success,manual__2026-08-18T15:00:23.487409+00:00,trigger,manual,,2,2026-08-19 00:00:31.402,2026-08-19 00:00:31.913,0,,2026-08-19,2026-08-20
3f,gpcc_mark_success,manual__2026-08-18T15:00:23.487409+00:00,check_mark_success,manual,,2,2026-08-19 00:00:34.850,2026-08-19 00:00:51.294,16,,2026-08-19,2026-08-20
3f,gpcc_mark_success,manual__2026-08-18T15:00:23.487409+00:00,done_api,manual,,2,2026-08-19 00:00:54.644,2026-08-19 00:00:55.267,0,,2026-08-19,2026-08-20
3f,gpcc_dd_transfer,scheduled__2026-08-17T16:00:00+00:00,start,scheduled,,2,2026-08-19 01:00:04.823,2026-08-19 01:00:05.561,0,,2026-08-19,2026-08-20
3f,gpcc_dd_transfer,scheduled__2026-08-17T16:00:00+00:00,trigger,scheduled,,2,2026-08-19 01:00:09.216,2026-08-19 01:00:10.281,1,,2026-08-19,2026-08-20
3f,gpcc_dd_transfer,scheduled__2026-08-17T16:00:00+00:00,transfer_table,scheduled,,2,2026-08-19 01:00:13.680,2026-08-19 01:03:34.509,200,,2026-08-19,2026-08-20
3f,gpcc_dd_transfer,scheduled__2026-08-17T16:00:00+00:00,trigger_dq_check_mail,scheduled,,2,2026-08-19 01:03:37.462,2026-08-19 01:03:41.117,3,,2026-08-19,2026-08-20
3f,gpcc_dd_transfer,scheduled__2026-08-17T16:00:00+00:00,unload_oo3f_rec_benefit_result,scheduled,,2,2026-08-19 01:03:37.825,2026-08-19 01:03:58.458,20,,2026-08-19,2026-08-20
3f,gpcc_dd_transfer,scheduled__2026-08-17T16:00:00+00:00,trigger_arbiter_transfer,scheduled,,2,2026-08-19 01:03:38.065,2026-08-19 01:03:38.616,0,,2026-08-19,2026-08-20
3f,gpcc_dq_mail,manual__2026-08-18T16:03:40.539400+00:00,start,manual,,2,2026-08-19 01:03:44.212,2026-08-19 01:03:44.898,0,,2026-08-19,2026-08-20
3f,gpcc_dq_mail,manual__2026-08-18T16:03:40.539400+00:00,trigger,manual,,2,2026-08-19 01:03:47.807,2026-08-19 01:03:48.570,0,,2026-08-19,2026-08-20
3f,gpcc_dq_mail,manual__2026-08-18T16:03:40.539400+00:00,unload_dq_check,manual,,2,2026-08-19 01:03:52.156,2026-08-19 01:07:30.766,218,,2026-08-19,2026-08-20
3f,gpcc_dq_mail,manual__2026-08-18T16:03:40.539400+00:00,unload_dq_candidate,manual,,2,2026-08-19 01:03:52.183,2026-08-19 01:04:38.529,46,,2026-08-19,2026-08-20
3f,gpcc_dd_transfer,scheduled__2026-08-17T16:00:00+00:00,sink_cms_transfer,scheduled,,2,2026-08-19 01:04:01.827,2026-08-19 01:17:00.613,778,,2026-08-19,2026-08-20
3f,gpcc_dq_mail,manual__2026-08-18T16:03:40.539400+00:00,DQcheck,manual,,2,2026-08-19 01:07:34.406,2026-08-19 01:18:38.127,663,,2026-08-19,2026-08-20
3f,gpcc_dd_transfer,scheduled__2026-08-17T16:00:00+00:00,done_api,scheduled,,2,2026-08-19 01:17:03.490,2026-08-19 01:17:04.073,0,,2026-08-19,2026-08-20
3f,gpcc_dq_mail,manual__2026-08-18T16:03:40.539400+00:00,save_dq_summary,manual,,2,2026-08-19 01:18:41.450,2026-08-19 01:23:52.768,311,,2026-08-19,2026-08-20
3f,gpcc_dq_mail,manual__2026-08-18T16:03:40.539400+00:00,dq_check_mail,manual,,2,2026-08-19 01:23:55.752,2026-08-19 01:25:08.946,73,,2026-08-19,2026-08-20
3f,gpcc_dq_mail,manual__2026-08-18T16:03:40.539400+00:00,done_api,manual,,2,2026-08-19 01:25:12.462,2026-08-19 01:25:13.000,0,,2026-08-19,2026-08-20
3f,temp_log_agg,scheduled__2026-08-18T03:00:00+00:00,start,scheduled,,2,2026-08-19 12:00:04.168,2026-08-19 12:00:05.215,1,,2026-08-19,2026-08-20
3f,temp_log_agg,scheduled__2026-08-18T03:00:00+00:00,trigger,scheduled,,2,2026-08-19 12:00:07.991,2026-08-19 12:00:08.457,0,,2026-08-19,2026-08-20
3f,temp_log_agg,scheduled__2026-08-18T03:00:00+00:00,load_log_agg,scheduled,,2,2026-08-19 12:00:11.164,2026-08-19 12:33:38.348,2007,,2026-08-19,2026-08-20
3f,temp_log_agg,scheduled__2026-08-18T03:00:00+00:00,save_log_agg,scheduled,,2,2026-08-19 12:33:41.960,2026-08-19 12:34:07.031,25,,2026-08-19,2026-08-20
3f,temp_log_agg,scheduled__2026-08-18T03:00:00+00:00,log_check_mail,scheduled,,2,2026-08-19 12:34:09.846,2026-08-19 12:34:15.908,6,,2026-08-19,2026-08-20
3f,temp_log_agg,scheduled__2026-08-18T03:00:00+00:00,done_api,scheduled,,2,2026-08-19 12:34:19.453,2026-08-19 12:34:20.170,0,,2026-08-19,2026-08-20
3f,GPCC_stage1_item_feature,scheduled__2026-08-18T10:00:00+00:00,start,scheduled,,2,2026-08-19 19:00:06.726,2026-08-19 19:00:07.752,1,,2026-08-19,2026-08-20
3f,GPCC_stage1_item_feature,scheduled__2026-08-18T10:00:00+00:00,trigger,scheduled,,2,2026-08-19 19:00:11.044,2026-08-19 19:00:11.988,0,,2026-08-19,2026-08-20
3f,GPCC_stage1_item_feature,scheduled__2026-08-18T10:00:00+00:00,make_pipeline_date,scheduled,,2,2026-08-19 19:00:14.723,2026-08-19 19:03:13.109,178,,2026-08-19,2026-08-20
3f,GPCC_stage1_item_feature,scheduled__2026-08-18T10:00:00+00:00,save_pipeline_date,scheduled,,2,2026-08-19 19:03:15.914,2026-08-19 19:03:58.933,43,,2026-08-19,2026-08-20
3f,GPCC_stage1_item_feature,scheduled__2026-08-18T10:00:00+00:00,load_item_feature,scheduled,,2,2026-08-19 19:04:01.942,2026-08-19 19:08:40.780,278,,2026-08-19,2026-08-20
3f,GPCC_stage1_item_feature,scheduled__2026-08-18T10:00:00+00:00,load_log_parser,scheduled,,2,2026-08-19 19:04:02.226,2026-08-19 19:11:26.052,443,,2026-08-19,2026-08-20
3f,GPCC_stage1_item_feature,scheduled__2026-08-18T10:00:00+00:00,load_item_meta,scheduled,,2,2026-08-19 19:04:02.451,2026-08-19 19:06:49.283,166,,2026-08-19,2026-08-20
3f,GPCC_stage1_item_feature,scheduled__2026-08-18T10:00:00+00:00,ItemMetaGenerator,scheduled,,2,2026-08-19 19:11:29.109,2026-08-19 19:15:56.175,267,,2026-08-19,2026-08-20
3f,GPCC_stage1_item_feature,scheduled__2026-08-18T10:00:00+00:00,LogGenerator,scheduled,,2,2026-08-19 19:15:59.014,2026-08-19 19:25:25.495,566,,2026-08-19,2026-08-20
3f,GPCC_stage1_item_feature,scheduled__2026-08-18T10:00:00+00:00,FT_ItemFeature,scheduled,,2,2026-08-19 19:25:28.408,2026-08-19 19:31:26.651,358,,2026-08-19,2026-08-20
3f,GPCC_stage1_item_feature,scheduled__2026-08-18T10:00:00+00:00,save_stage1_mart,scheduled,,2,2026-08-19 19:31:29.807,2026-08-19 19:40:31.610,541,,2026-08-19,2026-08-20
3f,GPCC_stage1_item_feature,scheduled__2026-08-18T10:00:00+00:00,trigger_gpcc_candidate,scheduled,,2,2026-08-19 19:40:34.622,2026-08-19 19:40:38.469,3,,2026-08-19,2026-08-20
3f,GPCC_stage2_select,manual__2026-08-19T10:40:37.680695+00:00,start,manual,,2,2026-08-19 19:40:41.171,2026-08-19 19:40:41.680,0,,2026-08-19,2026-08-20
3f,GPCC_stage1_item_feature,scheduled__2026-08-18T10:00:00+00:00,done_api,scheduled,,2,2026-08-19 19:40:42.165,2026-08-19 19:40:42.915,0,,2026-08-19,2026-08-20
3f,GPCC_stage2_select,manual__2026-08-19T10:40:37.680695+00:00,trigger,manual,,2,2026-08-19 19:40:44.899,2026-08-19 19:40:46.005,1,,2026-08-19,2026-08-20
3f,GPCC_stage2_select,manual__2026-08-19T10:40:37.680695+00:00,save_targeting,manual,,2,2026-08-19 19:40:49.525,2026-08-19 19:43:36.001,166,,2026-08-19,2026-08-20
3f,GPCC_stage2_select,manual__2026-08-19T10:40:37.680695+00:00,save_cs_size,manual,,2,2026-08-19 19:43:39.248,2026-08-19 19:44:31.708,52,,2026-08-19,2026-08-20
3f,GPCC_stage2_select,manual__2026-08-19T10:40:37.680695+00:00,check_c2p_cnt,manual,,2,2026-08-19 19:44:34.665,2026-08-19 19:44:56.820,22,,2026-08-19,2026-08-20
3f,GPCC_stage2_select,manual__2026-08-19T10:40:37.680695+00:00,save_all_c2p,manual,,1,2026-08-19 19:44:56.948,2026-08-19 19:44:56.948,0,,2026-08-19,2026-08-20
3f,GPCC_stage2_select,manual__2026-08-19T10:40:37.680695+00:00,load_item_meta,manual,,2,2026-08-19 19:44:59.536,2026-08-19 19:45:10.619,11,,2026-08-19,2026-08-20
3f,GPCC_stage2_select,manual__2026-08-19T10:40:37.680695+00:00,load_user_features,manual,,2,2026-08-19 19:44:59.988,2026-08-19 19:45:31.009,31,,2026-08-19,2026-08-20
3f,GPCC_stage2_select,manual__2026-08-19T10:40:37.680695+00:00,load_dv_features,manual,,2,2026-08-19 19:45:00.144,2026-08-19 19:45:10.823,10,,2026-08-19,2026-08-20
3f,GPCC_stage2_select,manual__2026-08-19T10:40:37.680695+00:00,load_user_lgcn_embs,manual,,2,2026-08-19 19:45:00.198,2026-08-19 19:45:32.318,32,,2026-08-19,2026-08-20
3f,GPCC_stage2_select,manual__2026-08-19T10:40:37.680695+00:00,load_item_emb_feat,manual,,2,2026-08-19 19:45:00.502,2026-08-19 19:45:11.151,10,,2026-08-19,2026-08-20
3f,GPCC_stage2_select,manual__2026-08-19T10:40:37.680695+00:00,load_item_lgcn_embs,manual,,2,2026-08-19 19:45:00.531,2026-08-19 19:45:11.375,10,,2026-08-19,2026-08-20
3f,GPCC_stage2_select,manual__2026-08-19T10:40:37.680695+00:00,task_prd_pl_inf_pl2mfl3101_v2,manual,,2,2026-08-19 19:45:35.602,2026-08-19 20:14:17.998,1722,,2026-08-19,2026-08-20
3f,gpcc_select_dq_mail,scheduled__2026-08-18T11:00:00+00:00,start,scheduled,,2,2026-08-19 20:00:07.523,2026-08-19 20:00:08.687,1,,2026-08-19,2026-08-20
3f,GPCC_stage2_select,manual__2026-08-19T10:40:37.680695+00:00,save_cs_result,manual,,2,2026-08-19 20:14:20.706,2026-08-19 20:16:00.102,99,,2026-08-19,2026-08-20
3f,GPCC_stage2_select,manual__2026-08-19T10:40:37.680695+00:00,save_gpcc,manual,,2,2026-08-19 20:16:03.191,2026-08-19 20:17:14.496,71,,2026-08-19,2026-08-20
3f,GPCC_stage2_select,manual__2026-08-19T10:40:37.680695+00:00,trigger_stage3,manual,,2,2026-08-19 20:17:18.108,2026-08-19 20:17:21.425,3,,2026-08-19,2026-08-20
3f,GPCC_stage3_interaction_feautre,manual__2026-08-19T11:17:20.935071+00:00,start,manual,,2,2026-08-19 20:17:24.120,2026-08-19 20:17:24.724,0,,2026-08-19,2026-08-20
3f,GPCC_stage2_select,manual__2026-08-19T10:40:37.680695+00:00,done_api,manual,,2,2026-08-19 20:17:24.653,2026-08-19 20:17:25.174,0,,2026-08-19,2026-08-20
3f,GPCC_stage3_interaction_feautre,manual__2026-08-19T11:17:20.935071+00:00,trigger,manual,,2,2026-08-19 20:17:27.998,2026-08-19 20:17:28.586,0,,2026-08-19,2026-08-20
3f,GPCC_stage3_interaction_feautre,manual__2026-08-19T11:17:20.935071+00:00,load_interaction_feature,manual,,2,2026-08-19 20:17:31.153,2026-08-19 20:23:18.453,347,,2026-08-19,2026-08-20
3f,GPCC_stage3_interaction_feautre,manual__2026-08-19T11:17:20.935071+00:00,load_rec_target,manual,,2,2026-08-19 20:17:32.275,2026-08-19 20:18:17.978,45,,2026-08-19,2026-08-20
3f,gpcc_select_dq_mail,scheduled__2026-08-18T11:00:00+00:00,trigger,scheduled,,2,2026-08-19 20:18:46.503,2026-08-19 20:18:47.306,0,,2026-08-19,2026-08-20
3f,gpcc_select_dq_mail,scheduled__2026-08-18T11:00:00+00:00,save_input_summary,scheduled,,2,2026-08-19 20:18:50.312,2026-08-19 20:19:33.069,42,,2026-08-19,2026-08-20
3f,gpcc_select_dq_mail,scheduled__2026-08-18T11:00:00+00:00,save_select_wf,scheduled,,2,2026-08-19 20:18:50.518,2026-08-19 20:19:35.467,44,,2026-08-19,2026-08-20
3f,gpcc_select_dq_mail,scheduled__2026-08-18T11:00:00+00:00,dq_mail,scheduled,,2,2026-08-19 20:19:38.407,2026-08-19 20:19:49.527,11,,2026-08-19,2026-08-20
3f,gpcc_select_dq_mail,scheduled__2026-08-18T11:00:00+00:00,done_api,scheduled,,2,2026-08-19 20:19:52.957,2026-08-19 20:19:53.513,0,,2026-08-19,2026-08-20
3f,GPCC_stage3_interaction_feautre,manual__2026-08-19T11:17:20.935071+00:00,FT_InteractionFeature,manual,,2,2026-08-19 20:23:21.355,2026-08-19 20:32:54.430,573,,2026-08-19,2026-08-20
3f,GPCC_stage3_interaction_feautre,manual__2026-08-19T11:17:20.935071+00:00,save_inter_feature,manual,,2,2026-08-19 20:32:58.124,2026-08-19 20:38:36.211,338,,2026-08-19,2026-08-20
3f,GPCC_stage3_interaction_feautre,manual__2026-08-19T11:17:20.935071+00:00,unload_shared_ft_features,manual,,2,2026-08-19 20:38:39.576,2026-08-19 20:39:31.178,51,,2026-08-19,2026-08-20
3f,GPCC_stage3_interaction_feautre,manual__2026-08-19T11:17:20.935071+00:00,trigger_gv_tgps_bsis,manual,,2,2026-08-19 20:39:33.881,2026-08-19 20:39:37.747,3,,2026-08-19,2026-08-20
3f,GPCC_stage3_interaction_feautre,manual__2026-08-19T11:17:20.935071+00:00,trigger_gv_cntn_info,manual,,2,2026-08-19 20:39:40.345,2026-08-19 20:39:45.090,4,,2026-08-19,2026-08-20
3f,GPCC_stage3_interaction_feautre,manual__2026-08-19T11:17:20.935071+00:00,trigger_gv_cust_bhve_info,manual,,2,2026-08-19 20:39:48.636,2026-08-19 20:39:52.890,4,,2026-08-19,2026-08-20
3f,GPCC_stage3_interaction_feautre,manual__2026-08-19T11:17:20.935071+00:00,preproc_end_alert,manual,,2,2026-08-19 20:39:56.262,2026-08-19 20:39:57.081,0,,2026-08-19,2026-08-20
3f,GPCC_stage3_interaction_feautre,manual__2026-08-19T11:17:20.935071+00:00,done_api,manual,,2,2026-08-19 20:40:00.127,2026-08-19 20:40:00.596,0,,2026-08-19,2026-08-20
3f,GPCC_mthly_execute_trigger,scheduled__2026-08-18T12:30:00+00:00,start,scheduled,,2,2026-08-19 21:30:04.416,2026-08-19 21:30:05.216,0,,2026-08-19,2026-08-20
3f,GPCC_mthly_execute_trigger,scheduled__2026-08-18T12:30:00+00:00,trigger,scheduled,,2,2026-08-19 21:30:08.491,2026-08-19 21:30:08.870,0,,2026-08-19,2026-08-20
3f,GPCC_mthly_execute_trigger,scheduled__2026-08-18T12:30:00+00:00,trigger_execute_date,scheduled,,2,2026-08-19 21:30:12.250,2026-08-19 21:30:24.721,12,,2026-08-19,2026-08-20
3f,GPCC_mthly_execute_trigger,scheduled__2026-08-18T12:30:00+00:00,fail_empty_mail,scheduled,,1,2026-08-19 21:30:24.888,2026-08-19 21:30:24.888,0,,2026-08-19,2026-08-20
3f,GPCC_mthly_execute_trigger,scheduled__2026-08-18T12:30:00+00:00,trigger_mthly_rec_result,scheduled,,2,2026-08-19 21:30:27.304,2026-08-19 21:30:31.155,3,,2026-08-19,2026-08-20
3f,GPCC_mthly_execute_trigger,scheduled__2026-08-18T12:30:00+00:00,done_api,scheduled,,2,2026-08-19 21:30:34.814,2026-08-19 21:30:35.304,0,,2026-08-19,2026-08-20
3f,GPCC_mthly_rec_result,manual__2026-08-19T12:30:32.135184+00:00,start,manual,,2,2026-08-19 21:30:34.984,2026-08-19 21:30:35.838,0,,2026-08-19,2026-08-20
3f,GPCC_mthly_rec_result,manual__2026-08-19T12:30:32.135184+00:00,trigger,manual,,2,2026-08-19 21:30:38.775,2026-08-19 21:30:39.339,0,,2026-08-19,2026-08-20
3f,GPCC_mthly_rec_result,manual__2026-08-19T12:30:32.135184+00:00,make_pipeline_date,manual,,2,2026-08-19 21:30:42.930,2026-08-19 21:33:32.171,169,,2026-08-19,2026-08-20
3f,GPCC_mthly_rec_result,manual__2026-08-19T12:30:32.135184+00:00,load_rec_target,manual,,2,2026-08-19 21:33:35.437,2026-08-19 21:34:40.885,65,,2026-08-19,2026-08-20
3f,GPCC_mthly_rec_result,manual__2026-08-19T12:30:32.135184+00:00,mk_mthly_rec_result,manual,,2,2026-08-19 21:34:43.476,2026-08-19 21:44:13.579,570,,2026-08-19,2026-08-20
3f,GPCC_mthly_rec_result,manual__2026-08-19T12:30:32.135184+00:00,save_rec_result,manual,,2,2026-08-19 21:44:16.387,2026-08-19 21:48:21.828,245,,2026-08-19,2026-08-20
3f,GPCC_mthly_rec_result,manual__2026-08-19T12:30:32.135184+00:00,mthly_dq_check,manual,,2,2026-08-19 21:48:24.774,2026-08-19 21:50:22.347,117,,2026-08-19,2026-08-20
3f,GPCC_mthly_rec_result,manual__2026-08-19T12:30:32.135184+00:00,dq_check_mail,manual,,2,2026-08-19 21:50:25.065,2026-08-19 21:50:30.949,5,,2026-08-19,2026-08-20
3f,GPCC_mthly_rec_result,manual__2026-08-19T12:30:32.135184+00:00,done_api,manual,,2,2026-08-19 21:50:34.444,2026-08-19 21:50:34.896,0,,2026-08-19,2026-08-20
3f,GPCC_stage4_post_proc,scheduled__2026-08-18T14:40:00+00:00,start,scheduled,,2,2026-08-19 23:40:07.274,2026-08-19 23:40:07.886,0,,2026-08-19,2026-08-20
3f,duplicate_ft_result_check,scheduled__2026-08-18T14:40:00+00:00,start,scheduled,,2,2026-08-19 23:40:07.484,2026-08-19 23:40:08.068,0,,2026-08-19,2026-08-20
3f,duplicate_ft_result_check,scheduled__2026-08-18T14:40:00+00:00,trigger,scheduled,,2,2026-08-19 23:50:05.514,2026-08-19 23:50:06.169,0,,2026-08-19,2026-08-20
3f,GPCC_stage4_post_proc,scheduled__2026-08-18T14:40:00+00:00,trigger,scheduled,,2,2026-08-19 23:50:06.479,2026-08-19 23:50:07.265,0,,2026-08-19,2026-08-20
3f,duplicate_ft_result_check,scheduled__2026-08-18T14:40:00+00:00,check_duplicate,scheduled,,2,2026-08-19 23:50:09.133,2026-08-19 23:50:51.385,42,,2026-08-19,2026-08-20
3f,GPCC_stage4_post_proc,scheduled__2026-08-18T14:40:00+00:00,check_duplicate,scheduled,,2,2026-08-19 23:50:10.562,2026-08-19 23:50:33.834,23,,2026-08-19,2026-08-20
3f,GPCC_stage4_post_proc,scheduled__2026-08-18T14:40:00+00:00,load_rec_result,scheduled,,2,2026-08-19 23:50:37.192,2026-08-19 23:52:14.990,97,,2026-08-19,2026-08-20
3f,duplicate_ft_result_check,scheduled__2026-08-18T14:40:00+00:00,ft_result_dup_check_mail,scheduled,,2,2026-08-19 23:50:54.167,2026-08-19 23:51:00.111,5,,2026-08-19,2026-08-20
3f,duplicate_ft_result_check,scheduled__2026-08-18T14:40:00+00:00,done_api,scheduled,,2,2026-08-19 23:51:03.120,2026-08-19 23:51:03.596,0,,2026-08-19,2026-08-20
3f,GPCC_stage4_post_proc,scheduled__2026-08-18T14:40:00+00:00,RecResult,scheduled,,2,2026-08-19 23:52:18.445,2026-08-19 23:58:42.034,383,,2026-08-20,2026-08-21
3f,GPCC_stage4_post_proc,scheduled__2026-08-18T14:40:00+00:00,save_rec_result,scheduled,,2,2026-08-19 23:58:45.117,2026-08-20 00:02:55.412,250,,2026-08-20,2026-08-21
3f,GPCC_stage4_post_proc,scheduled__2026-08-18T14:40:00+00:00,check_dd_rec_result,scheduled,,2,2026-08-20 00:02:58.258,2026-08-20 00:03:21.664,23,,2026-08-20,2026-08-21
3f,GPCC_stage4_post_proc,scheduled__2026-08-18T14:40:00+00:00,trigger_mark_success_all_success,scheduled,,2,2026-08-20 00:03:24.386,2026-08-20 00:03:26.978,2,,2026-08-20,2026-08-21
3f,GPCC_stage4_post_proc,scheduled__2026-08-18T14:40:00+00:00,trigger_sg_workflow_if_one_failed,scheduled,,1,2026-08-20 00:03:27.178,2026-08-20 00:03:27.178,0,,2026-08-20,2026-08-21
3f,GPCC_stage4_post_proc,scheduled__2026-08-18T14:40:00+00:00,done_api,scheduled,,1,2026-08-20 00:03:27.336,2026-08-20 00:03:27.336,0,,2026-08-20,2026-08-21
3f,gpcc_mark_success,manual__2026-08-19T15:03:26.542655+00:00,start,manual,,2,2026-08-20 00:03:30.454,2026-08-20 00:03:31.153,0,,2026-08-20,2026-08-21
3f,gpcc_mark_success,manual__2026-08-19T15:03:26.542655+00:00,trigger,manual,,2,2026-08-20 00:03:34.190,2026-08-20 00:03:34.681,0,,2026-08-20,2026-08-21
3f,gpcc_mark_success,manual__2026-08-19T15:03:26.542655+00:00,check_mark_success,manual,,2,2026-08-20 00:03:37.758,2026-08-20 00:03:53.406,15,,2026-08-20,2026-08-21
3f,gpcc_mark_success,manual__2026-08-19T15:03:26.542655+00:00,done_api,manual,,2,2026-08-20 00:03:57.139,2026-08-20 00:03:57.648,0,,2026-08-20,2026-08-21
3f,gpcc_dd_transfer,scheduled__2026-08-18T16:00:00+00:00,start,scheduled,,2,2026-08-20 01:00:04.817,2026-08-20 01:00:05.512,0,,2026-08-20,2026-08-21
3f,gpcc_dd_transfer,scheduled__2026-08-18T16:00:00+00:00,trigger,scheduled,,2,2026-08-20 01:00:08.577,2026-08-20 01:00:09.573,0,,2026-08-20,2026-08-21
3f,gpcc_dd_transfer,scheduled__2026-08-18T16:00:00+00:00,transfer_table,scheduled,,2,2026-08-20 01:00:12.775,2026-08-20 01:03:33.008,200,,2026-08-20,2026-08-21
3f,gpcc_dd_transfer,scheduled__2026-08-18T16:00:00+00:00,unload_oo3f_rec_benefit_result,scheduled,,2,2026-08-20 01:03:35.771,2026-08-20 01:03:56.813,21,,2026-08-20,2026-08-21
3f,gpcc_dd_transfer,scheduled__2026-08-18T16:00:00+00:00,trigger_dq_check_mail,scheduled,,2,2026-08-20 01:03:35.905,2026-08-20 01:03:39.300,3,,2026-08-20,2026-08-21
3f,gpcc_dd_transfer,scheduled__2026-08-18T16:00:00+00:00,trigger_arbiter_transfer,scheduled,,2,2026-08-20 01:03:36.967,2026-08-20 01:03:37.493,0,,2026-08-20,2026-08-21
3f,gpcc_dq_mail,manual__2026-08-19T16:03:38.652597+00:00,start,manual,,2,2026-08-20 01:03:41.611,2026-08-20 01:03:42.317,0,,2026-08-20,2026-08-21
3f,gpcc_dq_mail,manual__2026-08-19T16:03:38.652597+00:00,trigger,manual,,2,2026-08-20 01:03:45.971,2026-08-20 01:03:46.804,0,,2026-08-20,2026-08-21
3f,gpcc_dq_mail,manual__2026-08-19T16:03:38.652597+00:00,unload_dq_check,manual,,2,2026-08-20 01:03:49.478,2026-08-20 01:07:20.026,210,,2026-08-20,2026-08-21
3f,gpcc_dq_mail,manual__2026-08-19T16:03:38.652597+00:00,unload_dq_candidate,manual,,2,2026-08-20 01:03:49.826,2026-08-20 01:04:37.157,47,,2026-08-20,2026-08-21
3f,gpcc_dd_transfer,scheduled__2026-08-18T16:00:00+00:00,sink_cms_transfer,scheduled,,2,2026-08-20 01:04:00.170,2026-08-20 01:16:59.699,779,,2026-08-20,2026-08-21
3f,gpcc_dq_mail,manual__2026-08-19T16:03:38.652597+00:00,DQcheck,manual,,2,2026-08-20 01:07:23.315,2026-08-20 01:18:36.335,673,,2026-08-20,2026-08-21
3f,gpcc_dd_transfer,scheduled__2026-08-18T16:00:00+00:00,done_api,scheduled,,2,2026-08-20 01:17:03.516,2026-08-20 01:17:04.071,0,,2026-08-20,2026-08-21
3f,gpcc_dq_mail,manual__2026-08-19T16:03:38.652597+00:00,save_dq_summary,manual,,2,2026-08-20 01:18:39.459,2026-08-20 01:23:22.661,283,,2026-08-20,2026-08-21
3f,gpcc_dq_mail,manual__2026-08-19T16:03:38.652597+00:00,dq_check_mail,manual,,2,2026-08-20 01:23:25.258,2026-08-20 01:24:43.711,78,,2026-08-20,2026-08-21
3f,gpcc_dq_mail,manual__2026-08-19T16:03:38.652597+00:00,done_api,manual,,2,2026-08-20 01:24:46.684,2026-08-20 01:24:47.301,0,,2026-08-20,2026-08-21
3f,GPCC_train,scheduled__2026-08-16T21:00:00+00:00,start,scheduled,,2,2026-08-20 06:00:07.176,2026-08-20 06:00:07.878,0,,2026-08-20,2026-08-21
3f,GPCC_train,scheduled__2026-08-16T21:00:00+00:00,trigger,scheduled,,2,2026-08-20 06:00:11.525,2026-08-20 06:00:12.108,0,,2026-08-20,2026-08-21
3f,GPCC_train,scheduled__2026-08-16T21:00:00+00:00,load_user_features_inf,scheduled,,2,2026-08-20 06:00:14.736,2026-08-20 06:02:03.845,109,,2026-08-20,2026-08-21
3f,GPCC_train,scheduled__2026-08-16T21:00:00+00:00,load_item_meta,scheduled,,2,2026-08-20 06:00:15.411,2026-08-20 06:00:49.103,33,,2026-08-20,2026-08-21
3f,GPCC_train,scheduled__2026-08-16T21:00:00+00:00,load_user_features,scheduled,,2,2026-08-20 06:00:15.623,2026-08-20 06:01:07.915,52,,2026-08-20,2026-08-21
3f,GPCC_train,scheduled__2026-08-16T21:00:00+00:00,load_item_emb_feat,scheduled,,2,2026-08-20 06:00:15.760,2026-08-20 06:00:28.409,12,,2026-08-20,2026-08-21
3f,GPCC_train,scheduled__2026-08-16T21:00:00+00:00,load_interaction,scheduled,,2,2026-08-20 06:00:15.954,2026-08-20 06:00:46.834,30,,2026-08-20,2026-08-21
3f,GPCC_train,scheduled__2026-08-16T21:00:00+00:00,task_prd_pl_trn_pl2mfl3101_v2,scheduled,,2,2026-08-20 06:02:07.529,2026-08-20 09:55:42.442,14014,,2026-08-20,2026-08-21
3f,GPCC_train,scheduled__2026-08-16T21:00:00+00:00,save_cntn_lgcn_emb,scheduled,,2,2026-08-20 09:55:45.005,2026-08-20 09:56:47.124,62,,2026-08-20,2026-08-21
3f,GPCC_train,scheduled__2026-08-16T21:00:00+00:00,save_item_cntn_emb,scheduled,,2,2026-08-20 09:55:45.306,2026-08-20 09:56:27.597,42,,2026-08-20,2026-08-21
3f,GPCC_train,scheduled__2026-08-16T21:00:00+00:00,save_user_lgcn_emb,scheduled,,2,2026-08-20 09:55:45.814,2026-08-20 09:57:51.304,125,,2026-08-20,2026-08-21
3f,GPCC_train,scheduled__2026-08-16T21:00:00+00:00,save_train_date,scheduled,,2,2026-08-20 09:57:54.613,2026-08-20 09:58:06.854,12,,2026-08-20,2026-08-21
3f,GPCC_train,scheduled__2026-08-16T21:00:00+00:00,trigger_dq,scheduled,,2,2026-08-20 09:58:10.402,2026-08-20 09:58:12.667,2,,2026-08-20,2026-08-21
3f,gpcc_train_dq_mail,manual__2026-08-20T00:58:12.167985+00:00,start,manual,,2,2026-08-20 09:58:16.098,2026-08-20 09:58:16.834,0,,2026-08-20,2026-08-21
3f,GPCC_train,scheduled__2026-08-16T21:00:00+00:00,done_api,scheduled,,2,2026-08-20 09:58:16.775,2026-08-20 09:58:17.451,0,,2026-08-20,2026-08-21
3f,gpcc_train_dq_mail,manual__2026-08-20T00:58:12.167985+00:00,trigger,manual,,2,2026-08-20 09:58:19.996,2026-08-20 09:58:20.447,0,,2026-08-20,2026-08-21
3f,gpcc_train_dq_mail,manual__2026-08-20T00:58:12.167985+00:00,save_train_result,manual,,2,2026-08-20 09:58:23.062,2026-08-20 09:59:01.470,38,,2026-08-20,2026-08-21
3f,gpcc_train_dq_mail,manual__2026-08-20T00:58:12.167985+00:00,dq_mail,manual,,2,2026-08-20 09:59:04.585,2026-08-20 09:59:10.964,6,,2026-08-20,2026-08-21
3f,gpcc_train_dq_mail,manual__2026-08-20T00:58:12.167985+00:00,done_api,manual,,2,2026-08-20 09:59:14.282,2026-08-20 09:59:14.823,0,,2026-08-20,2026-08-21
3f,gpcc_train_dq_mail,scheduled__2026-08-17T02:30:00+00:00,start,scheduled,,2,2026-08-20 11:30:05.408,2026-08-20 11:30:06.155,0,,2026-08-20,2026-08-21
3f,gpcc_train_dq_mail,scheduled__2026-08-17T02:30:00+00:00,trigger,scheduled,,2,2026-08-20 11:30:09.176,2026-08-20 11:30:09.625,0,,2026-08-20,2026-08-21
3f,gpcc_train_dq_mail,scheduled__2026-08-17T02:30:00+00:00,save_train_result,scheduled,,2,2026-08-20 11:30:12.602,2026-08-20 11:30:51.243,38,,2026-08-20,2026-08-21
3f,gpcc_train_dq_mail,scheduled__2026-08-17T02:30:00+00:00,dq_mail,scheduled,,2,2026-08-20 11:30:54.636,2026-08-20 11:31:00.671,6,,2026-08-20,2026-08-21
3f,gpcc_train_dq_mail,scheduled__2026-08-17T02:30:00+00:00,done_api,scheduled,,2,2026-08-20 11:31:03.754,2026-08-20 11:31:04.554,0,,2026-08-20,2026-08-21
3f,temp_log_agg,scheduled__2026-08-19T03:00:00+00:00,start,scheduled,,2,2026-08-20 12:00:06.330,2026-08-20 12:00:07.271,0,,2026-08-20,2026-08-21
3f,temp_log_agg,scheduled__2026-08-19T03:00:00+00:00,trigger,scheduled,,2,2026-08-20 12:00:10.222,2026-08-20 12:00:10.698,0,,2026-08-20,2026-08-21
3f,temp_log_agg,scheduled__2026-08-19T03:00:00+00:00,load_log_agg,scheduled,,2,2026-08-20 12:00:13.373,2026-08-20 12:18:32.194,1098,,2026-08-20,2026-08-21
3f,temp_log_agg,scheduled__2026-08-19T03:00:00+00:00,save_log_agg,scheduled,,2,2026-08-20 12:18:35.553,2026-08-20 12:18:49.523,13,,2026-08-20,2026-08-21
3f,temp_log_agg,scheduled__2026-08-19T03:00:00+00:00,log_check_mail,scheduled,,2,2026-08-20 12:18:53.177,2026-08-20 12:18:58.966,5,,2026-08-20,2026-08-21
3f,temp_log_agg,scheduled__2026-08-19T03:00:00+00:00,done_api,scheduled,,2,2026-08-20 12:19:02.097,2026-08-20 12:19:02.885,0,,2026-08-20,2026-08-21
3f,GPCC_stage1_item_feature,scheduled__2026-08-19T10:00:00+00:00,start,scheduled,,2,2026-08-20 19:00:07.575,2026-08-20 19:00:08.724,1,,2026-08-20,2026-08-21
3f,GPCC_stage1_item_feature,scheduled__2026-08-19T10:00:00+00:00,trigger,scheduled,,2,2026-08-20 19:00:11.646,2026-08-20 19:00:12.562,0,,2026-08-20,2026-08-21
3f,GPCC_stage1_item_feature,scheduled__2026-08-19T10:00:00+00:00,make_pipeline_date,scheduled,,2,2026-08-20 19:00:15.296,2026-08-20 19:03:06.780,171,,2026-08-20,2026-08-21
3f,GPCC_stage1_item_feature,scheduled__2026-08-19T10:00:00+00:00,save_pipeline_date,scheduled,,2,2026-08-20 19:03:09.819,2026-08-20 19:03:50.294,40,,2026-08-20,2026-08-21
3f,GPCC_stage1_item_feature,scheduled__2026-08-19T10:00:00+00:00,load_item_meta,scheduled,,2,2026-08-20 19:03:53.985,2026-08-20 19:06:32.412,158,,2026-08-20,2026-08-21
3f,GPCC_stage1_item_feature,scheduled__2026-08-19T10:00:00+00:00,load_log_parser,scheduled,,2,2026-08-20 19:03:54.001,2026-08-20 19:10:46.535,412,,2026-08-20,2026-08-21
3f,GPCC_stage1_item_feature,scheduled__2026-08-19T10:00:00+00:00,load_item_feature,scheduled,,2,2026-08-20 19:03:54.076,2026-08-20 19:08:04.366,250,,2026-08-20,2026-08-21
3f,GPCC_stage1_item_feature,scheduled__2026-08-19T10:00:00+00:00,ItemMetaGenerator,scheduled,,2,2026-08-20 19:10:49.690,2026-08-20 19:15:08.129,258,,2026-08-20,2026-08-21
3f,GPCC_stage1_item_feature,scheduled__2026-08-19T10:00:00+00:00,LogGenerator,scheduled,,2,2026-08-20 19:15:11.551,2026-08-20 19:23:34.875,503,,2026-08-20,2026-08-21
3f,GPCC_stage1_item_feature,scheduled__2026-08-19T10:00:00+00:00,FT_ItemFeature,scheduled,,2,2026-08-20 19:23:38.393,2026-08-20 19:29:15.615,337,,2026-08-20,2026-08-21
3f,GPCC_stage1_item_feature,scheduled__2026-08-19T10:00:00+00:00,save_stage1_mart,scheduled,,2,2026-08-20 19:29:18.527,2026-08-20 19:38:23.814,545,,2026-08-20,2026-08-21
3f,GPCC_stage1_item_feature,scheduled__2026-08-19T10:00:00+00:00,trigger_gpcc_candidate,scheduled,,2,2026-08-20 19:38:27.476,2026-08-20 19:38:31.003,3,,2026-08-20,2026-08-21
3f,GPCC_stage2_select,manual__2026-08-20T10:38:30.560030+00:00,start,manual,,2,2026-08-20 19:38:33.983,2026-08-20 19:38:34.452,0,,2026-08-20,2026-08-21
3f,GPCC_stage1_item_feature,scheduled__2026-08-19T10:00:00+00:00,done_api,scheduled,,2,2026-08-20 19:38:34.136,2026-08-20 19:38:34.619,0,,2026-08-20,2026-08-21
3f,GPCC_stage2_select,manual__2026-08-20T10:38:30.560030+00:00,trigger,manual,,2,2026-08-20 19:38:37.359,2026-08-20 19:38:38.484,1,,2026-08-20,2026-08-21
3f,GPCC_stage2_select,manual__2026-08-20T10:38:30.560030+00:00,save_targeting,manual,,2,2026-08-20 19:38:41.130,2026-08-20 19:41:28.595,167,,2026-08-20,2026-08-21
3f,GPCC_stage2_select,manual__2026-08-20T10:38:30.560030+00:00,save_cs_size,manual,,2,2026-08-20 19:41:31.339,2026-08-20 19:42:27.375,56,,2026-08-20,2026-08-21
3f,GPCC_stage2_select,manual__2026-08-20T10:38:30.560030+00:00,check_c2p_cnt,manual,,2,2026-08-20 19:42:29.973,2026-08-20 19:42:53.724,23,,2026-08-20,2026-08-21
3f,GPCC_stage2_select,manual__2026-08-20T10:38:30.560030+00:00,save_all_c2p,manual,,1,2026-08-20 19:42:53.838,2026-08-20 19:42:53.838,0,,2026-08-20,2026-08-21
3f,GPCC_stage2_select,manual__2026-08-20T10:38:30.560030+00:00,load_user_features,manual,,2,2026-08-20 19:42:56.578,2026-08-20 19:43:26.821,30,,2026-08-20,2026-08-21
3f,GPCC_stage2_select,manual__2026-08-20T10:38:30.560030+00:00,load_item_emb_feat,manual,,2,2026-08-20 19:42:56.714,2026-08-20 19:43:08.400,11,,2026-08-20,2026-08-21
3f,GPCC_stage2_select,manual__2026-08-20T10:38:30.560030+00:00,load_item_meta,manual,,2,2026-08-20 19:42:56.818,2026-08-20 19:43:08.049,11,,2026-08-20,2026-08-21
3f,GPCC_stage2_select,manual__2026-08-20T10:38:30.560030+00:00,load_dv_features,manual,,2,2026-08-20 19:42:57.120,2026-08-20 19:43:07.877,10,,2026-08-20,2026-08-21
3f,GPCC_stage2_select,manual__2026-08-20T10:38:30.560030+00:00,load_user_lgcn_embs,manual,,2,2026-08-20 19:42:57.442,2026-08-20 19:43:27.184,29,,2026-08-20,2026-08-21
3f,GPCC_stage2_select,manual__2026-08-20T10:38:30.560030+00:00,load_item_lgcn_embs,manual,,2,2026-08-20 19:42:57.607,2026-08-20 19:43:09.621,12,,2026-08-20,2026-08-21
3f,GPCC_stage2_select,manual__2026-08-20T10:38:30.560030+00:00,task_prd_pl_inf_pl2mfl3101_v2,manual,,2,2026-08-20 19:43:30.047,2026-08-20 20:15:33.184,1923,,2026-08-20,2026-08-21
3f,gpcc_select_dq_mail,scheduled__2026-08-19T11:00:00+00:00,start,scheduled,,2,2026-08-20 20:00:03.642,2026-08-20 20:00:04.792,1,,2026-08-20,2026-08-21
3f,GPCC_stage2_select,manual__2026-08-20T10:38:30.560030+00:00,save_cs_result,manual,,2,2026-08-20 20:15:36.359,2026-08-20 20:17:19.325,102,,2026-08-20,2026-08-21
3f,GPCC_stage2_select,manual__2026-08-20T10:38:30.560030+00:00,save_gpcc,manual,,2,2026-08-20 20:17:22.305,2026-08-20 20:18:33.814,71,,2026-08-20,2026-08-21
3f,GPCC_stage2_select,manual__2026-08-20T10:38:30.560030+00:00,trigger_stage3,manual,,2,2026-08-20 20:18:36.676,2026-08-20 20:18:39.966,3,,2026-08-20,2026-08-21
3f,GPCC_stage3_interaction_feautre,manual__2026-08-20T11:18:39.279776+00:00,start,manual,,2,2026-08-20 20:18:43.211,2026-08-20 20:18:43.794,0,,2026-08-20,2026-08-21
3f,GPCC_stage2_select,manual__2026-08-20T10:38:30.560030+00:00,done_api,manual,,2,2026-08-20 20:18:44.131,2026-08-20 20:18:44.692,0,,2026-08-20,2026-08-21
3f,GPCC_stage3_interaction_feautre,manual__2026-08-20T11:18:39.279776+00:00,trigger,manual,,2,2026-08-20 20:18:47.118,2026-08-20 20:18:47.758,0,,2026-08-20,2026-08-21
3f,GPCC_stage3_interaction_feautre,manual__2026-08-20T11:18:39.279776+00:00,load_interaction_feature,manual,,2,2026-08-20 20:18:50.842,2026-08-20 20:24:18.274,327,,2026-08-20,2026-08-21
3f,GPCC_stage3_interaction_feautre,manual__2026-08-20T11:18:39.279776+00:00,load_rec_target,manual,,2,2026-08-20 20:18:50.936,2026-08-20 20:19:31.949,41,,2026-08-20,2026-08-21
3f,gpcc_select_dq_mail,scheduled__2026-08-19T11:00:00+00:00,trigger,scheduled,,2,2026-08-20 20:21:31.825,2026-08-20 20:21:32.662,0,,2026-08-20,2026-08-21
3f,gpcc_select_dq_mail,scheduled__2026-08-19T11:00:00+00:00,save_select_wf,scheduled,,2,2026-08-20 20:21:35.832,2026-08-20 20:22:18.112,42,,2026-08-20,2026-08-21
3f,gpcc_select_dq_mail,scheduled__2026-08-19T11:00:00+00:00,save_input_summary,scheduled,,2,2026-08-20 20:21:36.004,2026-08-20 20:22:18.729,42,,2026-08-20,2026-08-21
3f,gpcc_select_dq_mail,scheduled__2026-08-19T11:00:00+00:00,dq_mail,scheduled,,2,2026-08-20 20:22:22.096,2026-08-20 20:22:33.823,11,,2026-08-20,2026-08-21
3f,gpcc_select_dq_mail,scheduled__2026-08-19T11:00:00+00:00,done_api,scheduled,,2,2026-08-20 20:22:37.478,2026-08-20 20:22:37.934,0,,2026-08-20,2026-08-21
3f,GPCC_stage3_interaction_feautre,manual__2026-08-20T11:18:39.279776+00:00,FT_InteractionFeature,manual,,2,2026-08-20 20:24:21.734,2026-08-20 20:33:02.935,521,,2026-08-20,2026-08-21
3f,GPCC_stage3_interaction_feautre,manual__2026-08-20T11:18:39.279776+00:00,save_inter_feature,manual,,2,2026-08-20 20:33:06.048,2026-08-20 20:38:18.091,312,,2026-08-20,2026-08-21
3f,GPCC_stage3_interaction_feautre,manual__2026-08-20T11:18:39.279776+00:00,unload_shared_ft_features,manual,,2,2026-08-20 20:38:21.354,2026-08-20 20:39:08.912,47,,2026-08-20,2026-08-21
3f,GPCC_stage3_interaction_feautre,manual__2026-08-20T11:18:39.279776+00:00,trigger_gv_tgps_bsis,manual,,2,2026-08-20 20:39:12.309,2026-08-20 20:39:16.568,4,,2026-08-20,2026-08-21
3f,GPCC_stage3_interaction_feautre,manual__2026-08-20T11:18:39.279776+00:00,trigger_gv_cntn_info,manual,,2,2026-08-20 20:39:19.451,2026-08-20 20:39:24.480,5,,2026-08-20,2026-08-21
3f,GPCC_stage3_interaction_feautre,manual__2026-08-20T11:18:39.279776+00:00,trigger_gv_cust_bhve_info,manual,,2,2026-08-20 20:39:27.658,2026-08-20 20:39:31.701,4,,2026-08-20,2026-08-21
3f,GPCC_stage3_interaction_feautre,manual__2026-08-20T11:18:39.279776+00:00,preproc_end_alert,manual,,2,2026-08-20 20:39:34.288,2026-08-20 20:39:35.114,0,,2026-08-20,2026-08-21
3f,GPCC_stage3_interaction_feautre,manual__2026-08-20T11:18:39.279776+00:00,done_api,manual,,2,2026-08-20 20:39:37.632,2026-08-20 20:39:38.358,0,,2026-08-20,2026-08-21
3f,GPCC_mthly_execute_trigger,scheduled__2026-08-19T12:30:00+00:00,start,scheduled,,2,2026-08-20 21:30:03.514,2026-08-20 21:30:04.305,0,,2026-08-20,2026-08-21
3f,GPCC_mthly_execute_trigger,scheduled__2026-08-19T12:30:00+00:00,trigger,scheduled,,2,2026-08-20 21:30:07.103,2026-08-20 21:30:07.518,0,,2026-08-20,2026-08-21
3f,GPCC_mthly_execute_trigger,scheduled__2026-08-19T12:30:00+00:00,trigger_execute_date,scheduled,,2,2026-08-20 21:30:11.055,2026-08-20 21:30:20.981,9,,2026-08-20,2026-08-21
3f,GPCC_mthly_execute_trigger,scheduled__2026-08-19T12:30:00+00:00,fail_empty_mail,scheduled,,1,2026-08-20 21:30:21.130,2026-08-20 21:30:21.130,0,,2026-08-20,2026-08-21
3f,GPCC_mthly_execute_trigger,scheduled__2026-08-19T12:30:00+00:00,trigger_mthly_rec_result,scheduled,,2,2026-08-20 21:30:23.842,2026-08-20 21:30:27.485,3,,2026-08-20,2026-08-21
3f,GPCC_mthly_execute_trigger,scheduled__2026-08-19T12:30:00+00:00,done_api,scheduled,,2,2026-08-20 21:30:30.705,2026-08-20 21:30:31.431,0,,2026-08-20,2026-08-21
3f,GPCC_mthly_rec_result,manual__2026-08-20T12:30:27.079480+00:00,start,manual,,2,2026-08-20 21:30:31.013,2026-08-20 21:30:31.851,0,,2026-08-20,2026-08-21
3f,GPCC_mthly_rec_result,manual__2026-08-20T12:30:27.079480+00:00,trigger,manual,,2,2026-08-20 21:30:35.437,2026-08-20 21:30:35.951,0,,2026-08-20,2026-08-21
3f,GPCC_mthly_rec_result,manual__2026-08-20T12:30:27.079480+00:00,make_pipeline_date,manual,,2,2026-08-20 21:30:39.545,2026-08-20 21:33:17.882,158,,2026-08-20,2026-08-21
3f,GPCC_mthly_rec_result,manual__2026-08-20T12:30:27.079480+00:00,load_rec_target,manual,,2,2026-08-20 21:33:20.452,2026-08-20 21:34:27.246,66,,2026-08-20,2026-08-21
3f,GPCC_mthly_rec_result,manual__2026-08-20T12:30:27.079480+00:00,mk_mthly_rec_result,manual,,2,2026-08-20 21:34:30.470,2026-08-20 21:44:27.246,596,,2026-08-20,2026-08-21
3f,GPCC_mthly_rec_result,manual__2026-08-20T12:30:27.079480+00:00,save_rec_result,manual,,2,2026-08-20 21:44:30.596,2026-08-20 21:48:46.311,255,,2026-08-20,2026-08-21
3f,GPCC_mthly_rec_result,manual__2026-08-20T12:30:27.079480+00:00,mthly_dq_check,manual,,2,2026-08-20 21:48:49.537,2026-08-20 21:50:44.065,114,,2026-08-20,2026-08-21
3f,GPCC_mthly_rec_result,manual__2026-08-20T12:30:27.079480+00:00,dq_check_mail,manual,,2,2026-08-20 21:50:47.324,2026-08-20 21:50:53.594,6,,2026-08-20,2026-08-21
3f,GPCC_mthly_rec_result,manual__2026-08-20T12:30:27.079480+00:00,done_api,manual,,2,2026-08-20 21:50:56.637,2026-08-20 21:50:57.415,0,,2026-08-20,2026-08-21
3f,GPCC_stage4_post_proc,scheduled__2026-08-19T14:40:00+00:00,start,scheduled,,2,2026-08-20 23:40:05.109,2026-08-20 23:40:05.715,0,,2026-08-20,2026-08-21
3f,duplicate_ft_result_check,scheduled__2026-08-19T14:40:00+00:00,start,scheduled,,2,2026-08-20 23:40:05.553,2026-08-20 23:40:06.168,0,,2026-08-20,2026-08-21
3f,duplicate_ft_result_check,scheduled__2026-08-19T14:40:00+00:00,trigger,scheduled,,2,2026-08-20 23:50:22.763,2026-08-20 23:50:23.380,0,,2026-08-20,2026-08-21
3f,GPCC_stage4_post_proc,scheduled__2026-08-19T14:40:00+00:00,trigger,scheduled,,2,2026-08-20 23:50:23.728,2026-08-20 23:50:24.485,0,,2026-08-20,2026-08-21
3f,duplicate_ft_result_check,scheduled__2026-08-19T14:40:00+00:00,check_duplicate,scheduled,,2,2026-08-20 23:50:27.045,2026-08-20 23:51:08.995,41,,2026-08-20,2026-08-21
3f,GPCC_stage4_post_proc,scheduled__2026-08-19T14:40:00+00:00,check_duplicate,scheduled,,2,2026-08-20 23:50:27.653,2026-08-20 23:50:50.370,22,,2026-08-20,2026-08-21
3f,GPCC_stage4_post_proc,scheduled__2026-08-19T14:40:00+00:00,load_rec_result,scheduled,,2,2026-08-20 23:50:53.520,2026-08-20 23:52:33.177,99,,2026-08-20,2026-08-21
3f,duplicate_ft_result_check,scheduled__2026-08-19T14:40:00+00:00,ft_result_dup_check_mail,scheduled,,2,2026-08-20 23:51:12.142,2026-08-20 23:51:18.083,5,,2026-08-20,2026-08-21
3f,duplicate_ft_result_check,scheduled__2026-08-19T14:40:00+00:00,done_api,scheduled,,2,2026-08-20 23:51:21.117,2026-08-20 23:51:21.825,0,,2026-08-20,2026-08-21
3f,GPCC_stage4_post_proc,scheduled__2026-08-19T14:40:00+00:00,RecResult,scheduled,,2,2026-08-20 23:52:35.923,2026-08-20 23:58:58.552,382,,2026-08-21,2026-08-22
3f,GPCC_stage4_post_proc,scheduled__2026-08-19T14:40:00+00:00,save_rec_result,scheduled,,2,2026-08-20 23:59:02.074,2026-08-21 00:03:00.944,238,,2026-08-21,2026-08-22
3f,GPCC_stage4_post_proc,scheduled__2026-08-19T14:40:00+00:00,check_dd_rec_result,scheduled,,2,2026-08-21 00:03:04.076,2026-08-21 00:03:25.175,21,,2026-08-21,2026-08-22
3f,GPCC_stage4_post_proc,scheduled__2026-08-19T14:40:00+00:00,trigger_mark_success_all_success,scheduled,,2,2026-08-21 00:03:28.788,2026-08-21 00:03:31.362,2,,2026-08-21,2026-08-22
3f,GPCC_stage4_post_proc,scheduled__2026-08-19T14:40:00+00:00,trigger_sg_workflow_if_one_failed,scheduled,,1,2026-08-21 00:03:31.516,2026-08-21 00:03:31.516,0,,2026-08-21,2026-08-22
3f,GPCC_stage4_post_proc,scheduled__2026-08-19T14:40:00+00:00,done_api,scheduled,,1,2026-08-21 00:03:31.646,2026-08-21 00:03:31.646,0,,2026-08-21,2026-08-22
3f,gpcc_mark_success,manual__2026-08-20T15:03:30.807417+00:00,start,manual,,2,2026-08-21 00:03:34.036,2026-08-21 00:03:34.729,0,,2026-08-21,2026-08-22
3f,gpcc_mark_success,manual__2026-08-20T15:03:30.807417+00:00,trigger,manual,,2,2026-08-21 00:03:37.690,2026-08-21 00:03:38.210,0,,2026-08-21,2026-08-22
3f,gpcc_mark_success,manual__2026-08-20T15:03:30.807417+00:00,check_mark_success,manual,,2,2026-08-21 00:03:40.973,2026-08-21 00:03:52.083,11,,2026-08-21,2026-08-22
3f,gpcc_mark_success,manual__2026-08-20T15:03:30.807417+00:00,done_api,manual,,2,2026-08-21 00:03:55.138,2026-08-21 00:03:55.755,0,,2026-08-21,2026-08-22
3f,gpcc_dd_transfer,scheduled__2026-08-19T16:00:00+00:00,start,scheduled,,2,2026-08-21 01:00:07.339,2026-08-21 01:00:08.020,0,,2026-08-21,2026-08-22
3f,gpcc_dd_transfer,scheduled__2026-08-19T16:00:00+00:00,trigger,scheduled,,2,2026-08-21 01:00:11.477,2026-08-21 01:00:12.504,1,,2026-08-21,2026-08-22
3f,gpcc_dd_transfer,scheduled__2026-08-19T16:00:00+00:00,transfer_table,scheduled,,2,2026-08-21 01:00:15.391,2026-08-21 01:03:17.239,181,,2026-08-21,2026-08-22
3f,gpcc_dd_transfer,scheduled__2026-08-19T16:00:00+00:00,unload_oo3f_rec_benefit_result,scheduled,,2,2026-08-21 01:03:20.213,2026-08-21 01:03:42.323,22,,2026-08-21,2026-08-22
3f,gpcc_dd_transfer,scheduled__2026-08-19T16:00:00+00:00,trigger_arbiter_transfer,scheduled,,2,2026-08-21 01:03:20.706,2026-08-21 01:03:21.265,0,,2026-08-21,2026-08-22
3f,gpcc_dd_transfer,scheduled__2026-08-19T16:00:00+00:00,trigger_dq_check_mail,scheduled,,2,2026-08-21 01:03:21.115,2026-08-21 01:03:24.554,3,,2026-08-21,2026-08-22
3f,gpcc_dq_mail,manual__2026-08-20T16:03:24.048274+00:00,start,manual,,2,2026-08-21 01:03:27.800,2026-08-21 01:03:28.492,0,,2026-08-21,2026-08-22
3f,gpcc_dq_mail,manual__2026-08-20T16:03:24.048274+00:00,trigger,manual,,2,2026-08-21 01:03:31.638,2026-08-21 01:03:32.437,0,,2026-08-21,2026-08-22
3f,gpcc_dq_mail,manual__2026-08-20T16:03:24.048274+00:00,unload_dq_candidate,manual,,2,2026-08-21 01:03:35.371,2026-08-21 01:04:21.418,46,,2026-08-21,2026-08-22
3f,gpcc_dq_mail,manual__2026-08-20T16:03:24.048274+00:00,unload_dq_check,manual,,2,2026-08-21 01:03:35.890,2026-08-21 01:07:14.638,218,,2026-08-21,2026-08-22
3f,gpcc_dd_transfer,scheduled__2026-08-19T16:00:00+00:00,sink_cms_transfer,scheduled,,2,2026-08-21 01:03:45.878,2026-08-21 01:16:29.255,763,,2026-08-21,2026-08-22
3f,gpcc_dq_mail,manual__2026-08-20T16:03:24.048274+00:00,DQcheck,manual,,2,2026-08-21 01:07:17.241,2026-08-21 01:18:41.725,684,,2026-08-21,2026-08-22
3f,gpcc_dd_transfer,scheduled__2026-08-19T16:00:00+00:00,done_api,scheduled,,2,2026-08-21 01:16:31.878,2026-08-21 01:16:32.690,0,,2026-08-21,2026-08-22
3f,gpcc_dq_mail,manual__2026-08-20T16:03:24.048274+00:00,save_dq_summary,manual,,2,2026-08-21 01:18:44.717,2026-08-21 01:23:38.537,293,,2026-08-21,2026-08-22
3f,gpcc_dq_mail,manual__2026-08-20T16:03:24.048274+00:00,dq_check_mail,manual,,2,2026-08-21 01:23:41.090,2026-08-21 01:24:56.405,75,,2026-08-21,2026-08-22
3f,gpcc_dq_mail,manual__2026-08-20T16:03:24.048274+00:00,done_api,manual,,2,2026-08-21 01:24:59.794,2026-08-21 01:25:00.370,0,,2026-08-21,2026-08-22
3f,temp_log_agg,scheduled__2026-08-20T03:00:00+00:00,start,scheduled,,2,2026-08-21 12:00:03.582,2026-08-21 12:00:04.624,1,,2026-08-21,2026-08-22
3f,temp_log_agg,scheduled__2026-08-20T03:00:00+00:00,trigger,scheduled,,2,2026-08-21 12:00:07.250,2026-08-21 12:00:07.772,0,,2026-08-21,2026-08-22
3f,temp_log_agg,scheduled__2026-08-20T03:00:00+00:00,load_log_agg,scheduled,,2,2026-08-21 12:00:10.490,2026-08-21 12:31:28.795,1878,,2026-08-21,2026-08-22
3f,temp_log_agg,scheduled__2026-08-20T03:00:00+00:00,save_log_agg,scheduled,,2,2026-08-21 12:31:31.554,2026-08-21 12:31:52.174,20,,2026-08-21,2026-08-22
3f,temp_log_agg,scheduled__2026-08-20T03:00:00+00:00,log_check_mail,scheduled,,2,2026-08-21 12:31:55.294,2026-08-21 12:32:01.154,5,,2026-08-21,2026-08-22
3f,temp_log_agg,scheduled__2026-08-20T03:00:00+00:00,done_api,scheduled,,2,2026-08-21 12:32:04.517,2026-08-21 12:32:05.241,0,,2026-08-21,2026-08-22
3f,GPCC_stage1_item_feature,scheduled__2026-08-20T10:00:00+00:00,start,scheduled,,2,2026-08-21 19:00:04.170,2026-08-21 19:00:05.315,1,,2026-08-21,2026-08-22
3f,GPCC_stage1_item_feature,scheduled__2026-08-20T10:00:00+00:00,trigger,scheduled,,2,2026-08-21 19:00:08.751,2026-08-21 19:00:09.667,0,,2026-08-21,2026-08-22
3f,GPCC_stage1_item_feature,scheduled__2026-08-20T10:00:00+00:00,make_pipeline_date,scheduled,,2,2026-08-21 19:00:13.017,2026-08-21 19:03:12.942,179,,2026-08-21,2026-08-22
3f,GPCC_stage1_item_feature,scheduled__2026-08-20T10:00:00+00:00,save_pipeline_date,scheduled,,2,2026-08-21 19:03:16.178,2026-08-21 19:04:00.412,44,,2026-08-21,2026-08-22
3f,GPCC_stage1_item_feature,scheduled__2026-08-20T10:00:00+00:00,load_log_parser,scheduled,,2,2026-08-21 19:04:03.139,2026-08-21 19:10:46.095,402,,2026-08-21,2026-08-22
3f,GPCC_stage1_item_feature,scheduled__2026-08-20T10:00:00+00:00,load_item_feature,scheduled,,2,2026-08-21 19:04:03.546,2026-08-21 19:08:21.411,257,,2026-08-21,2026-08-22
3f,GPCC_stage1_item_feature,scheduled__2026-08-20T10:00:00+00:00,load_item_meta,scheduled,,2,2026-08-21 19:04:03.911,2026-08-21 19:06:44.332,160,,2026-08-21,2026-08-22
3f,GPCC_stage1_item_feature,scheduled__2026-08-20T10:00:00+00:00,ItemMetaGenerator,scheduled,,2,2026-08-21 19:10:49.054,2026-08-21 19:15:41.700,292,,2026-08-21,2026-08-22
3f,GPCC_stage1_item_feature,scheduled__2026-08-20T10:00:00+00:00,LogGenerator,scheduled,,2,2026-08-21 19:15:44.754,2026-08-21 19:25:09.912,565,,2026-08-21,2026-08-22
3f,GPCC_stage1_item_feature,scheduled__2026-08-20T10:00:00+00:00,FT_ItemFeature,scheduled,,2,2026-08-21 19:25:13.428,2026-08-21 19:31:37.298,383,,2026-08-21,2026-08-22
3f,GPCC_stage1_item_feature,scheduled__2026-08-20T10:00:00+00:00,save_stage1_mart,scheduled,,2,2026-08-21 19:31:40.202,2026-08-21 19:40:31.082,530,,2026-08-21,2026-08-22
3f,GPCC_stage1_item_feature,scheduled__2026-08-20T10:00:00+00:00,trigger_gpcc_candidate,scheduled,,2,2026-08-21 19:40:33.811,2026-08-21 19:40:37.574,3,,2026-08-21,2026-08-22
3f,GPCC_stage2_select,manual__2026-08-21T10:40:36.852750+00:00,start,manual,,2,2026-08-21 19:40:39.985,2026-08-21 19:40:40.452,0,,2026-08-21,2026-08-22
3f,GPCC_stage1_item_feature,scheduled__2026-08-20T10:00:00+00:00,done_api,scheduled,,2,2026-08-21 19:40:40.436,2026-08-21 19:40:41.250,0,,2026-08-21,2026-08-22
3f,GPCC_stage2_select,manual__2026-08-21T10:40:36.852750+00:00,trigger,manual,,2,2026-08-21 19:40:43.033,2026-08-21 19:40:44.074,1,,2026-08-21,2026-08-22
3f,GPCC_stage2_select,manual__2026-08-21T10:40:36.852750+00:00,save_targeting,manual,,2,2026-08-21 19:40:47.095,2026-08-21 19:43:43.186,176,,2026-08-21,2026-08-22
3f,GPCC_stage2_select,manual__2026-08-21T10:40:36.852750+00:00,save_cs_size,manual,,2,2026-08-21 19:43:46.627,2026-08-21 19:44:36.529,49,,2026-08-21,2026-08-22
3f,GPCC_stage2_select,manual__2026-08-21T10:40:36.852750+00:00,check_c2p_cnt,manual,,2,2026-08-21 19:44:39.153,2026-08-21 19:45:00.518,21,,2026-08-21,2026-08-22
3f,GPCC_stage2_select,manual__2026-08-21T10:40:36.852750+00:00,save_all_c2p,manual,,1,2026-08-21 19:45:00.628,2026-08-21 19:45:00.628,0,,2026-08-21,2026-08-22
3f,GPCC_stage2_select,manual__2026-08-21T10:40:36.852750+00:00,load_user_features,manual,,2,2026-08-21 19:45:03.292,2026-08-21 19:45:33.999,30,,2026-08-21,2026-08-22
3f,GPCC_stage2_select,manual__2026-08-21T10:40:36.852750+00:00,load_dv_features,manual,,2,2026-08-21 19:45:03.393,2026-08-21 19:45:14.977,11,,2026-08-21,2026-08-22
3f,GPCC_stage2_select,manual__2026-08-21T10:40:36.852750+00:00,load_item_lgcn_embs,manual,,2,2026-08-21 19:45:03.582,2026-08-21 19:45:14.136,10,,2026-08-21,2026-08-22
3f,GPCC_stage2_select,manual__2026-08-21T10:40:36.852750+00:00,load_item_meta,manual,,2,2026-08-21 19:45:03.874,2026-08-21 19:45:15.634,11,,2026-08-21,2026-08-22
3f,GPCC_stage2_select,manual__2026-08-21T10:40:36.852750+00:00,load_user_lgcn_embs,manual,,2,2026-08-21 19:45:04.160,2026-08-21 19:45:33.034,28,,2026-08-21,2026-08-22
3f,GPCC_stage2_select,manual__2026-08-21T10:40:36.852750+00:00,load_item_emb_feat,manual,,2,2026-08-21 19:45:04.585,2026-08-21 19:45:15.868,11,,2026-08-21,2026-08-22
3f,GPCC_stage2_select,manual__2026-08-21T10:40:36.852750+00:00,task_prd_pl_inf_pl2mfl3101_v2,manual,,2,2026-08-21 19:45:37.022,2026-08-21 20:14:48.513,1751,,2026-08-21,2026-08-22
3f,gpcc_select_dq_mail,scheduled__2026-08-20T11:00:00+00:00,start,scheduled,,2,2026-08-21 20:00:03.932,2026-08-21 20:00:04.975,1,,2026-08-21,2026-08-22
3f,GPCC_stage2_select,manual__2026-08-21T10:40:36.852750+00:00,save_cs_result,manual,,2,2026-08-21 20:14:51.527,2026-08-21 20:16:32.437,100,,2026-08-21,2026-08-22
3f,GPCC_stage2_select,manual__2026-08-21T10:40:36.852750+00:00,save_gpcc,manual,,2,2026-08-21 20:16:35.239,2026-08-21 20:17:44.292,69,,2026-08-21,2026-08-22
3f,GPCC_stage2_select,manual__2026-08-21T10:40:36.852750+00:00,trigger_stage3,manual,,2,2026-08-21 20:17:47.602,2026-08-21 20:17:51.136,3,,2026-08-21,2026-08-22
3f,GPCC_stage3_interaction_feautre,manual__2026-08-21T11:17:50.689110+00:00,start,manual,,2,2026-08-21 20:17:53.496,2026-08-21 20:17:54.108,0,,2026-08-21,2026-08-22
3f,GPCC_stage2_select,manual__2026-08-21T10:40:36.852750+00:00,done_api,manual,,2,2026-08-21 20:17:53.708,2026-08-21 20:17:54.353,0,,2026-08-21,2026-08-22
3f,GPCC_stage3_interaction_feautre,manual__2026-08-21T11:17:50.689110+00:00,trigger,manual,,2,2026-08-21 20:17:57.732,2026-08-21 20:17:58.346,0,,2026-08-21,2026-08-22
3f,GPCC_stage3_interaction_feautre,manual__2026-08-21T11:17:50.689110+00:00,load_interaction_feature,manual,,2,2026-08-21 20:18:00.928,2026-08-21 20:23:24.886,323,,2026-08-21,2026-08-22
3f,GPCC_stage3_interaction_feautre,manual__2026-08-21T11:17:50.689110+00:00,load_rec_target,manual,,2,2026-08-21 20:18:02.217,2026-08-21 20:18:44.743,42,,2026-08-21,2026-08-22
3f,gpcc_select_dq_mail,scheduled__2026-08-20T11:00:00+00:00,trigger,scheduled,,2,2026-08-21 20:20:55.784,2026-08-21 20:20:56.549,0,,2026-08-21,2026-08-22
3f,gpcc_select_dq_mail,scheduled__2026-08-20T11:00:00+00:00,save_input_summary,scheduled,,2,2026-08-21 20:20:59.979,2026-08-21 20:21:42.329,42,,2026-08-21,2026-08-22
3f,gpcc_select_dq_mail,scheduled__2026-08-20T11:00:00+00:00,save_select_wf,scheduled,,2,2026-08-21 20:21:00.139,2026-08-21 20:21:43.534,43,,2026-08-21,2026-08-22
3f,gpcc_select_dq_mail,scheduled__2026-08-20T11:00:00+00:00,dq_mail,scheduled,,2,2026-08-21 20:21:46.829,2026-08-21 20:21:58.710,11,,2026-08-21,2026-08-22
3f,gpcc_select_dq_mail,scheduled__2026-08-20T11:00:00+00:00,done_api,scheduled,,2,2026-08-21 20:22:02.289,2026-08-21 20:22:02.763,0,,2026-08-21,2026-08-22
3f,GPCC_stage3_interaction_feautre,manual__2026-08-21T11:17:50.689110+00:00,FT_InteractionFeature,manual,,2,2026-08-21 20:23:28.525,2026-08-21 20:32:26.073,537,,2026-08-21,2026-08-22
3f,GPCC_stage3_interaction_feautre,manual__2026-08-21T11:17:50.689110+00:00,save_inter_feature,manual,,2,2026-08-21 20:32:29.226,2026-08-21 20:37:55.681,326,,2026-08-21,2026-08-22
3f,GPCC_stage3_interaction_feautre,manual__2026-08-21T11:17:50.689110+00:00,unload_shared_ft_features,manual,,2,2026-08-21 20:37:59.180,2026-08-21 20:38:52.369,53,,2026-08-21,2026-08-22
3f,GPCC_stage3_interaction_feautre,manual__2026-08-21T11:17:50.689110+00:00,trigger_gv_tgps_bsis,manual,,2,2026-08-21 20:38:54.970,2026-08-21 20:38:58.941,3,,2026-08-21,2026-08-22
3f,GPCC_stage3_interaction_feautre,manual__2026-08-21T11:17:50.689110+00:00,trigger_gv_cntn_info,manual,,2,2026-08-21 20:39:02.575,2026-08-21 20:39:07.310,4,,2026-08-21,2026-08-22
3f,GPCC_stage3_interaction_feautre,manual__2026-08-21T11:17:50.689110+00:00,trigger_gv_cust_bhve_info,manual,,2,2026-08-21 20:39:10.834,2026-08-21 20:39:14.729,3,,2026-08-21,2026-08-22
3f,GPCC_stage3_interaction_feautre,manual__2026-08-21T11:17:50.689110+00:00,preproc_end_alert,manual,,2,2026-08-21 20:39:17.555,2026-08-21 20:39:18.319,0,,2026-08-21,2026-08-22
3f,GPCC_stage3_interaction_feautre,manual__2026-08-21T11:17:50.689110+00:00,done_api,manual,,2,2026-08-21 20:39:21.441,2026-08-21 20:39:22.002,0,,2026-08-21,2026-08-22
3f,GPCC_mthly_execute_trigger,scheduled__2026-08-20T12:30:00+00:00,start,scheduled,,2,2026-08-21 21:30:05.468,2026-08-21 21:30:06.246,0,,2026-08-21,2026-08-22
3f,GPCC_mthly_execute_trigger,scheduled__2026-08-20T12:30:00+00:00,trigger,scheduled,,2,2026-08-21 21:30:09.674,2026-08-21 21:30:10.054,0,,2026-08-21,2026-08-22
3f,GPCC_mthly_execute_trigger,scheduled__2026-08-20T12:30:00+00:00,trigger_execute_date,scheduled,,2,2026-08-21 21:30:12.754,2026-08-21 21:30:19.160,6,,2026-08-21,2026-08-22
3f,GPCC_mthly_execute_trigger,scheduled__2026-08-20T12:30:00+00:00,fail_empty_mail,scheduled,,1,2026-08-21 21:30:19.245,2026-08-21 21:30:19.245,0,,2026-08-21,2026-08-22
3f,GPCC_mthly_execute_trigger,scheduled__2026-08-20T12:30:00+00:00,trigger_mthly_rec_result,scheduled,,2,2026-08-21 21:30:22.793,2026-08-21 21:30:26.545,3,,2026-08-21,2026-08-22
3f,GPCC_mthly_rec_result,manual__2026-08-21T12:30:25.791092+00:00,start,manual,,2,2026-08-21 21:30:29.583,2026-08-21 21:30:30.401,0,,2026-08-21,2026-08-22
3f,GPCC_mthly_execute_trigger,scheduled__2026-08-20T12:30:00+00:00,done_api,scheduled,,2,2026-08-21 21:30:29.617,2026-08-21 21:30:30.118,0,,2026-08-21,2026-08-22
3f,GPCC_mthly_rec_result,manual__2026-08-21T12:30:25.791092+00:00,trigger,manual,,2,2026-08-21 21:30:33.554,2026-08-21 21:30:34.070,0,,2026-08-21,2026-08-22
3f,GPCC_mthly_rec_result,manual__2026-08-21T12:30:25.791092+00:00,make_pipeline_date,manual,,2,2026-08-21 21:30:36.688,2026-08-21 21:34:14.624,217,,2026-08-21,2026-08-22
3f,GPCC_mthly_rec_result,manual__2026-08-21T12:30:25.791092+00:00,load_rec_target,manual,,2,2026-08-21 21:34:17.949,2026-08-21 21:35:36.944,78,,2026-08-21,2026-08-22
3f,GPCC_mthly_rec_result,manual__2026-08-21T12:30:25.791092+00:00,mk_mthly_rec_result,manual,,2,2026-08-21 21:35:40.315,2026-08-21 21:47:02.102,681,,2026-08-21,2026-08-22
3f,GPCC_mthly_rec_result,manual__2026-08-21T12:30:25.791092+00:00,save_rec_result,manual,,2,2026-08-21 21:47:05.743,2026-08-21 21:52:29.139,323,,2026-08-21,2026-08-22
3f,GPCC_mthly_rec_result,manual__2026-08-21T12:30:25.791092+00:00,mthly_dq_check,manual,,2,2026-08-21 21:52:31.697,2026-08-21 21:55:17.236,165,,2026-08-21,2026-08-22
3f,GPCC_mthly_rec_result,manual__2026-08-21T12:30:25.791092+00:00,dq_check_mail,manual,,2,2026-08-21 21:55:20.210,2026-08-21 21:55:26.686,6,,2026-08-21,2026-08-22
3f,GPCC_mthly_rec_result,manual__2026-08-21T12:30:25.791092+00:00,done_api,manual,,2,2026-08-21 21:55:29.383,2026-08-21 21:55:30.029,0,,2026-08-21,2026-08-22
3f,GPCC_stage4_post_proc,scheduled__2026-08-20T14:40:00+00:00,start,scheduled,,2,2026-08-21 23:40:04.066,2026-08-21 23:40:04.707,0,,2026-08-21,2026-08-22
3f,duplicate_ft_result_check,scheduled__2026-08-20T14:40:00+00:00,start,scheduled,,2,2026-08-21 23:40:06.286,2026-08-21 23:40:06.888,0,,2026-08-21,2026-08-22
3f,duplicate_ft_result_check,scheduled__2026-08-20T14:40:00+00:00,trigger,scheduled,,2,2026-08-21 23:50:36.827,2026-08-21 23:50:37.430,0,,2026-08-21,2026-08-22
3f,GPCC_stage4_post_proc,scheduled__2026-08-20T14:40:00+00:00,trigger,scheduled,,2,2026-08-21 23:50:37.156,2026-08-21 23:50:37.913,0,,2026-08-21,2026-08-22
3f,duplicate_ft_result_check,scheduled__2026-08-20T14:40:00+00:00,check_duplicate,scheduled,,2,2026-08-21 23:50:40.744,2026-08-21 23:51:24.195,43,,2026-08-21,2026-08-22
3f,GPCC_stage4_post_proc,scheduled__2026-08-20T14:40:00+00:00,check_duplicate,scheduled,,2,2026-08-21 23:50:41.175,2026-08-21 23:50:57.151,15,,2026-08-21,2026-08-22
3f,GPCC_stage4_post_proc,scheduled__2026-08-20T14:40:00+00:00,load_rec_result,scheduled,,2,2026-08-21 23:50:59.849,2026-08-21 23:52:14.255,74,,2026-08-21,2026-08-22
3f,duplicate_ft_result_check,scheduled__2026-08-20T14:40:00+00:00,ft_result_dup_check_mail,scheduled,,2,2026-08-21 23:51:26.899,2026-08-21 23:51:33.079,6,,2026-08-21,2026-08-22
3f,duplicate_ft_result_check,scheduled__2026-08-20T14:40:00+00:00,done_api,scheduled,,2,2026-08-21 23:51:35.850,2026-08-21 23:51:36.500,0,,2026-08-21,2026-08-22
3f,GPCC_stage4_post_proc,scheduled__2026-08-20T14:40:00+00:00,RecResult,scheduled,,2,2026-08-21 23:52:17.344,2026-08-21 23:57:08.797,291,,2026-08-22,2026-08-23
3f,GPCC_stage4_post_proc,scheduled__2026-08-20T14:40:00+00:00,save_rec_result,scheduled,,2,2026-08-21 23:57:12.000,2026-08-22 00:00:13.455,181,,2026-08-22,2026-08-23
3f,GPCC_stage4_post_proc,scheduled__2026-08-20T14:40:00+00:00,check_dd_rec_result,scheduled,,2,2026-08-22 00:00:16.498,2026-08-22 00:00:32.812,16,,2026-08-22,2026-08-23
3f,GPCC_stage4_post_proc,scheduled__2026-08-20T14:40:00+00:00,trigger_mark_success_all_success,scheduled,,2,2026-08-22 00:00:36.303,2026-08-22 00:00:38.803,2,,2026-08-22,2026-08-23
3f,GPCC_stage4_post_proc,scheduled__2026-08-20T14:40:00+00:00,trigger_sg_workflow_if_one_failed,scheduled,,1,2026-08-22 00:00:38.897,2026-08-22 00:00:38.897,0,,2026-08-22,2026-08-23
3f,GPCC_stage4_post_proc,scheduled__2026-08-20T14:40:00+00:00,done_api,scheduled,,1,2026-08-22 00:00:38.982,2026-08-22 00:00:38.982,0,,2026-08-22,2026-08-23
3f,gpcc_mark_success,manual__2026-08-21T15:00:38.087503+00:00,start,manual,,2,2026-08-22 00:00:41.081,2026-08-22 00:00:41.753,0,,2026-08-22,2026-08-23
3f,gpcc_mark_success,manual__2026-08-21T15:00:38.087503+00:00,trigger,manual,,2,2026-08-22 00:00:45.120,2026-08-22 00:00:45.617,0,,2026-08-22,2026-08-23
3f,gpcc_mark_success,manual__2026-08-21T15:00:38.087503+00:00,check_mark_success,manual,,2,2026-08-22 00:00:48.291,2026-08-22 00:01:03.132,14,,2026-08-22,2026-08-23
3f,gpcc_mark_success,manual__2026-08-21T15:00:38.087503+00:00,done_api,manual,,2,2026-08-22 00:01:06.333,2026-08-22 00:01:06.970,0,,2026-08-22,2026-08-23
3f,gpcc_dd_transfer,scheduled__2026-08-20T16:00:00+00:00,start,scheduled,,2,2026-08-22 01:00:04.486,2026-08-22 01:00:05.143,0,,2026-08-22,2026-08-23
3f,gpcc_dd_transfer,scheduled__2026-08-20T16:00:00+00:00,trigger,scheduled,,2,2026-08-22 01:00:07.791,2026-08-22 01:00:08.756,0,,2026-08-22,2026-08-23
3f,gpcc_dd_transfer,scheduled__2026-08-20T16:00:00+00:00,transfer_table,scheduled,,2,2026-08-22 01:00:11.343,2026-08-22 01:03:32.317,200,,2026-08-22,2026-08-23
3f,gpcc_dd_transfer,scheduled__2026-08-20T16:00:00+00:00,trigger_arbiter_transfer,scheduled,,2,2026-08-22 01:03:35.306,2026-08-22 01:03:35.838,0,,2026-08-22,2026-08-23
3f,gpcc_dd_transfer,scheduled__2026-08-20T16:00:00+00:00,unload_oo3f_rec_benefit_result,scheduled,,2,2026-08-22 01:03:35.959,2026-08-22 01:03:58.404,22,,2026-08-22,2026-08-23
3f,gpcc_dd_transfer,scheduled__2026-08-20T16:00:00+00:00,trigger_dq_check_mail,scheduled,,2,2026-08-22 01:03:36.310,2026-08-22 01:03:39.760,3,,2026-08-22,2026-08-23
3f,gpcc_dq_mail,manual__2026-08-21T16:03:39.255521+00:00,start,manual,,2,2026-08-22 01:03:42.406,2026-08-22 01:03:43.113,0,,2026-08-22,2026-08-23
3f,gpcc_dq_mail,manual__2026-08-21T16:03:39.255521+00:00,trigger,manual,,2,2026-08-22 01:03:45.890,2026-08-22 01:03:46.655,0,,2026-08-22,2026-08-23
3f,gpcc_dq_mail,manual__2026-08-21T16:03:39.255521+00:00,unload_dq_candidate,manual,,2,2026-08-22 01:03:49.988,2026-08-22 01:04:27.667,37,,2026-08-22,2026-08-23
3f,gpcc_dq_mail,manual__2026-08-21T16:03:39.255521+00:00,unload_dq_check,manual,,2,2026-08-22 01:03:50.148,2026-08-22 01:06:57.793,187,,2026-08-22,2026-08-23
3f,gpcc_dd_transfer,scheduled__2026-08-20T16:00:00+00:00,sink_cms_transfer,scheduled,,2,2026-08-22 01:04:00.969,2026-08-22 01:17:55.283,834,,2026-08-22,2026-08-23
3f,gpcc_dq_mail,manual__2026-08-21T16:03:39.255521+00:00,DQcheck,manual,,2,2026-08-22 01:07:00.364,2026-08-22 01:16:59.018,598,,2026-08-22,2026-08-23
3f,gpcc_dq_mail,manual__2026-08-21T16:03:39.255521+00:00,save_dq_summary,manual,,2,2026-08-22 01:17:02.217,2026-08-22 01:21:27.927,265,,2026-08-22,2026-08-23
3f,gpcc_dd_transfer,scheduled__2026-08-20T16:00:00+00:00,done_api,scheduled,,2,2026-08-22 01:17:58.561,2026-08-22 01:17:59.267,0,,2026-08-22,2026-08-23
3f,gpcc_dq_mail,manual__2026-08-21T16:03:39.255521+00:00,dq_check_mail,manual,,2,2026-08-22 01:21:31.286,2026-08-22 01:22:31.144,59,,2026-08-22,2026-08-23
3f,gpcc_dq_mail,manual__2026-08-21T16:03:39.255521+00:00,done_api,manual,,2,2026-08-22 01:22:34.332,2026-08-22 01:22:34.918,0,,2026-08-22,2026-08-23
3f,temp_log_agg,scheduled__2026-08-21T03:00:00+00:00,start,scheduled,,2,2026-08-22 12:00:07.147,2026-08-22 12:00:08.139,0,,2026-08-22,2026-08-23
3f,temp_log_agg,scheduled__2026-08-21T03:00:00+00:00,trigger,scheduled,,2,2026-08-22 12:00:10.999,2026-08-22 12:00:11.505,0,,2026-08-22,2026-08-23
3f,temp_log_agg,scheduled__2026-08-21T03:00:00+00:00,load_log_agg,scheduled,,2,2026-08-22 12:00:14.813,2026-08-22 12:33:15.068,1980,,2026-08-22,2026-08-23
3f,temp_log_agg,scheduled__2026-08-21T03:00:00+00:00,save_log_agg,scheduled,,2,2026-08-22 12:33:18.586,2026-08-22 12:33:43.293,24,,2026-08-22,2026-08-23
3f,temp_log_agg,scheduled__2026-08-21T03:00:00+00:00,log_check_mail,scheduled,,2,2026-08-22 12:33:46.437,2026-08-22 12:33:52.614,6,,2026-08-22,2026-08-23
3f,temp_log_agg,scheduled__2026-08-21T03:00:00+00:00,done_api,scheduled,,2,2026-08-22 12:33:55.698,2026-08-22 12:33:56.475,0,,2026-08-22,2026-08-23
3f,GPCC_stage1_item_feature,scheduled__2026-08-21T10:00:00+00:00,start,scheduled,,2,2026-08-22 19:00:04.514,2026-08-22 19:00:05.648,1,,2026-08-22,2026-08-23
3f,GPCC_stage1_item_feature,scheduled__2026-08-21T10:00:00+00:00,trigger,scheduled,,2,2026-08-22 19:00:08.893,2026-08-22 19:00:09.804,0,,2026-08-22,2026-08-23
3f,GPCC_stage1_item_feature,scheduled__2026-08-21T10:00:00+00:00,make_pipeline_date,scheduled,,2,2026-08-22 19:00:13.493,2026-08-22 19:02:56.472,162,,2026-08-22,2026-08-23
3f,GPCC_stage1_item_feature,scheduled__2026-08-21T10:00:00+00:00,save_pipeline_date,scheduled,,2,2026-08-22 19:02:59.080,2026-08-22 19:03:41.420,42,,2026-08-22,2026-08-23
3f,GPCC_stage1_item_feature,scheduled__2026-08-21T10:00:00+00:00,load_item_meta,scheduled,,2,2026-08-22 19:03:44.669,2026-08-22 19:06:23.221,158,,2026-08-22,2026-08-23
3f,GPCC_stage1_item_feature,scheduled__2026-08-21T10:00:00+00:00,load_log_parser,scheduled,,2,2026-08-22 19:03:44.751,2026-08-22 19:10:40.800,416,,2026-08-22,2026-08-23
3f,GPCC_stage1_item_feature,scheduled__2026-08-21T10:00:00+00:00,load_item_feature,scheduled,,2,2026-08-22 19:03:45.082,2026-08-22 19:07:40.821,235,,2026-08-22,2026-08-23
3f,GPCC_stage1_item_feature,scheduled__2026-08-21T10:00:00+00:00,ItemMetaGenerator,scheduled,,2,2026-08-22 19:10:43.870,2026-08-22 19:14:51.675,247,,2026-08-22,2026-08-23
3f,GPCC_stage1_item_feature,scheduled__2026-08-21T10:00:00+00:00,LogGenerator,scheduled,,2,2026-08-22 19:14:54.254,2026-08-22 19:23:41.626,527,,2026-08-22,2026-08-23
3f,GPCC_stage1_item_feature,scheduled__2026-08-21T10:00:00+00:00,FT_ItemFeature,scheduled,,2,2026-08-22 19:23:44.349,2026-08-22 19:29:08.467,324,,2026-08-22,2026-08-23
3f,GPCC_stage1_item_feature,scheduled__2026-08-21T10:00:00+00:00,save_stage1_mart,scheduled,,2,2026-08-22 19:29:11.076,2026-08-22 19:38:16.639,545,,2026-08-22,2026-08-23
3f,GPCC_stage1_item_feature,scheduled__2026-08-21T10:00:00+00:00,trigger_gpcc_candidate,scheduled,,2,2026-08-22 19:38:19.544,2026-08-22 19:38:23.236,3,,2026-08-22,2026-08-23
3f,GPCC_stage2_select,manual__2026-08-22T10:38:22.455221+00:00,start,manual,,2,2026-08-22 19:38:25.925,2026-08-22 19:38:26.414,0,,2026-08-22,2026-08-23
3f,GPCC_stage1_item_feature,scheduled__2026-08-21T10:00:00+00:00,done_api,scheduled,,2,2026-08-22 19:38:25.996,2026-08-22 19:38:26.618,0,,2026-08-22,2026-08-23
3f,GPCC_stage2_select,manual__2026-08-22T10:38:22.455221+00:00,trigger,manual,,2,2026-08-22 19:38:29.988,2026-08-22 19:38:31.022,1,,2026-08-22,2026-08-23
3f,GPCC_stage2_select,manual__2026-08-22T10:38:22.455221+00:00,save_targeting,manual,,2,2026-08-22 19:38:34.154,2026-08-22 19:40:59.822,145,,2026-08-22,2026-08-23
3f,GPCC_stage2_select,manual__2026-08-22T10:38:22.455221+00:00,save_cs_size,manual,,2,2026-08-22 19:41:03.076,2026-08-22 19:41:51.964,48,,2026-08-22,2026-08-23
3f,GPCC_stage2_select,manual__2026-08-22T10:38:22.455221+00:00,check_c2p_cnt,manual,,2,2026-08-22 19:41:55.184,2026-08-22 19:42:15.254,20,,2026-08-22,2026-08-23
3f,GPCC_stage2_select,manual__2026-08-22T10:38:22.455221+00:00,save_all_c2p,manual,,1,2026-08-22 19:42:15.411,2026-08-22 19:42:15.411,0,,2026-08-22,2026-08-23
3f,GPCC_stage2_select,manual__2026-08-22T10:38:22.455221+00:00,load_user_lgcn_embs,manual,,2,2026-08-22 19:42:18.047,2026-08-22 19:42:45.816,27,,2026-08-22,2026-08-23
3f,GPCC_stage2_select,manual__2026-08-22T10:38:22.455221+00:00,load_user_features,manual,,2,2026-08-22 19:42:18.409,2026-08-22 19:42:47.820,29,,2026-08-22,2026-08-23
3f,GPCC_stage2_select,manual__2026-08-22T10:38:22.455221+00:00,load_dv_features,manual,,2,2026-08-22 19:42:18.587,2026-08-22 19:42:29.358,10,,2026-08-22,2026-08-23
3f,GPCC_stage2_select,manual__2026-08-22T10:38:22.455221+00:00,load_item_meta,manual,,2,2026-08-22 19:42:18.945,2026-08-22 19:42:28.881,9,,2026-08-22,2026-08-23
3f,GPCC_stage2_select,manual__2026-08-22T10:38:22.455221+00:00,load_item_emb_feat,manual,,2,2026-08-22 19:42:19.041,2026-08-22 19:42:30.156,11,,2026-08-22,2026-08-23
3f,GPCC_stage2_select,manual__2026-08-22T10:38:22.455221+00:00,load_item_lgcn_embs,manual,,2,2026-08-22 19:42:19.149,2026-08-22 19:42:29.099,9,,2026-08-22,2026-08-23
3f,GPCC_stage2_select,manual__2026-08-22T10:38:22.455221+00:00,task_prd_pl_inf_pl2mfl3101_v2,manual,,2,2026-08-22 19:42:51.289,2026-08-22 20:10:29.248,1657,,2026-08-22,2026-08-23
3f,gpcc_select_dq_mail,scheduled__2026-08-21T11:00:00+00:00,start,scheduled,,2,2026-08-22 20:00:06.497,2026-08-22 20:00:07.606,1,,2026-08-22,2026-08-23
3f,GPCC_stage2_select,manual__2026-08-22T10:38:22.455221+00:00,save_cs_result,manual,,2,2026-08-22 20:10:32.243,2026-08-22 20:12:10.196,97,,2026-08-22,2026-08-23
3f,GPCC_stage2_select,manual__2026-08-22T10:38:22.455221+00:00,save_gpcc,manual,,2,2026-08-22 20:12:13.643,2026-08-22 20:13:21.487,67,,2026-08-22,2026-08-23
3f,GPCC_stage2_select,manual__2026-08-22T10:38:22.455221+00:00,trigger_stage3,manual,,2,2026-08-22 20:13:24.762,2026-08-22 20:13:28.133,3,,2026-08-22,2026-08-23
3f,GPCC_stage3_interaction_feautre,manual__2026-08-22T11:13:27.635926+00:00,start,manual,,2,2026-08-22 20:13:31.525,2026-08-22 20:13:32.101,0,,2026-08-22,2026-08-23
3f,GPCC_stage2_select,manual__2026-08-22T10:38:22.455221+00:00,done_api,manual,,2,2026-08-22 20:13:32.857,2026-08-22 20:13:33.312,0,,2026-08-22,2026-08-23
3f,GPCC_stage3_interaction_feautre,manual__2026-08-22T11:13:27.635926+00:00,trigger,manual,,2,2026-08-22 20:13:34.975,2026-08-22 20:13:35.569,0,,2026-08-22,2026-08-23
3f,GPCC_stage3_interaction_feautre,manual__2026-08-22T11:13:27.635926+00:00,load_rec_target,manual,,2,2026-08-22 20:13:39.186,2026-08-22 20:14:25.076,45,,2026-08-22,2026-08-23
3f,GPCC_stage3_interaction_feautre,manual__2026-08-22T11:13:27.635926+00:00,load_interaction_feature,manual,,2,2026-08-22 20:13:39.219,2026-08-22 20:19:41.764,362,,2026-08-22,2026-08-23
3f,GPCC_stage3_interaction_feautre,manual__2026-08-22T11:13:27.635926+00:00,FT_InteractionFeature,manual,,2,2026-08-22 20:19:44.941,2026-08-22 20:28:54.987,550,,2026-08-22,2026-08-23
3f,gpcc_select_dq_mail,scheduled__2026-08-21T11:00:00+00:00,trigger,scheduled,,2,2026-08-22 20:22:14.749,2026-08-22 20:22:15.592,0,,2026-08-22,2026-08-23
3f,gpcc_select_dq_mail,scheduled__2026-08-21T11:00:00+00:00,save_input_summary,scheduled,,2,2026-08-22 20:22:19.255,2026-08-22 20:23:00.901,41,,2026-08-22,2026-08-23
3f,gpcc_select_dq_mail,scheduled__2026-08-21T11:00:00+00:00,save_select_wf,scheduled,,2,2026-08-22 20:22:19.407,2026-08-22 20:23:01.585,42,,2026-08-22,2026-08-23
3f,gpcc_select_dq_mail,scheduled__2026-08-21T11:00:00+00:00,dq_mail,scheduled,,2,2026-08-22 20:23:04.816,2026-08-22 20:23:16.341,11,,2026-08-22,2026-08-23
3f,gpcc_select_dq_mail,scheduled__2026-08-21T11:00:00+00:00,done_api,scheduled,,2,2026-08-22 20:23:20.105,2026-08-22 20:23:20.637,0,,2026-08-22,2026-08-23
3f,GPCC_stage3_interaction_feautre,manual__2026-08-22T11:13:27.635926+00:00,save_inter_feature,manual,,2,2026-08-22 20:28:57.759,2026-08-22 20:34:55.158,357,,2026-08-22,2026-08-23
3f,GPCC_stage3_interaction_feautre,manual__2026-08-22T11:13:27.635926+00:00,unload_shared_ft_features,manual,,2,2026-08-22 20:34:58.001,2026-08-22 20:35:55.320,57,,2026-08-22,2026-08-23
3f,GPCC_stage3_interaction_feautre,manual__2026-08-22T11:13:27.635926+00:00,trigger_gv_tgps_bsis,manual,,2,2026-08-22 20:35:58.640,2026-08-22 20:36:02.709,4,,2026-08-22,2026-08-23
3f,GPCC_stage3_interaction_feautre,manual__2026-08-22T11:13:27.635926+00:00,trigger_gv_cntn_info,manual,,2,2026-08-22 20:36:05.314,2026-08-22 20:36:10.483,5,,2026-08-22,2026-08-23
3f,GPCC_stage3_interaction_feautre,manual__2026-08-22T11:13:27.635926+00:00,trigger_gv_cust_bhve_info,manual,,2,2026-08-22 20:36:13.323,2026-08-22 20:36:17.342,4,,2026-08-22,2026-08-23
3f,GPCC_stage3_interaction_feautre,manual__2026-08-22T11:13:27.635926+00:00,preproc_end_alert,manual,,2,2026-08-22 20:36:20.545,2026-08-22 20:36:21.304,0,,2026-08-22,2026-08-23
3f,GPCC_stage3_interaction_feautre,manual__2026-08-22T11:13:27.635926+00:00,done_api,manual,,2,2026-08-22 20:36:24.949,2026-08-22 20:36:25.639,0,,2026-08-22,2026-08-23
3f,GPCC_mthly_execute_trigger,scheduled__2026-08-21T12:30:00+00:00,start,scheduled,,2,2026-08-22 21:30:07.481,2026-08-22 21:30:08.250,0,,2026-08-22,2026-08-23
3f,GPCC_mthly_execute_trigger,scheduled__2026-08-21T12:30:00+00:00,trigger,scheduled,,2,2026-08-22 21:30:11.434,2026-08-22 21:30:11.847,0,,2026-08-22,2026-08-23
3f,GPCC_mthly_execute_trigger,scheduled__2026-08-21T12:30:00+00:00,trigger_execute_date,scheduled,,2,2026-08-22 21:30:14.686,2026-08-22 21:30:26.683,11,,2026-08-22,2026-08-23
3f,GPCC_mthly_execute_trigger,scheduled__2026-08-21T12:30:00+00:00,fail_empty_mail,scheduled,,1,2026-08-22 21:30:26.779,2026-08-22 21:30:26.779,0,,2026-08-22,2026-08-23
3f,GPCC_mthly_execute_trigger,scheduled__2026-08-21T12:30:00+00:00,trigger_mthly_rec_result,scheduled,,2,2026-08-22 21:30:30.254,2026-08-22 21:30:33.857,3,,2026-08-22,2026-08-23
3f,GPCC_mthly_execute_trigger,scheduled__2026-08-21T12:30:00+00:00,done_api,scheduled,,2,2026-08-22 21:30:36.783,2026-08-22 21:30:37.546,0,,2026-08-22,2026-08-23
3f,GPCC_mthly_rec_result,manual__2026-08-22T12:30:33.217418+00:00,start,manual,,2,2026-08-22 21:30:37.066,2026-08-22 21:30:37.915,0,,2026-08-22,2026-08-23
3f,GPCC_mthly_rec_result,manual__2026-08-22T12:30:33.217418+00:00,trigger,manual,,2,2026-08-22 21:30:41.453,2026-08-22 21:30:42.009,0,,2026-08-22,2026-08-23
3f,GPCC_mthly_rec_result,manual__2026-08-22T12:30:33.217418+00:00,make_pipeline_date,manual,,2,2026-08-22 21:30:44.665,2026-08-22 21:33:39.036,174,,2026-08-22,2026-08-23
3f,GPCC_mthly_rec_result,manual__2026-08-22T12:30:33.217418+00:00,load_rec_target,manual,,2,2026-08-22 21:33:41.840,2026-08-22 21:34:49.894,68,,2026-08-22,2026-08-23
3f,GPCC_mthly_rec_result,manual__2026-08-22T12:30:33.217418+00:00,mk_mthly_rec_result,manual,,2,2026-08-22 21:34:53.018,2026-08-22 21:44:24.143,571,,2026-08-22,2026-08-23
3f,GPCC_mthly_rec_result,manual__2026-08-22T12:30:33.217418+00:00,save_rec_result,manual,,2,2026-08-22 21:44:27.481,2026-08-22 21:48:53.216,265,,2026-08-22,2026-08-23
3f,GPCC_mthly_rec_result,manual__2026-08-22T12:30:33.217418+00:00,mthly_dq_check,manual,,2,2026-08-22 21:48:56.064,2026-08-22 21:51:06.436,130,,2026-08-22,2026-08-23
3f,GPCC_mthly_rec_result,manual__2026-08-22T12:30:33.217418+00:00,dq_check_mail,manual,,2,2026-08-22 21:51:09.412,2026-08-22 21:51:15.603,6,,2026-08-22,2026-08-23
3f,GPCC_mthly_rec_result,manual__2026-08-22T12:30:33.217418+00:00,done_api,manual,,2,2026-08-22 21:51:18.155,2026-08-22 21:51:19.000,0,,2026-08-22,2026-08-23
3f,duplicate_ft_result_check,scheduled__2026-08-21T14:40:00+00:00,start,scheduled,,2,2026-08-22 23:40:04.705,2026-08-22 23:40:05.291,0,,2026-08-22,2026-08-23
3f,GPCC_stage4_post_proc,scheduled__2026-08-21T14:40:00+00:00,start,scheduled,,2,2026-08-22 23:40:07.599,2026-08-22 23:40:08.206,0,,2026-08-22,2026-08-23
3f,duplicate_ft_result_check,scheduled__2026-08-21T14:40:00+00:00,trigger,scheduled,,2,2026-08-22 23:49:19.511,2026-08-22 23:49:20.095,0,,2026-08-22,2026-08-23
3f,GPCC_stage4_post_proc,scheduled__2026-08-21T14:40:00+00:00,trigger,scheduled,,2,2026-08-22 23:49:20.024,2026-08-22 23:49:20.766,0,,2026-08-22,2026-08-23
3f,duplicate_ft_result_check,scheduled__2026-08-21T14:40:00+00:00,check_duplicate,scheduled,,2,2026-08-22 23:49:23.055,2026-08-22 23:50:04.951,41,,2026-08-22,2026-08-23
3f,GPCC_stage4_post_proc,scheduled__2026-08-21T14:40:00+00:00,check_duplicate,scheduled,,2,2026-08-22 23:49:23.362,2026-08-22 23:49:50.967,27,,2026-08-22,2026-08-23
3f,GPCC_stage4_post_proc,scheduled__2026-08-21T14:40:00+00:00,load_rec_result,scheduled,,2,2026-08-22 23:49:54.193,2026-08-22 23:51:49.043,114,,2026-08-22,2026-08-23
3f,duplicate_ft_result_check,scheduled__2026-08-21T14:40:00+00:00,ft_result_dup_check_mail,scheduled,,2,2026-08-22 23:50:07.723,2026-08-22 23:50:14.168,6,,2026-08-22,2026-08-23
3f,duplicate_ft_result_check,scheduled__2026-08-21T14:40:00+00:00,done_api,scheduled,,2,2026-08-22 23:50:17.222,2026-08-22 23:50:17.685,0,,2026-08-22,2026-08-23
3f,GPCC_stage4_post_proc,scheduled__2026-08-21T14:40:00+00:00,RecResult,scheduled,,2,2026-08-22 23:51:52.047,2026-08-22 23:59:27.376,455,,2026-08-22,2026-08-23
3f,GPCC_stage4_post_proc,scheduled__2026-08-21T14:40:00+00:00,save_rec_result,scheduled,,2,2026-08-22 23:59:30.438,2026-08-23 00:04:02.421,271,,2026-08-23,2026-08-24
3f,GPCC_stage4_post_proc,scheduled__2026-08-21T14:40:00+00:00,check_dd_rec_result,scheduled,,2,2026-08-23 00:04:05.312,2026-08-23 00:04:30.274,24,,2026-08-23,2026-08-24
3f,GPCC_stage4_post_proc,scheduled__2026-08-21T14:40:00+00:00,trigger_mark_success_all_success,scheduled,,2,2026-08-23 00:04:32.902,2026-08-23 00:04:35.573,2,,2026-08-23,2026-08-24
3f,GPCC_stage4_post_proc,scheduled__2026-08-21T14:40:00+00:00,trigger_sg_workflow_if_one_failed,scheduled,,1,2026-08-23 00:04:35.737,2026-08-23 00:04:35.737,0,,2026-08-23,2026-08-24
3f,GPCC_stage4_post_proc,scheduled__2026-08-21T14:40:00+00:00,done_api,scheduled,,1,2026-08-23 00:04:35.834,2026-08-23 00:04:35.834,0,,2026-08-23,2026-08-24
3f,gpcc_mark_success,manual__2026-08-22T15:04:35.075162+00:00,start,manual,,2,2026-08-23 00:04:38.565,2026-08-23 00:04:39.274,0,,2026-08-23,2026-08-24
3f,gpcc_mark_success,manual__2026-08-22T15:04:35.075162+00:00,trigger,manual,,2,2026-08-23 00:04:42.545,2026-08-23 00:04:43.065,0,,2026-08-23,2026-08-24
3f,gpcc_mark_success,manual__2026-08-22T15:04:35.075162+00:00,check_mark_success,manual,,2,2026-08-23 00:04:45.827,2026-08-23 00:05:00.159,14,,2026-08-23,2026-08-24
3f,gpcc_mark_success,manual__2026-08-22T15:04:35.075162+00:00,done_api,manual,,2,2026-08-23 00:05:02.785,2026-08-23 00:05:03.294,0,,2026-08-23,2026-08-24
3f,gpcc_dd_transfer,scheduled__2026-08-21T16:00:00+00:00,start,scheduled,,2,2026-08-23 01:00:04.064,2026-08-23 01:00:04.799,0,,2026-08-23,2026-08-24
3f,gpcc_dd_transfer,scheduled__2026-08-21T16:00:00+00:00,trigger,scheduled,,2,2026-08-23 01:00:07.379,2026-08-23 01:00:08.357,0,,2026-08-23,2026-08-24
3f,gpcc_dd_transfer,scheduled__2026-08-21T16:00:00+00:00,transfer_table,scheduled,,2,2026-08-23 01:00:11.725,2026-08-23 01:03:28.197,196,,2026-08-23,2026-08-24
3f,gpcc_dd_transfer,scheduled__2026-08-21T16:00:00+00:00,trigger_arbiter_transfer,scheduled,,2,2026-08-23 01:03:31.423,2026-08-23 01:03:31.973,0,,2026-08-23,2026-08-24
3f,gpcc_dd_transfer,scheduled__2026-08-21T16:00:00+00:00,unload_oo3f_rec_benefit_result,scheduled,,2,2026-08-23 01:03:31.759,2026-08-23 01:03:53.877,22,,2026-08-23,2026-08-24
3f,gpcc_dd_transfer,scheduled__2026-08-21T16:00:00+00:00,trigger_dq_check_mail,scheduled,,2,2026-08-23 01:03:32.038,2026-08-23 01:03:35.365,3,,2026-08-23,2026-08-24
3f,gpcc_dq_mail,manual__2026-08-22T16:03:34.815956+00:00,start,manual,,2,2026-08-23 01:03:37.865,2026-08-23 01:03:38.601,0,,2026-08-23,2026-08-24
3f,gpcc_dq_mail,manual__2026-08-22T16:03:34.815956+00:00,trigger,manual,,2,2026-08-23 01:03:41.192,2026-08-23 01:03:42.016,0,,2026-08-23,2026-08-24
3f,gpcc_dq_mail,manual__2026-08-22T16:03:34.815956+00:00,unload_dq_check,manual,,2,2026-08-23 01:03:44.850,2026-08-23 01:07:05.958,201,,2026-08-23,2026-08-24
3f,gpcc_dq_mail,manual__2026-08-22T16:03:34.815956+00:00,unload_dq_candidate,manual,,2,2026-08-23 01:03:45.703,2026-08-23 01:04:27.751,42,,2026-08-23,2026-08-24
3f,gpcc_dd_transfer,scheduled__2026-08-21T16:00:00+00:00,sink_cms_transfer,scheduled,,2,2026-08-23 01:03:57.046,2026-08-23 01:16:31.942,754,,2026-08-23,2026-08-24
3f,gpcc_dq_mail,manual__2026-08-22T16:03:34.815956+00:00,DQcheck,manual,,2,2026-08-23 01:07:08.869,2026-08-23 01:16:48.681,579,,2026-08-23,2026-08-24
3f,gpcc_dd_transfer,scheduled__2026-08-21T16:00:00+00:00,done_api,scheduled,,2,2026-08-23 01:16:35.310,2026-08-23 01:16:35.942,0,,2026-08-23,2026-08-24
3f,gpcc_dq_mail,manual__2026-08-22T16:03:34.815956+00:00,save_dq_summary,manual,,2,2026-08-23 01:16:51.696,2026-08-23 01:21:12.640,260,,2026-08-23,2026-08-24
3f,gpcc_dq_mail,manual__2026-08-22T16:03:34.815956+00:00,dq_check_mail,manual,,2,2026-08-23 01:21:16.302,2026-08-23 01:22:24.724,68,,2026-08-23,2026-08-24
3f,gpcc_dq_mail,manual__2026-08-22T16:03:34.815956+00:00,done_api,manual,,2,2026-08-23 01:22:27.678,2026-08-23 01:22:28.264,0,,2026-08-23,2026-08-24
3f,temp_log_agg,scheduled__2026-08-22T03:00:00+00:00,start,scheduled,,2,2026-08-23 12:00:03.611,2026-08-23 12:00:04.608,0,,2026-08-23,2026-08-24
3f,temp_log_agg,scheduled__2026-08-22T03:00:00+00:00,trigger,scheduled,,2,2026-08-23 12:00:08.000,2026-08-23 12:00:08.475,0,,2026-08-23,2026-08-24
3f,temp_log_agg,scheduled__2026-08-22T03:00:00+00:00,load_log_agg,scheduled,,2,2026-08-23 12:00:11.800,2026-08-23 12:32:07.003,1915,,2026-08-23,2026-08-24
3f,temp_log_agg,scheduled__2026-08-22T03:00:00+00:00,save_log_agg,scheduled,,2,2026-08-23 12:32:09.709,2026-08-23 12:32:36.463,26,,2026-08-23,2026-08-24
3f,temp_log_agg,scheduled__2026-08-22T03:00:00+00:00,log_check_mail,scheduled,,2,2026-08-23 12:32:39.015,2026-08-23 12:32:45.129,6,,2026-08-23,2026-08-24
3f,temp_log_agg,scheduled__2026-08-22T03:00:00+00:00,done_api,scheduled,,2,2026-08-23 12:32:48.033,2026-08-23 12:32:48.718,0,,2026-08-23,2026-08-24
3f,GPCC_stage1_item_feature,scheduled__2026-08-22T10:00:00+00:00,start,scheduled,,2,2026-08-23 19:00:03.771,2026-08-23 19:00:04.797,1,,2026-08-23,2026-08-24
3f,GPCC_stage1_item_feature,scheduled__2026-08-22T10:00:00+00:00,trigger,scheduled,,2,2026-08-23 19:00:08.174,2026-08-23 19:00:09.090,0,,2026-08-23,2026-08-24
3f,GPCC_stage1_item_feature,scheduled__2026-08-22T10:00:00+00:00,make_pipeline_date,scheduled,,2,2026-08-23 19:00:12.698,2026-08-23 19:02:21.538,128,,2026-08-23,2026-08-24
3f,GPCC_stage1_item_feature,scheduled__2026-08-22T10:00:00+00:00,save_pipeline_date,scheduled,,2,2026-08-23 19:02:25.237,2026-08-23 19:02:55.285,30,,2026-08-23,2026-08-24
3f,GPCC_stage1_item_feature,scheduled__2026-08-22T10:00:00+00:00,load_log_parser,scheduled,,2,2026-08-23 19:02:58.061,2026-08-23 19:07:47.216,289,,2026-08-23,2026-08-24
3f,GPCC_stage1_item_feature,scheduled__2026-08-22T10:00:00+00:00,load_item_feature,scheduled,,2,2026-08-23 19:02:58.739,2026-08-23 19:05:50.400,171,,2026-08-23,2026-08-24
3f,GPCC_stage1_item_feature,scheduled__2026-08-22T10:00:00+00:00,load_item_meta,scheduled,,2,2026-08-23 19:02:58.837,2026-08-23 19:04:43.088,104,,2026-08-23,2026-08-24
3f,GPCC_stage1_item_feature,scheduled__2026-08-22T10:00:00+00:00,ItemMetaGenerator,scheduled,,3,2026-08-23 19:10:32.741,2026-08-23 19:12:54.731,141,"AnalysisException: cannot resolve 'cntn_meta_cd' given input columns [cntn_id, cntn_nm, cntn_ctgr_cd, cntn_bnft_amt]; source table schema changed",2026-08-23,2026-08-24
3f,GPCC_stage1_item_feature,scheduled__2026-08-22T10:00:00+00:00,save_stage1_mart,scheduled,,1,2026-08-23 19:12:55.114,2026-08-23 19:12:55.114,0,,2026-08-23,2026-08-24
3f,GPCC_stage1_item_feature,scheduled__2026-08-22T10:00:00+00:00,FT_ItemFeature,scheduled,,1,2026-08-23 19:12:55.203,2026-08-23 19:12:55.203,0,,2026-08-23,2026-08-24
3f,GPCC_stage1_item_feature,scheduled__2026-08-22T10:00:00+00:00,trigger_gpcc_candidate,scheduled,,1,2026-08-23 19:12:55.427,2026-08-23 19:12:55.427,0,,2026-08-23,2026-08-24
3f,GPCC_stage1_item_feature,scheduled__2026-08-22T10:00:00+00:00,LogGenerator,scheduled,,1,2026-08-23 19:12:55.495,2026-08-23 19:12:55.495,0,,2026-08-23,2026-08-24
3f,GPCC_stage1_item_feature,scheduled__2026-08-22T10:00:00+00:00,done_api,scheduled,,1,2026-08-23 19:12:56.110,2026-08-23 19:12:56.110,0,,2026-08-23,2026-08-24
3f,gpcc_select_dq_mail,scheduled__2026-08-22T11:00:00+00:00,start,scheduled,,2,2026-08-23 20:00:06.030,2026-08-23 20:00:07.181,1,,2026-08-23,2026-08-24
3f,gpcc_select_dq_mail,scheduled__2026-08-22T11:00:00+00:00,trigger,scheduled,,2,2026-08-23 20:00:10.274,2026-08-23 20:00:11.018,0,,2026-08-23,2026-08-24
3f,gpcc_select_dq_mail,scheduled__2026-08-22T11:00:00+00:00,save_input_summary,scheduled,,3,2026-08-23 20:01:11.166,2026-08-23 20:01:43.158,31,Athena query FAILED: gpcc_select_result has no partition for part_dt=2026-08-23,2026-08-23,2026-08-24
3f,gpcc_select_dq_mail,scheduled__2026-08-22T11:00:00+00:00,save_select_wf,scheduled,,3,2026-08-23 20:01:13.443,2026-08-23 20:01:43.666,30,Athena query FAILED: gpcc_select_result has no partition for part_dt=2026-08-23,2026-08-23,2026-08-24
3f,gpcc_select_dq_mail,scheduled__2026-08-22T11:00:00+00:00,dq_mail,scheduled,,1,2026-08-23 20:01:44.030,2026-08-23 20:01:44.030,0,,2026-08-23,2026-08-24
3f,gpcc_select_dq_mail,scheduled__2026-08-22T11:00:00+00:00,done_api,scheduled,,1,2026-08-23 20:01:44.619,2026-08-23 20:01:44.619,0,,2026-08-23,2026-08-24
3f,GPCC_mthly_execute_trigger,scheduled__2026-08-22T12:30:00+00:00,start,scheduled,,2,2026-08-23 21:30:04.747,2026-08-23 21:30:05.495,0,,2026-08-23,2026-08-24
3f,GPCC_mthly_execute_trigger,scheduled__2026-08-22T12:30:00+00:00,trigger,scheduled,,2,2026-08-23 21:30:08.060,2026-08-23 21:30:08.487,0,,2026-08-23,2026-08-24
3f,GPCC_mthly_execute_trigger,scheduled__2026-08-22T12:30:00+00:00,trigger_execute_date,scheduled,,2,2026-08-23 21:30:11.550,2026-08-23 21:30:21.266,9,,2026-08-23,2026-08-24
3f,GPCC_mthly_execute_trigger,scheduled__2026-08-22T12:30:00+00:00,fail_empty_mail,scheduled,,1,2026-08-23 21:30:21.464,2026-08-23 21:30:21.464,0,,2026-08-23,2026-08-24
3f,GPCC_mthly_execute_trigger,scheduled__2026-08-22T12:30:00+00:00,trigger_mthly_rec_result,scheduled,,2,2026-08-23 21:30:24.628,2026-08-23 21:30:28.523,3,,2026-08-23,2026-08-24
3f,GPCC_mthly_execute_trigger,scheduled__2026-08-22T12:30:00+00:00,done_api,scheduled,,2,2026-08-23 21:30:31.937,2026-08-23 21:30:32.480,0,,2026-08-23,2026-08-24
3f,GPCC_mthly_rec_result,manual__2026-08-23T12:30:27.846679+00:00,start,manual,,2,2026-08-23 21:30:32.029,2026-08-23 21:30:32.781,0,,2026-08-23,2026-08-24
3f,GPCC_mthly_rec_result,manual__2026-08-23T12:30:27.846679+00:00,trigger,manual,,2,2026-08-23 21:30:36.093,2026-08-23 21:30:36.648,0,,2026-08-23,2026-08-24
3f,GPCC_mthly_rec_result,manual__2026-08-23T12:30:27.846679+00:00,make_pipeline_date,manual,,2,2026-08-23 21:30:40.317,2026-08-23 21:33:44.627,184,,2026-08-23,2026-08-24
3f,GPCC_mthly_rec_result,manual__2026-08-23T12:30:27.846679+00:00,load_rec_target,manual,,2,2026-08-23 21:33:48.318,2026-08-23 21:35:07.055,78,,2026-08-23,2026-08-24
3f,GPCC_mthly_rec_result,manual__2026-08-23T12:30:27.846679+00:00,mk_mthly_rec_result,manual,,2,2026-08-23 21:35:10.501,2026-08-23 21:47:08.396,717,,2026-08-23,2026-08-24
3f,GPCC_mthly_rec_result,manual__2026-08-23T12:30:27.846679+00:00,save_rec_result,manual,,2,2026-08-23 21:47:11.061,2026-08-23 21:52:39.122,328,,2026-08-23,2026-08-24
3f,GPCC_mthly_rec_result,manual__2026-08-23T12:30:27.846679+00:00,mthly_dq_check,manual,,2,2026-08-23 21:52:41.856,2026-08-23 21:55:05.986,144,,2026-08-23,2026-08-24
3f,GPCC_mthly_rec_result,manual__2026-08-23T12:30:27.846679+00:00,dq_check_mail,manual,,2,2026-08-23 21:55:09.635,2026-08-23 21:55:15.386,5,,2026-08-23,2026-08-24
3f,GPCC_mthly_rec_result,manual__2026-08-23T12:30:27.846679+00:00,done_api,manual,,2,2026-08-23 21:55:18.454,2026-08-23 21:55:18.951,0,,2026-08-23,2026-08-24
3f,GPCC_stage4_post_proc,scheduled__2026-08-22T14:40:00+00:00,start,scheduled,,2,2026-08-23 23:40:06.029,2026-08-23 23:40:06.594,0,,2026-08-23,2026-08-24
3f,duplicate_ft_result_check,scheduled__2026-08-22T14:40:00+00:00,start,scheduled,,2,2026-08-23 23:40:06.467,2026-08-23 23:40:07.037,0,,2026-08-23,2026-08-24
3f,duplicate_ft_result_check,scheduled__2026-08-22T14:40:00+00:00,trigger,scheduled,,2,2026-08-23 23:40:10.586,2026-08-23 23:40:11.150,0,,2026-08-23,2026-08-24
3f,duplicate_ft_result_check,scheduled__2026-08-22T14:40:00+00:00,check_duplicate,scheduled,,3,2026-08-23 23:40:58.458,2026-08-23 23:41:10.607,12,Athena query FAILED: no data found for partition part_dt=2026-08-23 (ft_svc_f13_rec_result),2026-08-23,2026-08-24
3f,duplicate_ft_result_check,scheduled__2026-08-22T14:40:00+00:00,ft_result_dup_check_mail,scheduled,,1,2026-08-23 23:41:10.976,2026-08-23 23:41:10.976,0,,2026-08-23,2026-08-24
3f,duplicate_ft_result_check,scheduled__2026-08-22T14:40:00+00:00,done_api,scheduled,,1,2026-08-23 23:41:11.708,2026-08-23 23:41:11.708,0,,2026-08-23,2026-08-24
3f,gpcc_dd_transfer,scheduled__2026-08-22T16:00:00+00:00,start,scheduled,,2,2026-08-24 01:00:03.745,2026-08-24 01:00:04.440,0,,2026-08-24,2026-08-25
3f,GPCC_stage4_post_proc,scheduled__2026-08-22T14:40:00+00:00,trigger,scheduled,,2,2026-08-24 03:40:08.729,2026-08-24 03:40:09.429,0,AirflowSensorTimeout: Sensor has timed out; run duration of 14400 seconds exceeds the specified timeout of 14400.,2026-08-24,2026-08-25
3f,GPCC_stage4_post_proc,scheduled__2026-08-22T14:40:00+00:00,trigger_mark_success_all_success,scheduled,,1,2026-08-24 03:40:09.583,2026-08-24 03:40:09.583,0,,2026-08-24,2026-08-25
3f,GPCC_stage4_post_proc,scheduled__2026-08-22T14:40:00+00:00,check_dd_rec_result,scheduled,,1,2026-08-24 03:40:09.629,2026-08-24 03:40:09.629,0,,2026-08-24,2026-08-25
3f,GPCC_stage4_post_proc,scheduled__2026-08-22T14:40:00+00:00,RecResult,scheduled,,1,2026-08-24 03:40:09.757,2026-08-24 03:40:09.757,0,,2026-08-24,2026-08-25
3f,GPCC_stage4_post_proc,scheduled__2026-08-22T14:40:00+00:00,load_rec_result,scheduled,,1,2026-08-24 03:40:09.779,2026-08-24 03:40:09.779,0,,2026-08-24,2026-08-25
3f,GPCC_stage4_post_proc,scheduled__2026-08-22T14:40:00+00:00,check_duplicate,scheduled,,1,2026-08-24 03:40:09.836,2026-08-24 03:40:09.836,0,,2026-08-24,2026-08-25
3f,GPCC_stage4_post_proc,scheduled__2026-08-22T14:40:00+00:00,save_rec_result,scheduled,,1,2026-08-24 03:40:09.856,2026-08-24 03:40:09.856,0,,2026-08-24,2026-08-25
3f,GPCC_stage4_post_proc,scheduled__2026-08-22T14:40:00+00:00,trigger_sg_workflow_if_one_failed,scheduled,,2,2026-08-24 03:40:12.382,2026-08-24 03:40:14.845,2,,2026-08-24,2026-08-25
3f,GPCC_stage4_post_proc,scheduled__2026-08-22T14:40:00+00:00,done_api,scheduled,,1,2026-08-24 03:40:15.081,2026-08-24 03:40:15.081,0,,2026-08-24,2026-08-25
3f,gpcc_svc_sg,manual__2026-08-23T18:40:14.189901+00:00,start,manual,,2,2026-08-24 03:40:17.697,2026-08-24 03:40:18.392,0,,2026-08-24,2026-08-25
3f,gpcc_svc_sg,manual__2026-08-23T18:40:14.189901+00:00,trigger,manual,,2,2026-08-24 03:40:21.739,2026-08-24 03:40:22.225,0,,2026-08-24,2026-08-25
3f,gpcc_svc_sg,manual__2026-08-23T18:40:14.189901+00:00,load_svc_rec_rslt,manual,,2,2026-08-24 03:40:25.026,2026-08-24 03:41:30.201,65,,2026-08-24,2026-08-25
3f,gpcc_svc_sg,manual__2026-08-23T18:40:14.189901+00:00,load_svc_table_dup,manual,,2,2026-08-24 03:40:25.084,2026-08-24 03:41:47.469,82,,2026-08-24,2026-08-25
3f,gpcc_svc_sg,manual__2026-08-23T18:40:14.189901+00:00,RecGenerator,manual,,2,2026-08-24 03:41:50.769,2026-08-24 03:48:55.957,425,,2026-08-24,2026-08-25
3f,gpcc_svc_sg,manual__2026-08-23T18:40:14.189901+00:00,TableDuplicator,manual,,2,2026-08-24 03:48:58.778,2026-08-24 03:57:25.739,506,,2026-08-24,2026-08-25
3f,gpcc_svc_sg,manual__2026-08-23T18:40:14.189901+00:00,SAVE_FEATURE_TABLE,manual,,2,2026-08-24 03:57:28.292,2026-08-24 03:59:31.707,123,,2026-08-24,2026-08-25
3f,gpcc_svc_sg,manual__2026-08-23T18:40:14.189901+00:00,SAVE_REC_TABLE,manual,,2,2026-08-24 03:57:28.896,2026-08-24 03:59:07.707,98,,2026-08-24,2026-08-25
3f,gpcc_svc_sg,manual__2026-08-23T18:40:14.189901+00:00,check_dd_rec_result,manual,,2,2026-08-24 03:59:34.818,2026-08-24 04:00:00.836,26,,2026-08-24,2026-08-25
3f,gpcc_svc_sg,manual__2026-08-23T18:40:14.189901+00:00,trigger_mark_success_all_success,manual,,2,2026-08-24 04:00:03.731,2026-08-24 04:00:06.319,2,,2026-08-24,2026-08-25
3f,gpcc_svc_sg,manual__2026-08-23T18:40:14.189901+00:00,done_api,manual,,2,2026-08-24 04:00:09.266,2026-08-24 04:00:09.881,0,,2026-08-24,2026-08-25
3f,gpcc_mark_success,manual__2026-08-23T19:00:05.900897+00:00,start,manual,,2,2026-08-24 04:00:10.057,2026-08-24 04:00:10.733,0,,2026-08-24,2026-08-25
3f,gpcc_mark_success,manual__2026-08-23T19:00:05.900897+00:00,trigger,manual,,2,2026-08-24 04:00:13.896,2026-08-24 04:00:14.413,0,,2026-08-24,2026-08-25
3f,gpcc_dd_transfer,scheduled__2026-08-22T16:00:00+00:00,trigger,scheduled,,2,2026-08-24 04:00:15.307,2026-08-24 04:00:16.317,1,,2026-08-24,2026-08-25
3f,gpcc_mark_success,manual__2026-08-23T19:00:05.900897+00:00,check_mark_success,manual,,2,2026-08-24 04:00:17.135,2026-08-24 04:00:32.095,14,,2026-08-24,2026-08-25
3f,gpcc_dd_transfer,scheduled__2026-08-22T16:00:00+00:00,transfer_table,scheduled,,2,2026-08-24 04:00:19.554,2026-08-24 04:03:39.123,199,,2026-08-24,2026-08-25
3f,gpcc_mark_success,manual__2026-08-23T19:00:05.900897+00:00,done_api,manual,,2,2026-08-24 04:00:34.747,2026-08-24 04:00:35.358,0,,2026-08-24,2026-08-25
3f,gpcc_dd_transfer,scheduled__2026-08-22T16:00:00+00:00,trigger_arbiter_transfer,scheduled,,2,2026-08-24 04:03:42.012,2026-08-24 04:03:42.580,0,,2026-08-24,2026-08-25
3f,gpcc_dd_transfer,scheduled__2026-08-22T16:00:00+00:00,unload_oo3f_rec_benefit_result,scheduled,,2,2026-08-24 04:03:42.370,2026-08-24 04:04:04.393,22,,2026-08-24,2026-08-25
3f,gpcc_dd_transfer,scheduled__2026-08-22T16:00:00+00:00,trigger_dq_check_mail,scheduled,,2,2026-08-24 04:03:42.674,2026-08-24 04:03:46.320,3,,2026-08-24,2026-08-25
3f,gpcc_dq_mail,manual__2026-08-23T19:03:45.560746+00:00,start,manual,,2,2026-08-24 04:03:49.108,2026-08-24 04:03:49.836,0,,2026-08-24,2026-08-25
3f,gpcc_dq_mail,manual__2026-08-23T19:03:45.560746+00:00,trigger,manual,,2,2026-08-24 04:03:53.372,2026-08-24 04:03:54.165,0,,2026-08-24,2026-08-25
3f,gpcc_dq_mail,manual__2026-08-23T19:03:45.560746+00:00,unload_dq_candidate,manual,,2,2026-08-24 04:03:57.182,2026-08-24 04:04:37.319,40,,2026-08-24,2026-08-25
3f,gpcc_dq_mail,manual__2026-08-23T19:03:45.560746+00:00,unload_dq_check,manual,,2,2026-08-24 04:03:57.210,2026-08-24 04:07:15.160,197,,2026-08-24,2026-08-25
3f,gpcc_dd_transfer,scheduled__2026-08-22T16:00:00+00:00,sink_cms_transfer,scheduled,,2,2026-08-24 04:04:07.655,2026-08-24 04:16:20.394,732,,2026-08-24,2026-08-25
3f,gpcc_dq_mail,manual__2026-08-23T19:03:45.560746+00:00,DQcheck,manual,,2,2026-08-24 04:07:17.893,2026-08-24 04:17:36.058,618,,2026-08-24,2026-08-25
3f,gpcc_dd_transfer,scheduled__2026-08-22T16:00:00+00:00,done_api,scheduled,,2,2026-08-24 04:16:23.938,2026-08-24 04:16:24.397,0,,2026-08-24,2026-08-25
3f,gpcc_dq_mail,manual__2026-08-23T19:03:45.560746+00:00,save_dq_summary,manual,,2,2026-08-24 04:17:38.754,2026-08-24 04:22:18.970,280,,2026-08-24,2026-08-25
3f,gpcc_dq_mail,manual__2026-08-23T19:03:45.560746+00:00,dq_check_mail,manual,,2,2026-08-24 04:22:22.023,2026-08-24 04:23:25.175,63,,2026-08-24,2026-08-25
3f,gpcc_dq_mail,manual__2026-08-23T19:03:45.560746+00:00,done_api,manual,,2,2026-08-24 04:23:28.297,2026-08-24 04:23:29.075,0,,2026-08-24,2026-08-25
3f,GPCC_train,scheduled__2026-08-19T21:00:00+00:00,start,scheduled,,2,2026-08-24 06:00:07.526,2026-08-24 06:00:08.216,0,,2026-08-24,2026-08-25
3f,GPCC_train,scheduled__2026-08-19T21:00:00+00:00,trigger,scheduled,,2,2026-08-24 06:00:11.723,2026-08-24 06:00:12.364,0,,2026-08-24,2026-08-25
3f,GPCC_train,scheduled__2026-08-19T21:00:00+00:00,load_user_features_inf,scheduled,,2,2026-08-24 06:00:15.681,2026-08-24 06:02:07.992,112,,2026-08-24,2026-08-25
3f,GPCC_train,scheduled__2026-08-19T21:00:00+00:00,load_item_meta,scheduled,,2,2026-08-24 06:00:16.403,2026-08-24 06:00:46.628,30,,2026-08-24,2026-08-25
3f,GPCC_train,scheduled__2026-08-19T21:00:00+00:00,load_item_emb_feat,scheduled,,2,2026-08-24 06:00:16.450,2026-08-24 06:00:29.268,12,,2026-08-24,2026-08-25
3f,GPCC_train,scheduled__2026-08-19T21:00:00+00:00,load_user_features,scheduled,,2,2026-08-24 06:00:16.512,2026-08-24 06:01:10.136,53,,2026-08-24,2026-08-25
3f,GPCC_train,scheduled__2026-08-19T21:00:00+00:00,load_interaction,scheduled,,2,2026-08-24 06:00:17.121,2026-08-24 06:00:48.626,31,,2026-08-24,2026-08-25
3f,GPCC_train,scheduled__2026-08-19T21:00:00+00:00,task_prd_pl_trn_pl2mfl3101_v2,scheduled,,2,2026-08-24 06:02:10.624,2026-08-24 09:59:45.705,14255,,2026-08-24,2026-08-25
3f,GPCC_train,scheduled__2026-08-19T21:00:00+00:00,save_item_cntn_emb,scheduled,,2,2026-08-24 09:59:48.382,2026-08-24 10:00:27.583,39,,2026-08-24,2026-08-25
3f,GPCC_train,scheduled__2026-08-19T21:00:00+00:00,save_cntn_lgcn_emb,scheduled,,2,2026-08-24 09:59:49.064,2026-08-24 10:00:53.338,64,,2026-08-24,2026-08-25
3f,GPCC_train,scheduled__2026-08-19T21:00:00+00:00,save_user_lgcn_emb,scheduled,,2,2026-08-24 09:59:49.166,2026-08-24 10:01:54.528,125,,2026-08-24,2026-08-25
3f,GPCC_train,scheduled__2026-08-19T21:00:00+00:00,save_train_date,scheduled,,2,2026-08-24 10:01:57.777,2026-08-24 10:02:08.551,10,,2026-08-24,2026-08-25
3f,GPCC_train,scheduled__2026-08-19T21:00:00+00:00,trigger_dq,scheduled,,2,2026-08-24 10:02:11.330,2026-08-24 10:02:13.689,2,,2026-08-24,2026-08-25
3f,gpcc_train_dq_mail,manual__2026-08-24T01:02:13.246029+00:00,start,manual,,2,2026-08-24 10:02:16.759,2026-08-24 10:02:17.470,0,,2026-08-24,2026-08-25
3f,GPCC_train,scheduled__2026-08-19T21:00:00+00:00,done_api,scheduled,,2,2026-08-24 10:02:16.971,2026-08-24 10:02:17.735,0,,2026-08-24,2026-08-25
3f,gpcc_train_dq_mail,manual__2026-08-24T01:02:13.246029+00:00,trigger,manual,,2,2026-08-24 10:02:20.602,2026-08-24 10:02:21.032,0,,2026-08-24,2026-08-25
3f,gpcc_train_dq_mail,manual__2026-08-24T01:02:13.246029+00:00,save_train_result,manual,,2,2026-08-24 10:02:23.666,2026-08-24 10:02:59.431,35,,2026-08-24,2026-08-25
3f,gpcc_train_dq_mail,manual__2026-08-24T01:02:13.246029+00:00,dq_mail,manual,,2,2026-08-24 10:03:02.819,2026-08-24 10:03:08.775,5,,2026-08-24,2026-08-25
3f,gpcc_train_dq_mail,manual__2026-08-24T01:02:13.246029+00:00,done_api,manual,,2,2026-08-24 10:03:11.256,2026-08-24 10:03:12.063,0,,2026-08-24,2026-08-25
3f,gpcc_train_dq_mail,scheduled__2026-08-20T02:30:00+00:00,start,scheduled,,2,2026-08-24 11:30:05.892,2026-08-24 11:30:06.620,0,,2026-08-24,2026-08-25
3f,gpcc_train_dq_mail,scheduled__2026-08-20T02:30:00+00:00,trigger,scheduled,,2,2026-08-24 11:30:09.365,2026-08-24 11:30:09.834,0,,2026-08-24,2026-08-25
3f,gpcc_train_dq_mail,scheduled__2026-08-20T02:30:00+00:00,save_train_result,scheduled,,2,2026-08-24 11:30:12.490,2026-08-24 11:30:50.418,37,,2026-08-24,2026-08-25
3f,gpcc_train_dq_mail,scheduled__2026-08-20T02:30:00+00:00,dq_mail,scheduled,,2,2026-08-24 11:30:53.946,2026-08-24 11:30:59.928,5,,2026-08-24,2026-08-25
3f,gpcc_train_dq_mail,scheduled__2026-08-20T02:30:00+00:00,done_api,scheduled,,2,2026-08-24 11:31:03.233,2026-08-24 11:31:03.947,0,,2026-08-24,2026-08-25
3f,temp_log_agg,scheduled__2026-08-23T03:00:00+00:00,start,scheduled,,2,2026-08-24 12:00:04.424,2026-08-24 12:00:05.355,0,,2026-08-24,2026-08-25
3f,temp_log_agg,scheduled__2026-08-23T03:00:00+00:00,trigger,scheduled,,2,2026-08-24 12:00:09.000,2026-08-24 12:00:09.476,0,,2026-08-24,2026-08-25
3f,temp_log_agg,scheduled__2026-08-23T03:00:00+00:00,load_log_agg,scheduled,,2,2026-08-24 12:00:12.546,2026-08-24 12:32:44.637,1952,,2026-08-24,2026-08-25
3f,temp_log_agg,scheduled__2026-08-23T03:00:00+00:00,save_log_agg,scheduled,,2,2026-08-24 12:32:47.858,2026-08-24 12:33:13.863,26,,2026-08-24,2026-08-25
3f,temp_log_agg,scheduled__2026-08-23T03:00:00+00:00,log_check_mail,scheduled,,2,2026-08-24 12:33:17.126,2026-08-24 12:33:23.512,6,,2026-08-24,2026-08-25
3f,temp_log_agg,scheduled__2026-08-23T03:00:00+00:00,done_api,scheduled,,2,2026-08-24 12:33:26.586,2026-08-24 12:33:27.229,0,,2026-08-24,2026-08-25
3f,GPCC_stage1_item_feature,scheduled__2026-08-23T10:00:00+00:00,start,scheduled,,2,2026-08-24 19:00:05.176,2026-08-24 19:00:06.294,1,,2026-08-24,2026-08-25
3f,GPCC_stage1_item_feature,scheduled__2026-08-23T10:00:00+00:00,trigger,scheduled,,2,2026-08-24 19:00:09.702,2026-08-24 19:00:10.596,0,,2026-08-24,2026-08-25
3f,GPCC_stage1_item_feature,scheduled__2026-08-23T10:00:00+00:00,make_pipeline_date,scheduled,,2,2026-08-24 19:00:13.590,2026-08-24 19:03:26.663,193,,2026-08-24,2026-08-25
3f,GPCC_stage1_item_feature,scheduled__2026-08-23T10:00:00+00:00,save_pipeline_date,scheduled,,2,2026-08-24 19:03:30.156,2026-08-24 19:04:13.640,43,,2026-08-24,2026-08-25
3f,GPCC_stage1_item_feature,scheduled__2026-08-23T10:00:00+00:00,load_item_meta,scheduled,,2,2026-08-24 19:04:16.288,2026-08-24 19:07:11.441,175,,2026-08-24,2026-08-25
3f,GPCC_stage1_item_feature,scheduled__2026-08-23T10:00:00+00:00,load_log_parser,scheduled,,2,2026-08-24 19:04:16.516,2026-08-24 19:11:36.229,439,,2026-08-24,2026-08-25
3f,GPCC_stage1_item_feature,scheduled__2026-08-23T10:00:00+00:00,load_item_feature,scheduled,,2,2026-08-24 19:04:17.031,2026-08-24 19:08:27.991,250,,2026-08-24,2026-08-25
3f,GPCC_stage1_item_feature,scheduled__2026-08-23T10:00:00+00:00,ItemMetaGenerator,scheduled,,2,2026-08-24 19:11:39.161,2026-08-24 19:16:30.852,291,,2026-08-24,2026-08-25
3f,GPCC_stage1_item_feature,scheduled__2026-08-23T10:00:00+00:00,LogGenerator,scheduled,,2,2026-08-24 19:16:34.465,2026-08-24 19:25:51.468,557,,2026-08-24,2026-08-25
3f,GPCC_stage1_item_feature,scheduled__2026-08-23T10:00:00+00:00,FT_ItemFeature,scheduled,,2,2026-08-24 19:25:54.626,2026-08-24 19:32:39.726,405,,2026-08-24,2026-08-25
3f,GPCC_stage1_item_feature,scheduled__2026-08-23T10:00:00+00:00,save_stage1_mart,scheduled,,2,2026-08-24 19:32:42.385,2026-08-24 19:41:41.436,539,,2026-08-24,2026-08-25
3f,GPCC_stage1_item_feature,scheduled__2026-08-23T10:00:00+00:00,trigger_gpcc_candidate,scheduled,,2,2026-08-24 19:41:44.456,2026-08-24 19:41:48.009,3,,2026-08-24,2026-08-25
3f,GPCC_stage2_select,manual__2026-08-24T10:41:47.334769+00:00,start,manual,,2,2026-08-24 19:41:50.164,2026-08-24 19:41:50.640,0,,2026-08-24,2026-08-25
3f,GPCC_stage1_item_feature,scheduled__2026-08-23T10:00:00+00:00,done_api,scheduled,,2,2026-08-24 19:41:50.963,2026-08-24 19:41:51.643,0,,2026-08-24,2026-08-25
3f,GPCC_stage2_select,manual__2026-08-24T10:41:47.334769+00:00,trigger,manual,,2,2026-08-24 19:41:53.248,2026-08-24 19:41:54.321,1,,2026-08-24,2026-08-25
3f,GPCC_stage2_select,manual__2026-08-24T10:41:47.334769+00:00,save_targeting,manual,,2,2026-08-24 19:41:57.537,2026-08-24 19:45:00.395,182,,2026-08-24,2026-08-25
3f,GPCC_stage2_select,manual__2026-08-24T10:41:47.334769+00:00,save_cs_size,manual,,2,2026-08-24 19:45:03.116,2026-08-24 19:45:56.690,53,,2026-08-24,2026-08-25
3f,GPCC_stage2_select,manual__2026-08-24T10:41:47.334769+00:00,check_c2p_cnt,manual,,2,2026-08-24 19:46:00.034,2026-08-24 19:46:23.543,23,,2026-08-24,2026-08-25
3f,GPCC_stage2_select,manual__2026-08-24T10:41:47.334769+00:00,save_all_c2p,manual,,1,2026-08-24 19:46:23.628,2026-08-24 19:46:23.628,0,,2026-08-24,2026-08-25
3f,GPCC_stage2_select,manual__2026-08-24T10:41:47.334769+00:00,load_item_lgcn_embs,manual,,2,2026-08-24 19:46:26.541,2026-08-24 19:46:39.034,12,,2026-08-24,2026-08-25
3f,GPCC_stage2_select,manual__2026-08-24T10:41:47.334769+00:00,load_dv_features,manual,,2,2026-08-24 19:46:26.707,2026-08-24 19:46:38.707,11,,2026-08-24,2026-08-25
3f,GPCC_stage2_select,manual__2026-08-24T10:41:47.334769+00:00,load_item_emb_feat,manual,,2,2026-08-24 19:46:27.003,2026-08-24 19:46:39.644,12,,2026-08-24,2026-08-25
3f,GPCC_stage2_select,manual__2026-08-24T10:41:47.334769+00:00,load_item_meta,manual,,2,2026-08-24 19:46:27.123,2026-08-24 19:46:39.823,12,,2026-08-24,2026-08-25
3f,GPCC_stage2_select,manual__2026-08-24T10:41:47.334769+00:00,load_user_features,manual,,2,2026-08-24 19:46:27.147,2026-08-24 19:47:00.482,33,,2026-08-24,2026-08-25
3f,GPCC_stage2_select,manual__2026-08-24T10:41:47.334769+00:00,load_user_lgcn_embs,manual,,2,2026-08-24 19:46:27.173,2026-08-24 19:46:58.093,30,,2026-08-24,2026-08-25
3f,GPCC_stage2_select,manual__2026-08-24T10:41:47.334769+00:00,task_prd_pl_inf_pl2mfl3101_v2,manual,,2,2026-08-24 19:47:03.615,2026-08-24 20:19:17.459,1933,,2026-08-24,2026-08-25
3f,gpcc_select_dq_mail,scheduled__2026-08-23T11:00:00+00:00,start,scheduled,,2,2026-08-24 20:00:04.830,2026-08-24 20:00:05.864,1,,2026-08-24,2026-08-25
3f,GPCC_stage2_select,manual__2026-08-24T10:41:47.334769+00:00,save_cs_result,manual,,2,2026-08-24 20:19:20.101,2026-08-24 20:21:08.611,108,,2026-08-24,2026-08-25
3f,gpcc_select_dq_mail,scheduled__2026-08-23T11:00:00+00:00,trigger,scheduled,,2,2026-08-24 20:20:13.882,2026-08-24 20:20:14.722,0,,2026-08-24,2026-08-25
3f,gpcc_select_dq_mail,scheduled__2026-08-23T11:00:00+00:00,save_input_summary,scheduled,,2,2026-08-24 20:20:17.453,2026-08-24 20:21:01.933,44,,2026-08-24,2026-08-25
3f,gpcc_select_dq_mail,scheduled__2026-08-23T11:00:00+00:00,save_select_wf,scheduled,,2,2026-08-24 20:20:18.267,2026-08-24 20:21:01.749,43,,2026-08-24,2026-08-25
3f,gpcc_select_dq_mail,scheduled__2026-08-23T11:00:00+00:00,dq_mail,scheduled,,2,2026-08-24 20:21:04.846,2026-08-24 20:21:15.742,10,,2026-08-24,2026-08-25
3f,GPCC_stage2_select,manual__2026-08-24T10:41:47.334769+00:00,save_gpcc,manual,,2,2026-08-24 20:21:11.711,2026-08-24 20:22:25.908,74,,2026-08-24,2026-08-25
3f,gpcc_select_dq_mail,scheduled__2026-08-23T11:00:00+00:00,done_api,scheduled,,2,2026-08-24 20:21:19.012,2026-08-24 20:21:19.740,0,,2026-08-24,2026-08-25
3f,GPCC_stage2_select,manual__2026-08-24T10:41:47.334769+00:00,trigger_stage3,manual,,2,2026-08-24 20:22:28.999,2026-08-24 20:22:32.477,3,,2026-08-24,2026-08-25
3f,GPCC_stage3_interaction_feautre,manual__2026-08-24T11:22:31.722868+00:00,start,manual,,2,2026-08-24 20:22:35.407,2026-08-24 20:22:35.997,0,,2026-08-24,2026-08-25
3f,GPCC_stage2_select,manual__2026-08-24T10:41:47.334769+00:00,done_api,manual,,2,2026-08-24 20:22:35.410,2026-08-24 20:22:36.163,0,,2026-08-24,2026-08-25
3f,GPCC_stage3_interaction_feautre,manual__2026-08-24T11:22:31.722868+00:00,trigger,manual,,2,2026-08-24 20:22:38.968,2026-08-24 20:22:39.590,0,,2026-08-24,2026-08-25
3f,GPCC_stage3_interaction_feautre,manual__2026-08-24T11:22:31.722868+00:00,load_interaction_feature,manual,,2,2026-08-24 20:22:42.168,2026-08-24 20:28:29.976,347,,2026-08-24,2026-08-25
3f,GPCC_stage3_interaction_feautre,manual__2026-08-24T11:22:31.722868+00:00,load_rec_target,manual,,2,2026-08-24 20:22:42.757,2026-08-24 20:23:26.188,43,,2026-08-24,2026-08-25
3f,GPCC_stage3_interaction_feautre,manual__2026-08-24T11:22:31.722868+00:00,FT_InteractionFeature,manual,,2,2026-08-24 20:28:32.928,2026-08-24 20:38:24.237,591,,2026-08-24,2026-08-25
3f,GPCC_stage3_interaction_feautre,manual__2026-08-24T11:22:31.722868+00:00,save_inter_feature,manual,,2,2026-08-24 20:38:27.493,2026-08-24 20:43:41.578,314,,2026-08-24,2026-08-25
3f,GPCC_stage3_interaction_feautre,manual__2026-08-24T11:22:31.722868+00:00,unload_shared_ft_features,manual,,2,2026-08-24 20:43:44.431,2026-08-24 20:44:37.487,53,,2026-08-24,2026-08-25
3f,GPCC_stage3_interaction_feautre,manual__2026-08-24T11:22:31.722868+00:00,trigger_gv_tgps_bsis,manual,,2,2026-08-24 20:44:40.609,2026-08-24 20:44:44.986,4,,2026-08-24,2026-08-25
3f,GPCC_stage3_interaction_feautre,manual__2026-08-24T11:22:31.722868+00:00,trigger_gv_cntn_info,manual,,2,2026-08-24 20:44:47.574,2026-08-24 20:44:52.588,5,,2026-08-24,2026-08-25
3f,GPCC_stage3_interaction_feautre,manual__2026-08-24T11:22:31.722868+00:00,trigger_gv_cust_bhve_info,manual,,2,2026-08-24 20:44:55.485,2026-08-24 20:44:59.606,4,,2026-08-24,2026-08-25
3f,GPCC_stage3_interaction_feautre,manual__2026-08-24T11:22:31.722868+00:00,preproc_end_alert,manual,,2,2026-08-24 20:45:03.032,2026-08-24 20:45:03.802,0,,2026-08-24,2026-08-25
3f,GPCC_stage3_interaction_feautre,manual__2026-08-24T11:22:31.722868+00:00,done_api,manual,,2,2026-08-24 20:45:06.797,2026-08-24 20:45:07.447,0,,2026-08-24,2026-08-25
3f,GPCC_mthly_execute_trigger,scheduled__2026-08-23T12:30:00+00:00,start,scheduled,,2,2026-08-24 21:30:07.623,2026-08-24 21:30:08.411,0,,2026-08-24,2026-08-25
3f,GPCC_mthly_execute_trigger,scheduled__2026-08-23T12:30:00+00:00,trigger,scheduled,,2,2026-08-24 21:30:11.117,2026-08-24 21:30:11.517,0,,2026-08-24,2026-08-25
3f,GPCC_mthly_execute_trigger,scheduled__2026-08-23T12:30:00+00:00,trigger_execute_date,scheduled,,2,2026-08-24 21:30:14.653,2026-08-24 21:30:23.169,8,,2026-08-24,2026-08-25
3f,GPCC_mthly_execute_trigger,scheduled__2026-08-23T12:30:00+00:00,fail_empty_mail,scheduled,,1,2026-08-24 21:30:23.266,2026-08-24 21:30:23.266,0,,2026-08-24,2026-08-25
3f,GPCC_mthly_execute_trigger,scheduled__2026-08-23T12:30:00+00:00,trigger_mthly_rec_result,scheduled,,2,2026-08-24 21:30:26.236,2026-08-24 21:30:30.027,3,,2026-08-24,2026-08-25
3f,GPCC_mthly_execute_trigger,scheduled__2026-08-23T12:30:00+00:00,done_api,scheduled,,2,2026-08-24 21:30:32.238,2026-08-24 21:30:32.935,0,,2026-08-24,2026-08-25
3f,GPCC_mthly_rec_result,manual__2026-08-24T12:30:29.528975+00:00,start,manual,,2,2026-08-24 21:30:32.361,2026-08-24 21:30:33.187,0,,2026-08-24,2026-08-25
3f,GPCC_mthly_rec_result,manual__2026-08-24T12:30:29.528975+00:00,trigger,manual,,2,2026-08-24 21:30:36.296,2026-08-24 21:30:36.869,0,,2026-08-24,2026-08-25
3f,GPCC_mthly_rec_result,manual__2026-08-24T12:30:29.528975+00:00,make_pipeline_date,manual,,2,2026-08-24 21:30:39.773,2026-08-24 21:33:50.510,190,,2026-08-24,2026-08-25
3f,GPCC_mthly_rec_result,manual__2026-08-24T12:30:29.528975+00:00,load_rec_target,manual,,2,2026-08-24 21:33:53.306,2026-08-24 21:35:10.977,77,,2026-08-24,2026-08-25
3f,GPCC_mthly_rec_result,manual__2026-08-24T12:30:29.528975+00:00,mk_mthly_rec_result,manual,,2,2026-08-24 21:35:14.425,2026-08-24 21:46:40.685,686,,2026-08-24,2026-08-25
3f,GPCC_mthly_rec_result,manual__2026-08-24T12:30:29.528975+00:00,save_rec_result,manual,,2,2026-08-24 21:46:43.799,2026-08-24 21:51:34.375,290,,2026-08-24,2026-08-25
3f,GPCC_mthly_rec_result,manual__2026-08-24T12:30:29.528975+00:00,mthly_dq_check,manual,,2,2026-08-24 21:51:37.130,2026-08-24 21:54:04.697,147,,2026-08-24,2026-08-25
3f,GPCC_mthly_rec_result,manual__2026-08-24T12:30:29.528975+00:00,dq_check_mail,manual,,2,2026-08-24 21:54:07.870,2026-08-24 21:54:14.349,6,,2026-08-24,2026-08-25
3f,GPCC_mthly_rec_result,manual__2026-08-24T12:30:29.528975+00:00,done_api,manual,,2,2026-08-24 21:54:17.543,2026-08-24 21:54:17.995,0,,2026-08-24,2026-08-25
3f,duplicate_ft_result_check,scheduled__2026-08-23T14:40:00+00:00,start,scheduled,,2,2026-08-24 23:40:04.411,2026-08-24 23:40:04.975,0,,2026-08-24,2026-08-25
3f,GPCC_stage4_post_proc,scheduled__2026-08-23T14:40:00+00:00,start,scheduled,,2,2026-08-24 23:40:07.981,2026-08-24 23:40:08.628,0,,2026-08-24,2026-08-25
3f,duplicate_ft_result_check,scheduled__2026-08-23T14:40:00+00:00,trigger,scheduled,,2,2026-08-24 23:49:49.130,2026-08-24 23:49:49.753,0,,2026-08-24,2026-08-25
3f,GPCC_stage4_post_proc,scheduled__2026-08-23T14:40:00+00:00,trigger,scheduled,,2,2026-08-24 23:49:49.522,2026-08-24 23:49:50.250,0,,2026-08-24,2026-08-25
3f,duplicate_ft_result_check,scheduled__2026-08-23T14:40:00+00:00,check_duplicate,scheduled,,2,2026-08-24 23:49:53.172,2026-08-24 23:50:38.540,45,,2026-08-24,2026-08-25
3f,GPCC_stage4_post_proc,scheduled__2026-08-23T14:40:00+00:00,check_duplicate,scheduled,,2,2026-08-24 23:49:53.628,2026-08-24 23:50:14.963,21,,2026-08-24,2026-08-25
3f,GPCC_stage4_post_proc,scheduled__2026-08-23T14:40:00+00:00,load_rec_result,scheduled,,2,2026-08-24 23:50:17.990,2026-08-24 23:52:03.159,105,,2026-08-24,2026-08-25
3f,duplicate_ft_result_check,scheduled__2026-08-23T14:40:00+00:00,ft_result_dup_check_mail,scheduled,,2,2026-08-24 23:50:41.669,2026-08-24 23:50:47.740,6,,2026-08-24,2026-08-25
3f,duplicate_ft_result_check,scheduled__2026-08-23T14:40:00+00:00,done_api,scheduled,,2,2026-08-24 23:50:50.712,2026-08-24 23:50:51.222,0,,2026-08-24,2026-08-25
3f,GPCC_stage4_post_proc,scheduled__2026-08-23T14:40:00+00:00,RecResult,scheduled,,2,2026-08-24 23:52:06.275,2026-08-24 23:58:40.412,394,,2026-08-25,2026-08-26
3f,GPCC_stage4_post_proc,scheduled__2026-08-23T14:40:00+00:00,save_rec_result,scheduled,,2,2026-08-24 23:58:43.834,2026-08-25 00:02:38.034,234,,2026-08-25,2026-08-26
3f,GPCC_stage4_post_proc,scheduled__2026-08-23T14:40:00+00:00,check_dd_rec_result,scheduled,,2,2026-08-25 00:02:40.614,2026-08-25 00:03:04.292,23,,2026-08-25,2026-08-26
3f,GPCC_stage4_post_proc,scheduled__2026-08-23T14:40:00+00:00,trigger_mark_success_all_success,scheduled,,2,2026-08-25 00:03:06.892,2026-08-25 00:03:09.694,2,,2026-08-25,2026-08-26
3f,GPCC_stage4_post_proc,scheduled__2026-08-23T14:40:00+00:00,trigger_sg_workflow_if_one_failed,scheduled,,1,2026-08-25 00:03:09.841,2026-08-25 00:03:09.841,0,,2026-08-25,2026-08-26
3f,GPCC_stage4_post_proc,scheduled__2026-08-23T14:40:00+00:00,done_api,scheduled,,1,2026-08-25 00:03:10.048,2026-08-25 00:03:10.048,0,,2026-08-25,2026-08-26
3f,gpcc_mark_success,manual__2026-08-24T15:03:09.132452+00:00,start,manual,,2,2026-08-25 00:03:12.606,2026-08-25 00:03:13.348,0,,2026-08-25,2026-08-26
3f,gpcc_mark_success,manual__2026-08-24T15:03:09.132452+00:00,trigger,manual,,2,2026-08-25 00:03:15.926,2026-08-25 00:03:16.458,0,,2026-08-25,2026-08-26
3f,gpcc_mark_success,manual__2026-08-24T15:03:09.132452+00:00,check_mark_success,manual,,2,2026-08-25 00:03:19.559,2026-08-25 00:03:30.404,10,,2026-08-25,2026-08-26
3f,gpcc_mark_success,manual__2026-08-24T15:03:09.132452+00:00,done_api,manual,,2,2026-08-25 00:03:33.822,2026-08-25 00:03:34.382,0,,2026-08-25,2026-08-26
3f,gpcc_dd_transfer,scheduled__2026-08-23T16:00:00+00:00,start,scheduled,,2,2026-08-25 01:00:06.646,2026-08-25 01:00:07.355,0,,2026-08-25,2026-08-26
3f,gpcc_dd_transfer,scheduled__2026-08-23T16:00:00+00:00,trigger,scheduled,,2,2026-08-25 01:00:11.033,2026-08-25 01:00:12.043,1,,2026-08-25,2026-08-26
3f,gpcc_dd_transfer,scheduled__2026-08-23T16:00:00+00:00,transfer_table,scheduled,,2,2026-08-25 01:00:15.449,2026-08-25 01:03:27.481,192,,2026-08-25,2026-08-26
3f,gpcc_dd_transfer,scheduled__2026-08-23T16:00:00+00:00,trigger_dq_check_mail,scheduled,,2,2026-08-25 01:03:30.584,2026-08-25 01:03:33.943,3,,2026-08-25,2026-08-26
3f,gpcc_dd_transfer,scheduled__2026-08-23T16:00:00+00:00,unload_oo3f_rec_benefit_result,scheduled,,2,2026-08-25 01:03:31.081,2026-08-25 01:03:53.930,22,,2026-08-25,2026-08-26
3f,gpcc_dd_transfer,scheduled__2026-08-23T16:00:00+00:00,trigger_arbiter_transfer,scheduled,,2,2026-08-25 01:03:31.346,2026-08-25 01:03:31.881,0,,2026-08-25,2026-08-26
3f,gpcc_dq_mail,manual__2026-08-24T16:03:33.145055+00:00,start,manual,,2,2026-08-25 01:03:36.448,2026-08-25 01:03:37.160,0,,2026-08-25,2026-08-26
3f,gpcc_dq_mail,manual__2026-08-24T16:03:33.145055+00:00,trigger,manual,,2,2026-08-25 01:03:39.801,2026-08-25 01:03:40.546,0,,2026-08-25,2026-08-26
3f,gpcc_dq_mail,manual__2026-08-24T16:03:33.145055+00:00,unload_dq_candidate,manual,,2,2026-08-25 01:03:43.722,2026-08-25 01:04:25.780,42,,2026-08-25,2026-08-26
3f,gpcc_dq_mail,manual__2026-08-24T16:03:33.145055+00:00,unload_dq_check,manual,,2,2026-08-25 01:03:43.960,2026-08-25 01:07:01.566,197,,2026-08-25,2026-08-26
3f,gpcc_dd_transfer,scheduled__2026-08-23T16:00:00+00:00,sink_cms_transfer,scheduled,,2,2026-08-25 01:03:56.750,2026-08-25 01:17:34.355,817,,2026-08-25,2026-08-26
3f,gpcc_dq_mail,manual__2026-08-24T16:03:33.145055+00:00,DQcheck,manual,,2,2026-08-25 01:07:04.553,2026-08-25 01:17:44.467,639,,2026-08-25,2026-08-26
3f,gpcc_dd_transfer,scheduled__2026-08-23T16:00:00+00:00,done_api,scheduled,,2,2026-08-25 01:17:37.720,2026-08-25 01:17:38.282,0,,2026-08-25,2026-08-26
3f,gpcc_dq_mail,manual__2026-08-24T16:03:33.145055+00:00,save_dq_summary,manual,,2,2026-08-25 01:17:48.115,2026-08-25 01:22:13.254,265,,2026-08-25,2026-08-26
3f,gpcc_dq_mail,manual__2026-08-24T16:03:33.145055+00:00,dq_check_mail,manual,,2,2026-08-25 01:22:15.825,2026-08-25 01:23:25.523,69,,2026-08-25,2026-08-26
3f,gpcc_dq_mail,manual__2026-08-24T16:03:33.145055+00:00,done_api,manual,,2,2026-08-25 01:23:28.562,2026-08-25 01:23:29.399,0,,2026-08-25,2026-08-26
3f,temp_log_agg,scheduled__2026-08-24T03:00:00+00:00,start,scheduled,,2,2026-08-25 12:00:05.990,2026-08-25 12:00:06.943,0,,2026-08-25,2026-08-26
3f,temp_log_agg,scheduled__2026-08-24T03:00:00+00:00,trigger,scheduled,,2,2026-08-25 12:00:09.834,2026-08-25 12:00:10.330,0,,2026-08-25,2026-08-26
3f,temp_log_agg,scheduled__2026-08-24T03:00:00+00:00,load_log_agg,scheduled,,2,2026-08-25 12:00:12.964,2026-08-25 12:28:29.452,1696,,2026-08-25,2026-08-26
3f,temp_log_agg,scheduled__2026-08-24T03:00:00+00:00,save_log_agg,scheduled,,2,2026-08-25 12:28:32.138,2026-08-25 12:28:53.869,21,,2026-08-25,2026-08-26
3f,temp_log_agg,scheduled__2026-08-24T03:00:00+00:00,log_check_mail,scheduled,,2,2026-08-25 12:28:57.048,2026-08-25 12:29:03.568,6,,2026-08-25,2026-08-26
3f,temp_log_agg,scheduled__2026-08-24T03:00:00+00:00,done_api,scheduled,,2,2026-08-25 12:29:07.092,2026-08-25 12:29:07.924,0,,2026-08-25,2026-08-26
3f,GPCC_stage1_item_feature,scheduled__2026-08-24T10:00:00+00:00,start,scheduled,,2,2026-08-25 19:00:06.267,2026-08-25 19:00:07.343,1,,2026-08-25,2026-08-26
3f,GPCC_stage1_item_feature,scheduled__2026-08-24T10:00:00+00:00,trigger,scheduled,,2,2026-08-25 19:00:10.731,2026-08-25 19:00:11.604,0,,2026-08-25,2026-08-26
3f,GPCC_stage1_item_feature,scheduled__2026-08-24T10:00:00+00:00,make_pipeline_date,scheduled,,2,2026-08-25 19:00:14.977,2026-08-25 19:03:06.865,171,,2026-08-25,2026-08-26
3f,GPCC_stage1_item_feature,scheduled__2026-08-24T10:00:00+00:00,save_pipeline_date,scheduled,,2,2026-08-25 19:03:10.200,2026-08-25 19:03:52.684,42,,2026-08-25,2026-08-26
3f,GPCC_stage1_item_feature,scheduled__2026-08-24T10:00:00+00:00,load_item_meta,scheduled,,2,2026-08-25 19:03:55.499,2026-08-25 19:06:24.375,148,,2026-08-25,2026-08-26
3f,GPCC_stage1_item_feature,scheduled__2026-08-24T10:00:00+00:00,load_item_feature,scheduled,,2,2026-08-25 19:03:56.104,2026-08-25 19:08:10.683,254,,2026-08-25,2026-08-26
3f,GPCC_stage1_item_feature,scheduled__2026-08-24T10:00:00+00:00,load_log_parser,scheduled,,2,2026-08-25 19:03:56.308,2026-08-25 19:10:12.879,376,,2026-08-25,2026-08-26
3f,GPCC_stage1_item_feature,scheduled__2026-08-24T10:00:00+00:00,ItemMetaGenerator,scheduled,,2,2026-08-25 19:10:15.676,2026-08-25 19:14:51.862,276,,2026-08-25,2026-08-26
3f,GPCC_stage1_item_feature,scheduled__2026-08-24T10:00:00+00:00,LogGenerator,scheduled,,2,2026-08-25 19:14:54.830,2026-08-25 19:23:50.397,535,,2026-08-25,2026-08-26
3f,GPCC_stage1_item_feature,scheduled__2026-08-24T10:00:00+00:00,FT_ItemFeature,scheduled,,2,2026-08-25 19:23:54.063,2026-08-25 19:29:56.772,362,,2026-08-25,2026-08-26
3f,GPCC_stage1_item_feature,scheduled__2026-08-24T10:00:00+00:00,save_stage1_mart,scheduled,,2,2026-08-25 19:29:59.364,2026-08-25 19:39:01.244,541,,2026-08-25,2026-08-26
3f,GPCC_stage1_item_feature,scheduled__2026-08-24T10:00:00+00:00,trigger_gpcc_candidate,scheduled,,2,2026-08-25 19:39:04.134,2026-08-25 19:39:07.616,3,,2026-08-25,2026-08-26
3f,GPCC_stage2_select,manual__2026-08-25T10:39:07.007206+00:00,start,manual,,2,2026-08-25 19:39:10.884,2026-08-25 19:39:11.353,0,,2026-08-25,2026-08-26
3f,GPCC_stage1_item_feature,scheduled__2026-08-24T10:00:00+00:00,done_api,scheduled,,2,2026-08-25 19:39:11.531,2026-08-25 19:39:12.140,0,,2026-08-25,2026-08-26
3f,GPCC_stage2_select,manual__2026-08-25T10:39:07.007206+00:00,trigger,manual,,2,2026-08-25 19:39:14.235,2026-08-25 19:39:15.326,1,,2026-08-25,2026-08-26
3f,GPCC_stage2_select,manual__2026-08-25T10:39:07.007206+00:00,save_targeting,manual,,2,2026-08-25 19:39:18.956,2026-08-25 19:41:48.723,149,,2026-08-25,2026-08-26
3f,GPCC_stage2_select,manual__2026-08-25T10:39:07.007206+00:00,save_cs_size,manual,,2,2026-08-25 19:41:51.415,2026-08-25 19:42:40.725,49,,2026-08-25,2026-08-26
3f,GPCC_stage2_select,manual__2026-08-25T10:39:07.007206+00:00,check_c2p_cnt,manual,,2,2026-08-25 19:42:44.300,2026-08-25 19:43:05.523,21,,2026-08-25,2026-08-26
3f,GPCC_stage2_select,manual__2026-08-25T10:39:07.007206+00:00,save_all_c2p,manual,,1,2026-08-25 19:43:05.619,2026-08-25 19:43:05.619,0,,2026-08-25,2026-08-26
3f,GPCC_stage2_select,manual__2026-08-25T10:39:07.007206+00:00,load_user_lgcn_embs,manual,,2,2026-08-25 19:43:08.337,2026-08-25 19:43:36.506,28,,2026-08-25,2026-08-26
3f,GPCC_stage2_select,manual__2026-08-25T10:39:07.007206+00:00,load_user_features,manual,,2,2026-08-25 19:43:08.351,2026-08-25 19:43:39.321,30,,2026-08-25,2026-08-26
3f,GPCC_stage2_select,manual__2026-08-25T10:39:07.007206+00:00,load_dv_features,manual,,2,2026-08-25 19:43:08.556,2026-08-25 19:43:18.812,10,,2026-08-25,2026-08-26
3f,GPCC_stage2_select,manual__2026-08-25T10:39:07.007206+00:00,load_item_emb_feat,manual,,2,2026-08-25 19:43:08.647,2026-08-25 19:43:19.363,10,,2026-08-25,2026-08-26
3f,GPCC_stage2_select,manual__2026-08-25T10:39:07.007206+00:00,load_item_meta,manual,,2,2026-08-25 19:43:08.888,2026-08-25 19:43:20.076,11,,2026-08-25,2026-08-26
3f,GPCC_stage2_select,manual__2026-08-25T10:39:07.007206+00:00,load_item_lgcn_embs,manual,,2,2026-08-25 19:43:09.337,2026-08-25 19:43:20.269,10,,2026-08-25,2026-08-26
3f,GPCC_stage2_select,manual__2026-08-25T10:39:07.007206+00:00,task_prd_pl_inf_pl2mfl3101_v2,manual,,2,2026-08-25 19:43:42.186,2026-08-25 20:13:19.196,1777,,2026-08-25,2026-08-26
3f,gpcc_select_dq_mail,scheduled__2026-08-24T11:00:00+00:00,start,scheduled,,2,2026-08-25 20:00:05.069,2026-08-25 20:00:06.233,1,,2026-08-25,2026-08-26
3f,GPCC_stage2_select,manual__2026-08-25T10:39:07.007206+00:00,save_cs_result,manual,,2,2026-08-25 20:13:22.081,2026-08-25 20:14:59.992,97,,2026-08-25,2026-08-26
3f,GPCC_stage2_select,manual__2026-08-25T10:39:07.007206+00:00,save_gpcc,manual,,2,2026-08-25 20:15:02.643,2026-08-25 20:16:06.626,63,,2026-08-25,2026-08-26
3f,GPCC_stage2_select,manual__2026-08-25T10:39:07.007206+00:00,trigger_stage3,manual,,2,2026-08-25 20:16:09.695,2026-08-25 20:16:13.066,3,,2026-08-25,2026-08-26
3f,GPCC_stage3_interaction_feautre,manual__2026-08-25T11:16:12.589244+00:00,start,manual,,2,2026-08-25 20:16:15.655,2026-08-25 20:16:16.296,0,,2026-08-25,2026-08-26
3f,GPCC_stage2_select,manual__2026-08-25T10:39:07.007206+00:00,done_api,manual,,2,2026-08-25 20:16:16.168,2026-08-25 20:16:16.915,0,,2026-08-25,2026-08-26
3f,GPCC_stage3_interaction_feautre,manual__2026-08-25T11:16:12.589244+00:00,trigger,manual,,2,2026-08-25 20:16:19.783,2026-08-25 20:16:20.424,0,,2026-08-25,2026-08-26
3f,GPCC_stage3_interaction_feautre,manual__2026-08-25T11:16:12.589244+00:00,load_interaction_feature,manual,,2,2026-08-25 20:16:23.310,2026-08-25 20:22:03.906,340,,2026-08-25,2026-08-26
3f,GPCC_stage3_interaction_feautre,manual__2026-08-25T11:16:12.589244+00:00,load_rec_target,manual,,2,2026-08-25 20:16:24.168,2026-08-25 20:16:59.887,35,,2026-08-25,2026-08-26
3f,gpcc_select_dq_mail,scheduled__2026-08-24T11:00:00+00:00,trigger,scheduled,,2,2026-08-25 20:18:51.783,2026-08-25 20:18:52.533,0,,2026-08-25,2026-08-26
3f,gpcc_select_dq_mail,scheduled__2026-08-24T11:00:00+00:00,save_select_wf,scheduled,,2,2026-08-25 20:18:55.706,2026-08-25 20:19:36.367,40,,2026-08-25,2026-08-26
3f,gpcc_select_dq_mail,scheduled__2026-08-24T11:00:00+00:00,save_input_summary,scheduled,,2,2026-08-25 20:18:55.933,2026-08-25 20:19:40.275,44,,2026-08-25,2026-08-26
3f,gpcc_select_dq_mail,scheduled__2026-08-24T11:00:00+00:00,dq_mail,scheduled,,2,2026-08-25 20:19:43.257,2026-08-25 20:19:54.258,11,,2026-08-25,2026-08-26
3f,gpcc_select_dq_mail,scheduled__2026-08-24T11:00:00+00:00,done_api,scheduled,,2,2026-08-25 20:19:57.595,2026-08-25 20:19:58.252,0,,2026-08-25,2026-08-26
3f,GPCC_stage3_interaction_feautre,manual__2026-08-25T11:16:12.589244+00:00,FT_InteractionFeature,manual,,2,2026-08-25 20:22:07.357,2026-08-25 20:30:45.005,517,,2026-08-25,2026-08-26
3f,GPCC_stage3_interaction_feautre,manual__2026-08-25T11:16:12.589244+00:00,save_inter_feature,manual,,2,2026-08-25 20:30:48.510,2026-08-25 20:35:50.648,302,,2026-08-25,2026-08-26
3f,GPCC_stage3_interaction_feautre,manual__2026-08-25T11:16:12.589244+00:00,unload_shared_ft_features,manual,,2,2026-08-25 20:35:53.508,2026-08-25 20:36:39.254,45,,2026-08-25,2026-08-26
3f,GPCC_stage3_interaction_feautre,manual__2026-08-25T11:16:12.589244+00:00,trigger_gv_tgps_bsis,manual,,2,2026-08-25 20:36:42.057,2026-08-25 20:36:46.356,4,,2026-08-25,2026-08-26
3f,GPCC_stage3_interaction_feautre,manual__2026-08-25T11:16:12.589244+00:00,trigger_gv_cntn_info,manual,,2,2026-08-25 20:36:49.705,2026-08-25 20:36:54.896,5,,2026-08-25,2026-08-26
3f,GPCC_stage3_interaction_feautre,manual__2026-08-25T11:16:12.589244+00:00,trigger_gv_cust_bhve_info,manual,,2,2026-08-25 20:36:57.824,2026-08-25 20:37:02.046,4,,2026-08-25,2026-08-26
3f,GPCC_stage3_interaction_feautre,manual__2026-08-25T11:16:12.589244+00:00,preproc_end_alert,manual,,2,2026-08-25 20:37:05.513,2026-08-25 20:37:06.281,0,,2026-08-25,2026-08-26
3f,GPCC_stage3_interaction_feautre,manual__2026-08-25T11:16:12.589244+00:00,done_api,manual,,2,2026-08-25 20:37:09.356,2026-08-25 20:37:09.884,0,,2026-08-25,2026-08-26
3f,GPCC_mthly_execute_trigger,scheduled__2026-08-24T12:30:00+00:00,start,scheduled,,2,2026-08-25 21:30:06.009,2026-08-25 21:30:06.828,0,,2026-08-25,2026-08-26
3f,GPCC_mthly_execute_trigger,scheduled__2026-08-24T12:30:00+00:00,trigger,scheduled,,2,2026-08-25 21:30:09.881,2026-08-25 21:30:10.290,0,,2026-08-25,2026-08-26
3f,GPCC_mthly_execute_trigger,scheduled__2026-08-24T12:30:00+00:00,trigger_execute_date,scheduled,,2,2026-08-25 21:30:13.936,2026-08-25 21:30:23.454,9,,2026-08-25,2026-08-26
3f,GPCC_mthly_execute_trigger,scheduled__2026-08-24T12:30:00+00:00,fail_empty_mail,scheduled,,1,2026-08-25 21:30:23.666,2026-08-25 21:30:23.666,0,,2026-08-25,2026-08-26
3f,GPCC_mthly_execute_trigger,scheduled__2026-08-24T12:30:00+00:00,trigger_mthly_rec_result,scheduled,,2,2026-08-25 21:30:26.669,2026-08-25 21:30:30.302,3,,2026-08-25,2026-08-26
3f,GPCC_mthly_execute_trigger,scheduled__2026-08-24T12:30:00+00:00,done_api,scheduled,,2,2026-08-25 21:30:33.480,2026-08-25 21:30:34.244,0,,2026-08-25,2026-08-26
3f,GPCC_mthly_rec_result,manual__2026-08-25T12:30:29.759682+00:00,start,manual,,2,2026-08-25 21:30:33.662,2026-08-25 21:30:34.462,0,,2026-08-25,2026-08-26
3f,GPCC_mthly_rec_result,manual__2026-08-25T12:30:29.759682+00:00,trigger,manual,,2,2026-08-25 21:30:37.111,2026-08-25 21:30:37.693,0,,2026-08-25,2026-08-26
3f,GPCC_mthly_rec_result,manual__2026-08-25T12:30:29.759682+00:00,make_pipeline_date,manual,,2,2026-08-25 21:30:41.017,2026-08-25 21:33:19.999,158,,2026-08-25,2026-08-26
3f,GPCC_mthly_rec_result,manual__2026-08-25T12:30:29.759682+00:00,load_rec_target,manual,,2,2026-08-25 21:33:23.295,2026-08-25 21:34:28.046,64,,2026-08-25,2026-08-26
3f,GPCC_mthly_rec_result,manual__2026-08-25T12:30:29.759682+00:00,mk_mthly_rec_result,manual,,2,2026-08-25 21:34:31.552,2026-08-25 21:44:57.811,626,,2026-08-25,2026-08-26
3f,GPCC_mthly_rec_result,manual__2026-08-25T12:30:29.759682+00:00,save_rec_result,manual,,2,2026-08-25 21:45:00.462,2026-08-25 21:49:32.585,272,,2026-08-25,2026-08-26
3f,GPCC_mthly_rec_result,manual__2026-08-25T12:30:29.759682+00:00,mthly_dq_check,manual,,2,2026-08-25 21:49:35.565,2026-08-25 21:51:42.415,126,,2026-08-25,2026-08-26
3f,GPCC_mthly_rec_result,manual__2026-08-25T12:30:29.759682+00:00,dq_check_mail,manual,,2,2026-08-25 21:51:45.093,2026-08-25 21:51:51.003,5,,2026-08-25,2026-08-26
3f,GPCC_mthly_rec_result,manual__2026-08-25T12:30:29.759682+00:00,done_api,manual,,2,2026-08-25 21:51:54.105,2026-08-25 21:51:54.836,0,,2026-08-25,2026-08-26
3f,duplicate_ft_result_check,scheduled__2026-08-24T14:40:00+00:00,start,scheduled,,2,2026-08-25 23:40:05.315,2026-08-25 23:40:05.956,0,,2026-08-25,2026-08-26
3f,GPCC_stage4_post_proc,scheduled__2026-08-24T14:40:00+00:00,start,scheduled,,2,2026-08-25 23:40:07.873,2026-08-25 23:40:08.475,0,,2026-08-25,2026-08-26
3f,duplicate_ft_result_check,scheduled__2026-08-24T14:40:00+00:00,trigger,scheduled,,2,2026-08-25 23:50:15.323,2026-08-25 23:50:15.971,0,,2026-08-25,2026-08-26
3f,GPCC_stage4_post_proc,scheduled__2026-08-24T14:40:00+00:00,trigger,scheduled,,2,2026-08-25 23:50:15.572,2026-08-25 23:50:16.387,0,,2026-08-25,2026-08-26
3f,duplicate_ft_result_check,scheduled__2026-08-24T14:40:00+00:00,check_duplicate,scheduled,,2,2026-08-25 23:50:19.108,2026-08-25 23:51:02.970,43,,2026-08-25,2026-08-26
3f,GPCC_stage4_post_proc,scheduled__2026-08-24T14:40:00+00:00,check_duplicate,scheduled,,2,2026-08-25 23:50:19.908,2026-08-25 23:50:43.568,23,,2026-08-25,2026-08-26
3f,GPCC_stage4_post_proc,scheduled__2026-08-24T14:40:00+00:00,load_rec_result,scheduled,,2,2026-08-25 23:50:46.544,2026-08-25 23:52:31.880,105,,2026-08-25,2026-08-26
3f,duplicate_ft_result_check,scheduled__2026-08-24T14:40:00+00:00,ft_result_dup_check_mail,scheduled,,2,2026-08-25 23:51:06.477,2026-08-25 23:51:12.466,5,,2026-08-25,2026-08-26
3f,duplicate_ft_result_check,scheduled__2026-08-24T14:40:00+00:00,done_api,scheduled,,2,2026-08-25 23:51:15.730,2026-08-25 23:51:16.300,0,,2026-08-25,2026-08-26
3f,GPCC_stage4_post_proc,scheduled__2026-08-24T14:40:00+00:00,RecResult,scheduled,,2,2026-08-25 23:52:34.546,2026-08-25 23:58:46.051,371,,2026-08-26,2026-08-27
3f,GPCC_stage4_post_proc,scheduled__2026-08-24T14:40:00+00:00,save_rec_result,scheduled,,2,2026-08-25 23:58:49.078,2026-08-26 00:03:11.477,262,,2026-08-26,2026-08-27
3f,GPCC_stage4_post_proc,scheduled__2026-08-24T14:40:00+00:00,check_dd_rec_result,scheduled,,2,2026-08-26 00:03:14.082,2026-08-26 00:03:37.735,23,,2026-08-26,2026-08-27
3f,GPCC_stage4_post_proc,scheduled__2026-08-24T14:40:00+00:00,trigger_mark_success_all_success,scheduled,,2,2026-08-26 00:03:40.737,2026-08-26 00:03:43.315,2,,2026-08-26,2026-08-27
3f,GPCC_stage4_post_proc,scheduled__2026-08-24T14:40:00+00:00,trigger_sg_workflow_if_one_failed,scheduled,,1,2026-08-26 00:03:43.445,2026-08-26 00:03:43.445,0,,2026-08-26,2026-08-27
3f,GPCC_stage4_post_proc,scheduled__2026-08-24T14:40:00+00:00,done_api,scheduled,,1,2026-08-26 00:03:43.564,2026-08-26 00:03:43.564,0,,2026-08-26,2026-08-27
3f,gpcc_mark_success,manual__2026-08-25T15:03:42.623352+00:00,start,manual,,2,2026-08-26 00:03:46.690,2026-08-26 00:03:47.356,0,,2026-08-26,2026-08-27
3f,gpcc_mark_success,manual__2026-08-25T15:03:42.623352+00:00,trigger,manual,,2,2026-08-26 00:03:50.988,2026-08-26 00:03:51.491,0,,2026-08-26,2026-08-27
3f,gpcc_mark_success,manual__2026-08-25T15:03:42.623352+00:00,check_mark_success,manual,,2,2026-08-26 00:03:54.621,2026-08-26 00:04:09.297,14,,2026-08-26,2026-08-27
3f,gpcc_mark_success,manual__2026-08-25T15:03:42.623352+00:00,done_api,manual,,2,2026-08-26 00:04:12.959,2026-08-26 00:04:13.461,0,,2026-08-26,2026-08-27
3f,gpcc_dd_transfer,scheduled__2026-08-24T16:00:00+00:00,start,scheduled,,2,2026-08-26 01:00:05.474,2026-08-26 01:00:06.189,0,,2026-08-26,2026-08-27
3f,gpcc_dd_transfer,scheduled__2026-08-24T16:00:00+00:00,trigger,scheduled,,2,2026-08-26 01:00:08.859,2026-08-26 01:00:09.805,0,,2026-08-26,2026-08-27
3f,gpcc_dd_transfer,scheduled__2026-08-24T16:00:00+00:00,transfer_table,scheduled,,2,2026-08-26 01:00:12.998,2026-08-26 01:03:31.538,198,,2026-08-26,2026-08-27
3f,gpcc_dd_transfer,scheduled__2026-08-24T16:00:00+00:00,unload_oo3f_rec_benefit_result,scheduled,,2,2026-08-26 01:03:34.419,2026-08-26 01:03:56.275,21,,2026-08-26,2026-08-27
3f,gpcc_dd_transfer,scheduled__2026-08-24T16:00:00+00:00,trigger_arbiter_transfer,scheduled,,2,2026-08-26 01:03:34.644,2026-08-26 01:03:35.158,0,,2026-08-26,2026-08-27
3f,gpcc_dd_transfer,scheduled__2026-08-24T16:00:00+00:00,trigger_dq_check_mail,scheduled,,2,2026-08-26 01:03:34.963,2026-08-26 01:03:38.252,3,,2026-08-26,2026-08-27
3f,gpcc_dq_mail,manual__2026-08-25T16:03:37.712110+00:00,start,manual,,2,2026-08-26 01:03:41.000,2026-08-26 01:03:41.699,0,,2026-08-26,2026-08-27
3f,gpcc_dq_mail,manual__2026-08-25T16:03:37.712110+00:00,trigger,manual,,2,2026-08-26 01:03:44.372,2026-08-26 01:03:45.139,0,,2026-08-26,2026-08-27
3f,gpcc_dq_mail,manual__2026-08-25T16:03:37.712110+00:00,unload_dq_check,manual,,2,2026-08-26 01:03:48.243,2026-08-26 01:07:18.839,210,,2026-08-26,2026-08-27
3f,gpcc_dq_mail,manual__2026-08-25T16:03:37.712110+00:00,unload_dq_candidate,manual,,2,2026-08-26 01:03:48.976,2026-08-26 01:04:33.511,44,,2026-08-26,2026-08-27
3f,gpcc_dd_transfer,scheduled__2026-08-24T16:00:00+00:00,sink_cms_transfer,scheduled,,2,2026-08-26 01:03:59.740,2026-08-26 01:18:34.187,874,,2026-08-26,2026-08-27
3f,gpcc_dq_mail,manual__2026-08-25T16:03:37.712110+00:00,DQcheck,manual,,2,2026-08-26 01:07:21.858,2026-08-26 01:17:38.443,616,,2026-08-26,2026-08-27
3f,gpcc_dq_mail,manual__2026-08-25T16:03:37.712110+00:00,save_dq_summary,manual,,2,2026-08-26 01:17:41.851,2026-08-26 01:22:11.084,269,,2026-08-26,2026-08-27
3f,gpcc_dd_transfer,scheduled__2026-08-24T16:00:00+00:00,done_api,scheduled,,2,2026-08-26 01:18:36.952,2026-08-26 01:18:37.766,0,,2026-08-26,2026-08-27
3f,gpcc_dq_mail,manual__2026-08-25T16:03:37.712110+00:00,dq_check_mail,manual,,2,2026-08-26 01:22:14.551,2026-08-26 01:23:23.566,69,,2026-08-26,2026-08-27
3f,gpcc_dq_mail,manual__2026-08-25T16:03:37.712110+00:00,done_api,manual,,2,2026-08-26 01:23:27.026,2026-08-26 01:23:27.752,0,,2026-08-26,2026-08-27
3f,temp_log_agg,scheduled__2026-08-25T03:00:00+00:00,start,scheduled,,2,2026-08-26 12:00:04.731,2026-08-26 12:00:05.749,1,,2026-08-26,2026-08-27
3f,temp_log_agg,scheduled__2026-08-25T03:00:00+00:00,trigger,scheduled,,2,2026-08-26 12:00:08.515,2026-08-26 12:00:09.005,0,,2026-08-26,2026-08-27
3f,temp_log_agg,scheduled__2026-08-25T03:00:00+00:00,load_log_agg,scheduled,,2,2026-08-26 12:00:12.344,2026-08-26 12:28:28.108,1695,,2026-08-26,2026-08-27
3f,temp_log_agg,scheduled__2026-08-25T03:00:00+00:00,save_log_agg,scheduled,,2,2026-08-26 12:28:31.505,2026-08-26 12:28:50.446,18,,2026-08-26,2026-08-27
3f,temp_log_agg,scheduled__2026-08-25T03:00:00+00:00,log_check_mail,scheduled,,2,2026-08-26 12:28:53.538,2026-08-26 12:28:59.747,6,,2026-08-26,2026-08-27
3f,temp_log_agg,scheduled__2026-08-25T03:00:00+00:00,done_api,scheduled,,2,2026-08-26 12:29:02.848,2026-08-26 12:29:03.415,0,,2026-08-26,2026-08-27
3f,GPCC_stage1_item_feature,scheduled__2026-08-25T10:00:00+00:00,start,scheduled,,2,2026-08-26 19:00:06.937,2026-08-26 19:00:08.050,1,,2026-08-26,2026-08-27
3f,GPCC_stage1_item_feature,scheduled__2026-08-25T10:00:00+00:00,trigger,scheduled,,2,2026-08-26 19:00:10.951,2026-08-26 19:00:11.850,0,,2026-08-26,2026-08-27
3f,GPCC_stage1_item_feature,scheduled__2026-08-25T10:00:00+00:00,make_pipeline_date,scheduled,,2,2026-08-26 19:00:14.524,2026-08-26 19:03:04.214,169,,2026-08-26,2026-08-27
3f,GPCC_stage1_item_feature,scheduled__2026-08-25T10:00:00+00:00,save_pipeline_date,scheduled,,2,2026-08-26 19:03:07.908,2026-08-26 19:03:46.396,38,,2026-08-26,2026-08-27
3f,GPCC_stage1_item_feature,scheduled__2026-08-25T10:00:00+00:00,load_item_meta,scheduled,,2,2026-08-26 19:03:49.090,2026-08-26 19:06:10.584,141,,2026-08-26,2026-08-27
3f,GPCC_stage1_item_feature,scheduled__2026-08-25T10:00:00+00:00,load_item_feature,scheduled,,2,2026-08-26 19:03:49.378,2026-08-26 19:07:35.949,226,,2026-08-26,2026-08-27
3f,GPCC_stage1_item_feature,scheduled__2026-08-25T10:00:00+00:00,load_log_parser,scheduled,,2,2026-08-26 19:03:49.520,2026-08-26 19:10:11.026,381,,2026-08-26,2026-08-27
3f,GPCC_stage1_item_feature,scheduled__2026-08-25T10:00:00+00:00,ItemMetaGenerator,scheduled,,2,2026-08-26 19:10:14.345,2026-08-26 19:14:31.333,256,,2026-08-26,2026-08-27
3f,GPCC_stage1_item_feature,scheduled__2026-08-25T10:00:00+00:00,LogGenerator,scheduled,,2,2026-08-26 19:14:34.894,2026-08-26 19:22:54.187,499,,2026-08-26,2026-08-27
3f,GPCC_stage1_item_feature,scheduled__2026-08-25T10:00:00+00:00,FT_ItemFeature,scheduled,,2,2026-08-26 19:22:56.936,2026-08-26 19:28:58.442,361,,2026-08-26,2026-08-27
3f,GPCC_stage1_item_feature,scheduled__2026-08-25T10:00:00+00:00,save_stage1_mart,scheduled,,2,2026-08-26 19:29:01.618,2026-08-26 19:37:27.298,505,,2026-08-26,2026-08-27
3f,GPCC_stage1_item_feature,scheduled__2026-08-25T10:00:00+00:00,trigger_gpcc_candidate,scheduled,,2,2026-08-26 19:37:30.407,2026-08-26 19:37:33.969,3,,2026-08-26,2026-08-27
3f,GPCC_stage2_select,manual__2026-08-26T10:37:33.373911+00:00,start,manual,,2,2026-08-26 19:37:36.838,2026-08-26 19:37:37.345,0,,2026-08-26,2026-08-27
3f,GPCC_stage1_item_feature,scheduled__2026-08-25T10:00:00+00:00,done_api,scheduled,,2,2026-08-26 19:37:37.439,2026-08-26 19:37:37.962,0,,2026-08-26,2026-08-27
3f,GPCC_stage2_select,manual__2026-08-26T10:37:33.373911+00:00,trigger,manual,,2,2026-08-26 19:37:40.774,2026-08-26 19:37:41.825,1,,2026-08-26,2026-08-27
3f,GPCC_stage2_select,manual__2026-08-26T10:37:33.373911+00:00,save_targeting,manual,,2,2026-08-26 19:37:45.188,2026-08-26 19:40:47.076,181,,2026-08-26,2026-08-27
3f,GPCC_stage2_select,manual__2026-08-26T10:37:33.373911+00:00,save_cs_size,manual,,2,2026-08-26 19:40:50.140,2026-08-26 19:41:49.584,59,,2026-08-26,2026-08-27
3f,GPCC_stage2_select,manual__2026-08-26T10:37:33.373911+00:00,check_c2p_cnt,manual,,2,2026-08-26 19:41:52.672,2026-08-26 19:42:16.626,23,,2026-08-26,2026-08-27
3f,GPCC_stage2_select,manual__2026-08-26T10:37:33.373911+00:00,save_all_c2p,manual,,1,2026-08-26 19:42:16.720,2026-08-26 19:42:16.720,0,,2026-08-26,2026-08-27
3f,GPCC_stage2_select,manual__2026-08-26T10:37:33.373911+00:00,load_user_features,manual,,2,2026-08-26 19:42:19.325,2026-08-26 19:42:51.425,32,,2026-08-26,2026-08-27
3f,GPCC_stage2_select,manual__2026-08-26T10:37:33.373911+00:00,load_dv_features,manual,,2,2026-08-26 19:42:19.621,2026-08-26 19:42:31.538,11,,2026-08-26,2026-08-27
3f,GPCC_stage2_select,manual__2026-08-26T10:37:33.373911+00:00,load_item_meta,manual,,2,2026-08-26 19:42:20.247,2026-08-26 19:42:32.153,11,,2026-08-26,2026-08-27
3f,GPCC_stage2_select,manual__2026-08-26T10:37:33.373911+00:00,load_item_emb_feat,manual,,2,2026-08-26 19:42:20.293,2026-08-26 19:42:33.255,12,,2026-08-26,2026-08-27
3f,GPCC_stage2_select,manual__2026-08-26T10:37:33.373911+00:00,load_item_lgcn_embs,manual,,2,2026-08-26 19:42:20.490,2026-08-26 19:42:32.587,12,,2026-08-26,2026-08-27
3f,GPCC_stage2_select,manual__2026-08-26T10:37:33.373911+00:00,load_user_lgcn_embs,manual,,2,2026-08-26 19:42:20.562,2026-08-26 19:42:54.946,34,,2026-08-26,2026-08-27
3f,GPCC_stage2_select,manual__2026-08-26T10:37:33.373911+00:00,task_prd_pl_inf_pl2mfl3101_v2,manual,,2,2026-08-26 19:42:57.899,2026-08-26 20:14:23.245,1885,,2026-08-26,2026-08-27
3f,gpcc_select_dq_mail,scheduled__2026-08-25T11:00:00+00:00,start,scheduled,,2,2026-08-26 20:00:04.983,2026-08-26 20:00:06.153,1,,2026-08-26,2026-08-27
3f,GPCC_stage2_select,manual__2026-08-26T10:37:33.373911+00:00,save_cs_result,manual,,2,2026-08-26 20:14:26.329,2026-08-26 20:16:23.582,117,,2026-08-26,2026-08-27
3f,GPCC_stage2_select,manual__2026-08-26T10:37:33.373911+00:00,save_gpcc,manual,,2,2026-08-26 20:16:27.240,2026-08-26 20:17:49.195,81,,2026-08-26,2026-08-27
3f,GPCC_stage2_select,manual__2026-08-26T10:37:33.373911+00:00,trigger_stage3,manual,,2,2026-08-26 20:17:52.226,2026-08-26 20:17:55.808,3,,2026-08-26,2026-08-27
3f,GPCC_stage3_interaction_feautre,manual__2026-08-26T11:17:55.240354+00:00,start,manual,,2,2026-08-26 20:17:58.496,2026-08-26 20:17:59.132,0,,2026-08-26,2026-08-27
3f,GPCC_stage2_select,manual__2026-08-26T10:37:33.373911+00:00,done_api,manual,,2,2026-08-26 20:17:59.287,2026-08-26 20:17:59.870,0,,2026-08-26,2026-08-27
3f,GPCC_stage3_interaction_feautre,manual__2026-08-26T11:17:55.240354+00:00,trigger,manual,,2,2026-08-26 20:18:02.751,2026-08-26 20:18:03.346,0,,2026-08-26,2026-08-27
3f,GPCC_stage3_interaction_feautre,manual__2026-08-26T11:17:55.240354+00:00,load_rec_target,manual,,2,2026-08-26 20:18:06.697,2026-08-26 20:18:52.105,45,,2026-08-26,2026-08-27
3f,GPCC_stage3_interaction_feautre,manual__2026-08-26T11:17:55.240354+00:00,load_interaction_feature,manual,,2,2026-08-26 20:18:06.722,2026-08-26 20:23:59.332,352,,2026-08-26,2026-08-27
3f,gpcc_select_dq_mail,scheduled__2026-08-25T11:00:00+00:00,trigger,scheduled,,2,2026-08-26 20:20:58.784,2026-08-26 20:20:59.630,0,,2026-08-26,2026-08-27
3f,gpcc_select_dq_mail,scheduled__2026-08-25T11:00:00+00:00,save_input_summary,scheduled,,2,2026-08-26 20:21:03.061,2026-08-26 20:21:45.799,42,,2026-08-26,2026-08-27
3f,gpcc_select_dq_mail,scheduled__2026-08-25T11:00:00+00:00,save_select_wf,scheduled,,2,2026-08-26 20:21:03.556,2026-08-26 20:21:47.725,44,,2026-08-26,2026-08-27
3f,gpcc_select_dq_mail,scheduled__2026-08-25T11:00:00+00:00,dq_mail,scheduled,,2,2026-08-26 20:21:50.796,2026-08-26 20:22:01.887,11,,2026-08-26,2026-08-27
3f,gpcc_select_dq_mail,scheduled__2026-08-25T11:00:00+00:00,done_api,scheduled,,2,2026-08-26 20:22:04.910,2026-08-26 20:22:05.596,0,,2026-08-26,2026-08-27
3f,GPCC_stage3_interaction_feautre,manual__2026-08-26T11:17:55.240354+00:00,FT_InteractionFeature,manual,,2,2026-08-26 20:24:02.915,2026-08-26 20:33:12.512,549,,2026-08-26,2026-08-27
3f,GPCC_stage3_interaction_feautre,manual__2026-08-26T11:17:55.240354+00:00,save_inter_feature,manual,,2,2026-08-26 20:33:16.103,2026-08-26 20:38:56.005,339,,2026-08-26,2026-08-27
3f,GPCC_stage3_interaction_feautre,manual__2026-08-26T11:17:55.240354+00:00,unload_shared_ft_features,manual,,2,2026-08-26 20:38:58.757,2026-08-26 20:39:53.716,54,,2026-08-26,2026-08-27
3f,GPCC_stage3_interaction_feautre,manual__2026-08-26T11:17:55.240354+00:00,trigger_gv_tgps_bsis,manual,,2,2026-08-26 20:39:56.413,2026-08-26 20:40:00.596,4,,2026-08-26,2026-08-27
3f,GPCC_stage3_interaction_feautre,manual__2026-08-26T11:17:55.240354+00:00,trigger_gv_cntn_info,manual,,2,2026-08-26 20:40:04.110,2026-08-26 20:40:09.112,5,,2026-08-26,2026-08-27
3f,GPCC_stage3_interaction_feautre,manual__2026-08-26T11:17:55.240354+00:00,trigger_gv_cust_bhve_info,manual,,2,2026-08-26 20:40:11.720,2026-08-26 20:40:15.969,4,,2026-08-26,2026-08-27
3f,GPCC_stage3_interaction_feautre,manual__2026-08-26T11:17:55.240354+00:00,preproc_end_alert,manual,,2,2026-08-26 20:40:19.263,2026-08-26 20:40:20.064,0,,2026-08-26,2026-08-27
3f,GPCC_stage3_interaction_feautre,manual__2026-08-26T11:17:55.240354+00:00,done_api,manual,,2,2026-08-26 20:40:23.356,2026-08-26 20:40:24.034,0,,2026-08-26,2026-08-27
3f,GPCC_mthly_execute_trigger,scheduled__2026-08-25T12:30:00+00:00,start,scheduled,,2,2026-08-26 21:30:04.312,2026-08-26 21:30:05.119,0,,2026-08-26,2026-08-27
3f,GPCC_mthly_execute_trigger,scheduled__2026-08-25T12:30:00+00:00,trigger,scheduled,,2,2026-08-26 21:30:08.541,2026-08-26 21:30:08.965,0,,2026-08-26,2026-08-27
3f,GPCC_mthly_execute_trigger,scheduled__2026-08-25T12:30:00+00:00,trigger_execute_date,scheduled,,2,2026-08-26 21:30:11.991,2026-08-26 21:30:25.564,13,,2026-08-26,2026-08-27
3f,GPCC_mthly_execute_trigger,scheduled__2026-08-25T12:30:00+00:00,fail_empty_mail,scheduled,,1,2026-08-26 21:30:25.648,2026-08-26 21:30:25.648,0,,2026-08-26,2026-08-27
3f,GPCC_mthly_execute_trigger,scheduled__2026-08-25T12:30:00+00:00,trigger_mthly_rec_result,scheduled,,2,2026-08-26 21:30:28.286,2026-08-26 21:30:32.078,3,,2026-08-26,2026-08-27
3f,GPCC_mthly_execute_trigger,scheduled__2026-08-25T12:30:00+00:00,done_api,scheduled,,2,2026-08-26 21:30:34.902,2026-08-26 21:30:35.554,0,,2026-08-26,2026-08-27
3f,GPCC_mthly_rec_result,manual__2026-08-26T12:30:31.376839+00:00,start,manual,,2,2026-08-26 21:30:35.113,2026-08-26 21:30:35.872,0,,2026-08-26,2026-08-27
3f,GPCC_mthly_rec_result,manual__2026-08-26T12:30:31.376839+00:00,trigger,manual,,2,2026-08-26 21:30:39.218,2026-08-26 21:30:39.789,0,,2026-08-26,2026-08-27
3f,GPCC_mthly_rec_result,manual__2026-08-26T12:30:31.376839+00:00,make_pipeline_date,manual,,2,2026-08-26 21:30:42.760,2026-08-26 21:33:45.726,182,,2026-08-26,2026-08-27
3f,GPCC_mthly_rec_result,manual__2026-08-26T12:30:31.376839+00:00,load_rec_target,manual,,2,2026-08-26 21:33:48.814,2026-08-26 21:34:57.440,68,,2026-08-26,2026-08-27
3f,GPCC_mthly_rec_result,manual__2026-08-26T12:30:31.376839+00:00,mk_mthly_rec_result,manual,,2,2026-08-26 21:35:00.305,2026-08-26 21:45:50.840,650,,2026-08-26,2026-08-27
3f,GPCC_mthly_rec_result,manual__2026-08-26T12:30:31.376839+00:00,save_rec_result,manual,,2,2026-08-26 21:45:54.120,2026-08-26 21:50:45.976,291,,2026-08-26,2026-08-27
3f,GPCC_mthly_rec_result,manual__2026-08-26T12:30:31.376839+00:00,mthly_dq_check,manual,,2,2026-08-26 21:50:49.127,2026-08-26 21:52:59.254,130,,2026-08-26,2026-08-27
3f,GPCC_mthly_rec_result,manual__2026-08-26T12:30:31.376839+00:00,dq_check_mail,manual,,2,2026-08-26 21:53:01.923,2026-08-26 21:53:08.426,6,,2026-08-26,2026-08-27
3f,GPCC_mthly_rec_result,manual__2026-08-26T12:30:31.376839+00:00,done_api,manual,,2,2026-08-26 21:53:11.635,2026-08-26 21:53:12.298,0,,2026-08-26,2026-08-27
3f,GPCC_stage4_post_proc,scheduled__2026-08-25T14:40:00+00:00,start,scheduled,,2,2026-08-26 23:40:04.956,2026-08-26 23:40:05.568,0,,2026-08-26,2026-08-27
3f,duplicate_ft_result_check,scheduled__2026-08-25T14:40:00+00:00,start,scheduled,,2,2026-08-26 23:40:07.043,2026-08-26 23:40:07.611,0,,2026-08-26,2026-08-27
3f,duplicate_ft_result_check,scheduled__2026-08-25T14:40:00+00:00,trigger,scheduled,,2,2026-08-26 23:50:37.636,2026-08-26 23:50:38.280,0,,2026-08-26,2026-08-27
3f,GPCC_stage4_post_proc,scheduled__2026-08-25T14:40:00+00:00,trigger,scheduled,,2,2026-08-26 23:50:38.290,2026-08-26 23:50:39.108,0,,2026-08-26,2026-08-27
3f,duplicate_ft_result_check,scheduled__2026-08-25T14:40:00+00:00,check_duplicate,scheduled,,2,2026-08-26 23:50:41.748,2026-08-26 23:51:25.024,43,,2026-08-26,2026-08-27
3f,GPCC_stage4_post_proc,scheduled__2026-08-25T14:40:00+00:00,check_duplicate,scheduled,,2,2026-08-26 23:50:42.180,2026-08-26 23:51:03.585,21,,2026-08-26,2026-08-27
3f,GPCC_stage4_post_proc,scheduled__2026-08-25T14:40:00+00:00,load_rec_result,scheduled,,2,2026-08-26 23:51:07.117,2026-08-26 23:52:40.055,92,,2026-08-26,2026-08-27
3f,duplicate_ft_result_check,scheduled__2026-08-25T14:40:00+00:00,ft_result_dup_check_mail,scheduled,,2,2026-08-26 23:51:27.733,2026-08-26 23:51:33.596,5,,2026-08-26,2026-08-27
3f,duplicate_ft_result_check,scheduled__2026-08-25T14:40:00+00:00,done_api,scheduled,,2,2026-08-26 23:51:37.256,2026-08-26 23:51:37.758,0,,2026-08-26,2026-08-27
3f,GPCC_stage4_post_proc,scheduled__2026-08-25T14:40:00+00:00,RecResult,scheduled,,2,2026-08-26 23:52:43.484,2026-08-26 23:58:49.590,366,,2026-08-27,2026-08-28
3f,GPCC_stage4_post_proc,scheduled__2026-08-25T14:40:00+00:00,save_rec_result,scheduled,,2,2026-08-26 23:58:52.619,2026-08-27 00:02:22.494,209,,2026-08-27,2026-08-28
3f,GPCC_stage4_post_proc,scheduled__2026-08-25T14:40:00+00:00,check_dd_rec_result,scheduled,,2,2026-08-27 00:02:25.415,2026-08-27 00:02:46.855,21,,2026-08-27,2026-08-28
3f,GPCC_stage4_post_proc,scheduled__2026-08-25T14:40:00+00:00,trigger_mark_success_all_success,scheduled,,2,2026-08-27 00:02:49.590,2026-08-27 00:02:52.104,2,,2026-08-27,2026-08-28
3f,GPCC_stage4_post_proc,scheduled__2026-08-25T14:40:00+00:00,trigger_sg_workflow_if_one_failed,scheduled,,1,2026-08-27 00:02:52.210,2026-08-27 00:02:52.210,0,,2026-08-27,2026-08-28
3f,GPCC_stage4_post_proc,scheduled__2026-08-25T14:40:00+00:00,done_api,scheduled,,1,2026-08-27 00:02:52.409,2026-08-27 00:02:52.409,0,,2026-08-27,2026-08-28
3f,gpcc_mark_success,manual__2026-08-26T15:02:51.560518+00:00,start,manual,,2,2026-08-27 00:02:55.393,2026-08-27 00:02:56.104,0,,2026-08-27,2026-08-28
3f,gpcc_mark_success,manual__2026-08-26T15:02:51.560518+00:00,trigger,manual,,2,2026-08-27 00:02:59.650,2026-08-27 00:03:00.142,0,,2026-08-27,2026-08-28
3f,gpcc_mark_success,manual__2026-08-26T15:02:51.560518+00:00,check_mark_success,manual,,2,2026-08-27 00:03:02.996,2026-08-27 00:03:15.585,12,,2026-08-27,2026-08-28
3f,gpcc_mark_success,manual__2026-08-26T15:02:51.560518+00:00,done_api,manual,,2,2026-08-27 00:03:19.002,2026-08-27 00:03:19.687,0,,2026-08-27,2026-08-28
3f,gpcc_dd_transfer,scheduled__2026-08-25T16:00:00+00:00,start,scheduled,,2,2026-08-27 01:00:04.459,2026-08-27 01:00:05.205,0,,2026-08-27,2026-08-28
3f,gpcc_dd_transfer,scheduled__2026-08-25T16:00:00+00:00,trigger,scheduled,,2,2026-08-27 01:00:08.828,2026-08-27 01:00:09.871,1,,2026-08-27,2026-08-28
3f,gpcc_dd_transfer,scheduled__2026-08-25T16:00:00+00:00,transfer_table,scheduled,,2,2026-08-27 01:00:12.570,2026-08-27 01:03:14.411,181,,2026-08-27,2026-08-28
3f,gpcc_dd_transfer,scheduled__2026-08-25T16:00:00+00:00,unload_oo3f_rec_benefit_result,scheduled,,2,2026-08-27 01:03:17.384,2026-08-27 01:03:38.586,21,,2026-08-27,2026-08-28
3f,gpcc_dd_transfer,scheduled__2026-08-25T16:00:00+00:00,trigger_dq_check_mail,scheduled,,2,2026-08-27 01:03:17.794,2026-08-27 01:03:21.499,3,,2026-08-27,2026-08-28
3f,gpcc_dd_transfer,scheduled__2026-08-25T16:00:00+00:00,trigger_arbiter_transfer,scheduled,,2,2026-08-27 01:03:18.225,2026-08-27 01:03:18.793,0,,2026-08-27,2026-08-28
3f,gpcc_dq_mail,manual__2026-08-26T16:03:20.785729+00:00,start,manual,,2,2026-08-27 01:03:24.896,2026-08-27 01:03:25.643,0,,2026-08-27,2026-08-28
3f,gpcc_dq_mail,manual__2026-08-26T16:03:20.785729+00:00,trigger,manual,,2,2026-08-27 01:03:29.151,2026-08-27 01:03:29.977,0,,2026-08-27,2026-08-28
3f,gpcc_dq_mail,manual__2026-08-26T16:03:20.785729+00:00,unload_dq_candidate,manual,,2,2026-08-27 01:03:33.360,2026-08-27 01:04:18.954,45,,2026-08-27,2026-08-28
3f,gpcc_dq_mail,manual__2026-08-26T16:03:20.785729+00:00,unload_dq_check,manual,,2,2026-08-27 01:03:33.539,2026-08-27 01:06:46.642,193,,2026-08-27,2026-08-28
3f,gpcc_dd_transfer,scheduled__2026-08-25T16:00:00+00:00,sink_cms_transfer,scheduled,,2,2026-08-27 01:03:41.537,2026-08-27 01:16:34.632,773,,2026-08-27,2026-08-28
3f,gpcc_dq_mail,manual__2026-08-26T16:03:20.785729+00:00,DQcheck,manual,,2,2026-08-27 01:06:49.540,2026-08-27 01:18:12.531,682,,2026-08-27,2026-08-28
3f,gpcc_dd_transfer,scheduled__2026-08-25T16:00:00+00:00,done_api,scheduled,,2,2026-08-27 01:16:38.231,2026-08-27 01:16:38.953,0,,2026-08-27,2026-08-28
3f,gpcc_dq_mail,manual__2026-08-26T16:03:20.785729+00:00,save_dq_summary,manual,,2,2026-08-27 01:18:15.442,2026-08-27 01:23:07.656,292,,2026-08-27,2026-08-28
3f,gpcc_dq_mail,manual__2026-08-26T16:03:20.785729+00:00,dq_check_mail,manual,,2,2026-08-27 01:23:10.657,2026-08-27 01:24:20.399,69,,2026-08-27,2026-08-28
3f,gpcc_dq_mail,manual__2026-08-26T16:03:20.785729+00:00,done_api,manual,,2,2026-08-27 01:24:23.166,2026-08-27 01:24:23.955,0,,2026-08-27,2026-08-28
3f,GPCC_train,scheduled__2026-08-23T21:00:00+00:00,start,scheduled,,2,2026-08-27 06:00:03.487,2026-08-27 06:00:04.152,0,,2026-08-27,2026-08-28
3f,GPCC_train,scheduled__2026-08-23T21:00:00+00:00,trigger,scheduled,,2,2026-08-27 06:00:06.833,2026-08-27 06:00:07.444,0,,2026-08-27,2026-08-28
3f,GPCC_train,scheduled__2026-08-23T21:00:00+00:00,load_user_features_inf,scheduled,,2,2026-08-27 06:00:10.208,2026-08-27 06:02:05.366,115,,2026-08-27,2026-08-28
3f,GPCC_train,scheduled__2026-08-23T21:00:00+00:00,load_user_features,scheduled,,2,2026-08-27 06:00:11.108,2026-08-27 06:01:10.795,59,,2026-08-27,2026-08-28
3f,GPCC_train,scheduled__2026-08-23T21:00:00+00:00,load_item_meta,scheduled,,2,2026-08-27 06:00:11.287,2026-08-27 06:00:45.498,34,,2026-08-27,2026-08-28
3f,GPCC_train,scheduled__2026-08-23T21:00:00+00:00,load_item_emb_feat,scheduled,,2,2026-08-27 06:00:11.347,2026-08-27 06:00:24.153,12,,2026-08-27,2026-08-28
3f,GPCC_train,scheduled__2026-08-23T21:00:00+00:00,load_interaction,scheduled,,2,2026-08-27 06:00:12.108,2026-08-27 06:00:49.697,37,,2026-08-27,2026-08-28
3f,GPCC_train,scheduled__2026-08-23T21:00:00+00:00,task_prd_pl_trn_pl2mfl3101_v2,scheduled,,2,2026-08-27 06:02:08.866,2026-08-27 10:01:03.261,14334,,2026-08-27,2026-08-28
3f,GPCC_train,scheduled__2026-08-23T21:00:00+00:00,save_item_cntn_emb,scheduled,,2,2026-08-27 10:01:06.104,2026-08-27 10:01:53.192,47,,2026-08-27,2026-08-28
3f,GPCC_train,scheduled__2026-08-23T21:00:00+00:00,save_cntn_lgcn_emb,scheduled,,2,2026-08-27 10:01:06.434,2026-08-27 10:02:11.978,65,,2026-08-27,2026-08-28
3f,GPCC_train,scheduled__2026-08-23T21:00:00+00:00,save_user_lgcn_emb,scheduled,,2,2026-08-27 10:01:06.502,2026-08-27 10:03:20.564,134,,2026-08-27,2026-08-28
3f,GPCC_train,scheduled__2026-08-23T21:00:00+00:00,save_train_date,scheduled,,2,2026-08-27 10:03:23.298,2026-08-27 10:03:36.300,13,,2026-08-27,2026-08-28
3f,GPCC_train,scheduled__2026-08-23T21:00:00+00:00,trigger_dq,scheduled,,2,2026-08-27 10:03:38.993,2026-08-27 10:03:41.468,2,,2026-08-27,2026-08-28
3f,gpcc_train_dq_mail,manual__2026-08-27T01:03:40.849914+00:00,start,manual,,2,2026-08-27 10:03:44.642,2026-08-27 10:03:45.311,0,,2026-08-27,2026-08-28
3f,GPCC_train,scheduled__2026-08-23T21:00:00+00:00,done_api,scheduled,,2,2026-08-27 10:03:45.193,2026-08-27 10:03:46.019,0,,2026-08-27,2026-08-28
3f,gpcc_train_dq_mail,manual__2026-08-27T01:03:40.849914+00:00,trigger,manual,,2,2026-08-27 10:03:48.013,2026-08-27 10:03:48.489,0,,2026-08-27,2026-08-28
3f,gpcc_train_dq_mail,manual__2026-08-27T01:03:40.849914+00:00,save_train_result,manual,,2,2026-08-27 10:03:51.577,2026-08-27 10:04:31.278,39,,2026-08-27,2026-08-28
3f,gpcc_train_dq_mail,manual__2026-08-27T01:03:40.849914+00:00,dq_mail,manual,,2,2026-08-27 10:04:34.085,2026-08-27 10:04:40.452,6,,2026-08-27,2026-08-28
3f,gpcc_train_dq_mail,manual__2026-08-27T01:03:40.849914+00:00,done_api,manual,,2,2026-08-27 10:04:43.200,2026-08-27 10:04:43.846,0,,2026-08-27,2026-08-28
3f,gpcc_train_dq_mail,scheduled__2026-08-24T02:30:00+00:00,start,scheduled,,2,2026-08-27 11:30:04.658,2026-08-27 11:30:05.399,0,,2026-08-27,2026-08-28
3f,gpcc_train_dq_mail,scheduled__2026-08-24T02:30:00+00:00,trigger,scheduled,,2,2026-08-27 11:30:08.027,2026-08-27 11:30:08.506,0,,2026-08-27,2026-08-28
3f,gpcc_train_dq_mail,scheduled__2026-08-24T02:30:00+00:00,save_train_result,scheduled,,2,2026-08-27 11:30:11.850,2026-08-27 11:30:52.452,40,,2026-08-27,2026-08-28
3f,gpcc_train_dq_mail,scheduled__2026-08-24T02:30:00+00:00,dq_mail,scheduled,,2,2026-08-27 11:30:55.719,2026-08-27 11:31:01.718,5,,2026-08-27,2026-08-28
3f,gpcc_train_dq_mail,scheduled__2026-08-24T02:30:00+00:00,done_api,scheduled,,2,2026-08-27 11:31:04.607,2026-08-27 11:31:05.139,0,,2026-08-27,2026-08-28
3f,temp_log_agg,scheduled__2026-08-26T03:00:00+00:00,start,scheduled,,2,2026-08-27 12:00:06.648,2026-08-27 12:00:07.674,1,,2026-08-27,2026-08-28
3f,temp_log_agg,scheduled__2026-08-26T03:00:00+00:00,trigger,scheduled,,2,2026-08-27 12:00:11.062,2026-08-27 12:00:11.545,0,,2026-08-27,2026-08-28
3f,temp_log_agg,scheduled__2026-08-26T03:00:00+00:00,load_log_agg,scheduled,,2,2026-08-27 12:00:14.890,2026-08-27 12:32:45.033,1950,,2026-08-27,2026-08-28
3f,temp_log_agg,scheduled__2026-08-26T03:00:00+00:00,save_log_agg,scheduled,,2,2026-08-27 12:32:48.696,2026-08-27 12:33:15.924,27,,2026-08-27,2026-08-28
3f,temp_log_agg,scheduled__2026-08-26T03:00:00+00:00,log_check_mail,scheduled,,2,2026-08-27 12:33:18.549,2026-08-27 12:33:24.622,6,,2026-08-27,2026-08-28
3f,temp_log_agg,scheduled__2026-08-26T03:00:00+00:00,done_api,scheduled,,2,2026-08-27 12:33:27.745,2026-08-27 12:33:28.425,0,,2026-08-27,2026-08-28
3f,GPCC_stage1_item_feature,scheduled__2026-08-26T10:00:00+00:00,start,scheduled,,2,2026-08-27 19:00:06.039,2026-08-27 19:00:07.131,1,,2026-08-27,2026-08-28
3f,GPCC_stage1_item_feature,scheduled__2026-08-26T10:00:00+00:00,trigger,scheduled,,2,2026-08-27 19:00:10.023,2026-08-27 19:00:10.875,0,,2026-08-27,2026-08-28
3f,GPCC_stage1_item_feature,scheduled__2026-08-26T10:00:00+00:00,make_pipeline_date,scheduled,,2,2026-08-27 19:00:14.514,2026-08-27 19:03:08.148,173,,2026-08-27,2026-08-28
3f,GPCC_stage1_item_feature,scheduled__2026-08-26T10:00:00+00:00,save_pipeline_date,scheduled,,2,2026-08-27 19:03:10.865,2026-08-27 19:03:53.551,42,,2026-08-27,2026-08-28
3f,GPCC_stage1_item_feature,scheduled__2026-08-26T10:00:00+00:00,load_item_feature,scheduled,,2,2026-08-27 19:03:56.429,2026-08-27 19:08:20.737,264,,2026-08-27,2026-08-28
3f,GPCC_stage1_item_feature,scheduled__2026-08-26T10:00:00+00:00,load_log_parser,scheduled,,2,2026-08-27 19:03:56.796,2026-08-27 19:10:39.444,402,,2026-08-27,2026-08-28
3f,GPCC_stage1_item_feature,scheduled__2026-08-26T10:00:00+00:00,load_item_meta,scheduled,,2,2026-08-27 19:03:56.804,2026-08-27 19:06:40.331,163,,2026-08-27,2026-08-28
3f,GPCC_stage1_item_feature,scheduled__2026-08-26T10:00:00+00:00,ItemMetaGenerator,scheduled,,2,2026-08-27 19:10:43.114,2026-08-27 19:15:14.858,271,,2026-08-27,2026-08-28
3f,GPCC_stage1_item_feature,scheduled__2026-08-26T10:00:00+00:00,LogGenerator,scheduled,,2,2026-08-27 19:15:17.807,2026-08-27 19:24:25.691,547,,2026-08-27,2026-08-28
3f,GPCC_stage1_item_feature,scheduled__2026-08-26T10:00:00+00:00,FT_ItemFeature,scheduled,,2,2026-08-27 19:24:28.668,2026-08-27 19:30:33.793,365,,2026-08-27,2026-08-28
3f,GPCC_stage1_item_feature,scheduled__2026-08-26T10:00:00+00:00,save_stage1_mart,scheduled,,2,2026-08-27 19:30:37.336,2026-08-27 19:39:41.114,543,,2026-08-27,2026-08-28
3f,GPCC_stage1_item_feature,scheduled__2026-08-26T10:00:00+00:00,trigger_gpcc_candidate,scheduled,,2,2026-08-27 19:39:44.031,2026-08-27 19:39:47.585,3,,2026-08-27,2026-08-28
3f,GPCC_stage2_select,manual__2026-08-27T10:39:47.155358+00:00,start,manual,,2,2026-08-27 19:39:50.493,2026-08-27 19:39:51.027,0,,2026-08-27,2026-08-28
3f,GPCC_stage1_item_feature,scheduled__2026-08-26T10:00:00+00:00,done_api,scheduled,,2,2026-08-27 19:39:51.410,2026-08-27 19:39:51.997,0,,2026-08-27,2026-08-28
3f,GPCC_stage2_select,manual__2026-08-27T10:39:47.155358+00:00,trigger,manual,,2,2026-08-27 19:39:53.773,2026-08-27 19:39:54.937,1,,2026-08-27,2026-08-28
3f,GPCC_stage2_select,manual__2026-08-27T10:39:47.155358+00:00,save_targeting,manual,,2,2026-08-27 19:39:58.359,2026-08-27 19:42:53.082,174,,2026-08-27,2026-08-28
3f,GPCC_stage2_select,manual__2026-08-27T10:39:47.155358+00:00,save_cs_size,manual,,2,2026-08-27 19:42:56.698,2026-08-27 19:43:51.062,54,,2026-08-27,2026-08-28
3f,GPCC_stage2_select,manual__2026-08-27T10:39:47.155358+00:00,check_c2p_cnt,manual,,2,2026-08-27 19:43:54.030,2026-08-27 19:44:16.714,22,,2026-08-27,2026-08-28
3f,GPCC_stage2_select,manual__2026-08-27T10:39:47.155358+00:00,save_all_c2p,manual,,1,2026-08-27 19:44:16.931,2026-08-27 19:44:16.931,0,,2026-08-27,2026-08-28
3f,GPCC_stage2_select,manual__2026-08-27T10:39:47.155358+00:00,load_user_features,manual,,2,2026-08-27 19:44:19.293,2026-08-27 19:44:49.062,29,,2026-08-27,2026-08-28
3f,GPCC_stage2_select,manual__2026-08-27T10:39:47.155358+00:00,load_user_lgcn_embs,manual,,2,2026-08-27 19:44:19.574,2026-08-27 19:44:51.169,31,,2026-08-27,2026-08-28
3f,GPCC_stage2_select,manual__2026-08-27T10:39:47.155358+00:00,load_dv_features,manual,,2,2026-08-27 19:44:19.846,2026-08-27 19:44:31.788,11,,2026-08-27,2026-08-28
3f,GPCC_stage2_select,manual__2026-08-27T10:39:47.155358+00:00,load_item_lgcn_embs,manual,,2,2026-08-27 19:44:20.012,2026-08-27 19:44:31.643,11,,2026-08-27,2026-08-28
3f,GPCC_stage2_select,manual__2026-08-27T10:39:47.155358+00:00,load_item_meta,manual,,2,2026-08-27 19:44:20.583,2026-08-27 19:44:31.797,11,,2026-08-27,2026-08-28
3f,GPCC_stage2_select,manual__2026-08-27T10:39:47.155358+00:00,load_item_emb_feat,manual,,2,2026-08-27 19:44:20.686,2026-08-27 19:44:32.389,11,,2026-08-27,2026-08-28
3f,GPCC_stage2_select,manual__2026-08-27T10:39:47.155358+00:00,task_prd_pl_inf_pl2mfl3101_v2,manual,,2,2026-08-27 19:44:54.635,2026-08-27 20:16:33.155,1898,,2026-08-27,2026-08-28
3f,gpcc_select_dq_mail,scheduled__2026-08-26T11:00:00+00:00,start,scheduled,,2,2026-08-27 20:00:04.925,2026-08-27 20:00:05.991,1,,2026-08-27,2026-08-28
3f,GPCC_stage2_select,manual__2026-08-27T10:39:47.155358+00:00,save_cs_result,manual,,2,2026-08-27 20:16:36.462,2026-08-27 20:18:21.609,105,,2026-08-27,2026-08-28
3f,GPCC_stage2_select,manual__2026-08-27T10:39:47.155358+00:00,save_gpcc,manual,,2,2026-08-27 20:18:24.930,2026-08-27 20:19:39.448,74,,2026-08-27,2026-08-28
3f,GPCC_stage2_select,manual__2026-08-27T10:39:47.155358+00:00,trigger_stage3,manual,,2,2026-08-27 20:19:42.488,2026-08-27 20:19:46.063,3,,2026-08-27,2026-08-28
3f,GPCC_stage3_interaction_feautre,manual__2026-08-27T11:19:45.382316+00:00,start,manual,,2,2026-08-27 20:19:48.376,2026-08-27 20:19:48.985,0,,2026-08-27,2026-08-28
3f,GPCC_stage2_select,manual__2026-08-27T10:39:47.155358+00:00,done_api,manual,,2,2026-08-27 20:19:48.478,2026-08-27 20:19:48.968,0,,2026-08-27,2026-08-28
3f,GPCC_stage3_interaction_feautre,manual__2026-08-27T11:19:45.382316+00:00,trigger,manual,,2,2026-08-27 20:19:52.473,2026-08-27 20:19:53.102,0,,2026-08-27,2026-08-28
3f,GPCC_stage3_interaction_feautre,manual__2026-08-27T11:19:45.382316+00:00,load_interaction_feature,manual,,2,2026-08-27 20:19:55.944,2026-08-27 20:25:14.936,318,,2026-08-27,2026-08-28
3f,GPCC_stage3_interaction_feautre,manual__2026-08-27T11:19:45.382316+00:00,load_rec_target,manual,,2,2026-08-27 20:19:56.499,2026-08-27 20:20:33.622,37,,2026-08-27,2026-08-28
3f,gpcc_select_dq_mail,scheduled__2026-08-26T11:00:00+00:00,trigger,scheduled,,2,2026-08-27 20:21:03.644,2026-08-27 20:21:04.433,0,,2026-08-27,2026-08-28
3f,gpcc_select_dq_mail,scheduled__2026-08-26T11:00:00+00:00,save_input_summary,scheduled,,2,2026-08-27 20:21:07.334,2026-08-27 20:21:49.885,42,,2026-08-27,2026-08-28
3f,gpcc_select_dq_mail,scheduled__2026-08-26T11:00:00+00:00,save_select_wf,scheduled,,2,2026-08-27 20:21:07.610,2026-08-27 20:21:50.854,43,,2026-08-27,2026-08-28
3f,gpcc_select_dq_mail,scheduled__2026-08-26T11:00:00+00:00,dq_mail,scheduled,,2,2026-08-27 20:21:53.474,2026-08-27 20:22:05.144,11,,2026-08-27,2026-08-28
3f,gpcc_select_dq_mail,scheduled__2026-08-26T11:00:00+00:00,done_api,scheduled,,2,2026-08-27 20:22:08.665,2026-08-27 20:22:09.469,0,,2026-08-27,2026-08-28
3f,GPCC_stage3_interaction_feautre,manual__2026-08-27T11:19:45.382316+00:00,FT_InteractionFeature,manual,,2,2026-08-27 20:25:18.571,2026-08-27 20:33:18.072,479,,2026-08-27,2026-08-28
3f,GPCC_stage3_interaction_feautre,manual__2026-08-27T11:19:45.382316+00:00,save_inter_feature,manual,,2,2026-08-27 20:33:21.769,2026-08-27 20:38:29.566,307,,2026-08-27,2026-08-28
3f,GPCC_stage3_interaction_feautre,manual__2026-08-27T11:19:45.382316+00:00,unload_shared_ft_features,manual,,2,2026-08-27 20:38:32.295,2026-08-27 20:39:18.902,46,,2026-08-27,2026-08-28
3f,GPCC_stage3_interaction_feautre,manual__2026-08-27T11:19:45.382316+00:00,trigger_gv_tgps_bsis,manual,,2,2026-08-27 20:39:22.001,2026-08-27 20:39:26.167,4,,2026-08-27,2026-08-28
3f,GPCC_stage3_interaction_feautre,manual__2026-08-27T11:19:45.382316+00:00,trigger_gv_cntn_info,manual,,2,2026-08-27 20:39:28.900,2026-08-27 20:39:33.709,4,,2026-08-27,2026-08-28
3f,GPCC_stage3_interaction_feautre,manual__2026-08-27T11:19:45.382316+00:00,trigger_gv_cust_bhve_info,manual,,2,2026-08-27 20:39:36.948,2026-08-27 20:39:40.882,3,,2026-08-27,2026-08-28
3f,GPCC_stage3_interaction_feautre,manual__2026-08-27T11:19:45.382316+00:00,preproc_end_alert,manual,,2,2026-08-27 20:39:44.463,2026-08-27 20:39:45.251,0,,2026-08-27,2026-08-28
3f,GPCC_stage3_interaction_feautre,manual__2026-08-27T11:19:45.382316+00:00,done_api,manual,,2,2026-08-27 20:39:48.156,2026-08-27 20:39:48.894,0,,2026-08-27,2026-08-28
3f,GPCC_mthly_execute_trigger,scheduled__2026-08-26T12:30:00+00:00,start,scheduled,,2,2026-08-27 21:30:07.688,2026-08-27 21:30:08.484,0,,2026-08-27,2026-08-28
3f,GPCC_mthly_execute_trigger,scheduled__2026-08-26T12:30:00+00:00,trigger,scheduled,,2,2026-08-27 21:30:11.757,2026-08-27 21:30:12.146,0,,2026-08-27,2026-08-28
3f,GPCC_mthly_execute_trigger,scheduled__2026-08-26T12:30:00+00:00,trigger_execute_date,scheduled,,2,2026-08-27 21:30:15.650,2026-08-27 21:30:21.748,6,,2026-08-27,2026-08-28
3f,GPCC_mthly_execute_trigger,scheduled__2026-08-26T12:30:00+00:00,fail_empty_mail,scheduled,,1,2026-08-27 21:30:21.946,2026-08-27 21:30:21.946,0,,2026-08-27,2026-08-28
3f,GPCC_mthly_execute_trigger,scheduled__2026-08-26T12:30:00+00:00,trigger_mthly_rec_result,scheduled,,2,2026-08-27 21:30:25.098,2026-08-27 21:30:28.727,3,,2026-08-27,2026-08-28
3f,GPCC_mthly_execute_trigger,scheduled__2026-08-26T12:30:00+00:00,done_api,scheduled,,2,2026-08-27 21:30:31.999,2026-08-27 21:30:32.736,0,,2026-08-27,2026-08-28
3f,GPCC_mthly_rec_result,manual__2026-08-27T12:30:28.200696+00:00,start,manual,,2,2026-08-27 21:30:32.140,2026-08-27 21:30:32.990,0,,2026-08-27,2026-08-28
3f,GPCC_mthly_rec_result,manual__2026-08-27T12:30:28.200696+00:00,trigger,manual,,2,2026-08-27 21:30:35.808,2026-08-27 21:30:36.332,0,,2026-08-27,2026-08-28
3f,GPCC_mthly_rec_result,manual__2026-08-27T12:30:28.200696+00:00,make_pipeline_date,manual,,2,2026-08-27 21:30:39.130,2026-08-27 21:33:41.384,182,,2026-08-27,2026-08-28
3f,GPCC_mthly_rec_result,manual__2026-08-27T12:30:28.200696+00:00,load_rec_target,manual,,2,2026-08-27 21:33:44.386,2026-08-27 21:34:54.986,70,,2026-08-27,2026-08-28
3f,GPCC_mthly_rec_result,manual__2026-08-27T12:30:28.200696+00:00,mk_mthly_rec_result,manual,,2,2026-08-27 21:34:57.950,2026-08-27 21:44:42.004,584,,2026-08-27,2026-08-28
3f,GPCC_mthly_rec_result,manual__2026-08-27T12:30:28.200696+00:00,save_rec_result,manual,,2,2026-08-27 21:44:45.386,2026-08-27 21:49:44.878,299,,2026-08-27,2026-08-28
3f,GPCC_mthly_rec_result,manual__2026-08-27T12:30:28.200696+00:00,mthly_dq_check,manual,,2,2026-08-27 21:49:48.444,2026-08-27 21:51:58.097,129,,2026-08-27,2026-08-28
3f,GPCC_mthly_rec_result,manual__2026-08-27T12:30:28.200696+00:00,dq_check_mail,manual,,2,2026-08-27 21:52:01.385,2026-08-27 21:52:07.290,5,,2026-08-27,2026-08-28
3f,GPCC_mthly_rec_result,manual__2026-08-27T12:30:28.200696+00:00,done_api,manual,,2,2026-08-27 21:52:10.909,2026-08-27 21:52:11.565,0,,2026-08-27,2026-08-28
3f,duplicate_ft_result_check,scheduled__2026-08-26T14:40:00+00:00,start,scheduled,,2,2026-08-27 23:40:03.746,2026-08-27 23:40:04.374,0,,2026-08-27,2026-08-28
3f,GPCC_stage4_post_proc,scheduled__2026-08-26T14:40:00+00:00,start,scheduled,,2,2026-08-27 23:40:03.779,2026-08-27 23:40:04.406,0,,2026-08-27,2026-08-28
3f,duplicate_ft_result_check,scheduled__2026-08-26T14:40:00+00:00,trigger,scheduled,,2,2026-08-27 23:50:02.988,2026-08-27 23:50:03.578,0,,2026-08-27,2026-08-28
3f,GPCC_stage4_post_proc,scheduled__2026-08-26T14:40:00+00:00,trigger,scheduled,,2,2026-08-27 23:50:03.921,2026-08-27 23:50:04.725,0,,2026-08-27,2026-08-28
3f,duplicate_ft_result_check,scheduled__2026-08-26T14:40:00+00:00,check_duplicate,scheduled,,2,2026-08-27 23:50:06.632,2026-08-27 23:50:51.994,45,,2026-08-27,2026-08-28
3f,GPCC_stage4_post_proc,scheduled__2026-08-26T14:40:00+00:00,check_duplicate,scheduled,,2,2026-08-27 23:50:07.842,2026-08-27 23:50:31.434,23,,2026-08-27,2026-08-28
3f,GPCC_stage4_post_proc,scheduled__2026-08-26T14:40:00+00:00,load_rec_result,scheduled,,2,2026-08-27 23:50:34.006,2026-08-27 23:52:18.447,104,,2026-08-27,2026-08-28
3f,duplicate_ft_result_check,scheduled__2026-08-26T14:40:00+00:00,ft_result_dup_check_mail,scheduled,,2,2026-08-27 23:50:55.311,2026-08-27 23:51:01.153,5,,2026-08-27,2026-08-28
3f,duplicate_ft_result_check,scheduled__2026-08-26T14:40:00+00:00,done_api,scheduled,,2,2026-08-27 23:51:04.741,2026-08-27 23:51:05.487,0,,2026-08-27,2026-08-28
3f,GPCC_stage4_post_proc,scheduled__2026-08-26T14:40:00+00:00,RecResult,scheduled,,2,2026-08-27 23:52:21.755,2026-08-27 23:59:05.018,403,,2026-08-28,2026-08-29
3f,GPCC_stage4_post_proc,scheduled__2026-08-26T14:40:00+00:00,save_rec_result,scheduled,,2,2026-08-27 23:59:08.555,2026-08-28 00:03:15.456,246,,2026-08-28,2026-08-29
3f,GPCC_stage4_post_proc,scheduled__2026-08-26T14:40:00+00:00,check_dd_rec_result,scheduled,,2,2026-08-28 00:03:18.600,2026-08-28 00:03:43.029,24,,2026-08-28,2026-08-29
3f,GPCC_stage4_post_proc,scheduled__2026-08-26T14:40:00+00:00,trigger_mark_success_all_success,scheduled,,2,2026-08-28 00:03:46.000,2026-08-28 00:03:48.721,2,,2026-08-28,2026-08-29
3f,GPCC_stage4_post_proc,scheduled__2026-08-26T14:40:00+00:00,trigger_sg_workflow_if_one_failed,scheduled,,1,2026-08-28 00:03:48.938,2026-08-28 00:03:48.938,0,,2026-08-28,2026-08-29
3f,GPCC_stage4_post_proc,scheduled__2026-08-26T14:40:00+00:00,done_api,scheduled,,1,2026-08-28 00:03:49.117,2026-08-28 00:03:49.117,0,,2026-08-28,2026-08-29
3f,gpcc_mark_success,manual__2026-08-27T15:03:48.266289+00:00,start,manual,,2,2026-08-28 00:03:52.426,2026-08-28 00:03:53.091,0,,2026-08-28,2026-08-29
3f,gpcc_mark_success,manual__2026-08-27T15:03:48.266289+00:00,trigger,manual,,2,2026-08-28 00:03:56.188,2026-08-28 00:03:56.722,0,,2026-08-28,2026-08-29
3f,gpcc_mark_success,manual__2026-08-27T15:03:48.266289+00:00,check_mark_success,manual,,2,2026-08-28 00:04:00.079,2026-08-28 00:04:12.227,12,,2026-08-28,2026-08-29
3f,gpcc_mark_success,manual__2026-08-27T15:03:48.266289+00:00,done_api,manual,,2,2026-08-28 00:04:15.654,2026-08-28 00:04:16.410,0,,2026-08-28,2026-08-29
3f,gpcc_dd_transfer,scheduled__2026-08-26T16:00:00+00:00,start,scheduled,,2,2026-08-28 01:00:03.533,2026-08-28 01:00:04.218,0,,2026-08-28,2026-08-29
3f,gpcc_dd_transfer,scheduled__2026-08-26T16:00:00+00:00,trigger,scheduled,,2,2026-08-28 01:00:07.615,2026-08-28 01:00:08.578,0,,2026-08-28,2026-08-29
3f,gpcc_dd_transfer,scheduled__2026-08-26T16:00:00+00:00,transfer_table,scheduled,,2,2026-08-28 01:00:12.052,2026-08-28 01:03:24.802,192,,2026-08-28,2026-08-29
3f,gpcc_dd_transfer,scheduled__2026-08-26T16:00:00+00:00,trigger_arbiter_transfer,scheduled,,2,2026-08-28 01:03:27.679,2026-08-28 01:03:28.258,0,,2026-08-28,2026-08-29
3f,gpcc_dd_transfer,scheduled__2026-08-26T16:00:00+00:00,unload_oo3f_rec_benefit_result,scheduled,,2,2026-08-28 01:03:27.939,2026-08-28 01:03:48.585,20,,2026-08-28,2026-08-29
3f,gpcc_dd_transfer,scheduled__2026-08-26T16:00:00+00:00,trigger_dq_check_mail,scheduled,,2,2026-08-28 01:03:28.192,2026-08-28 01:03:31.872,3,,2026-08-28,2026-08-29
3f,gpcc_dq_mail,manual__2026-08-27T16:03:31.308463+00:00,start,manual,,2,2026-08-28 01:03:34.521,2026-08-28 01:03:35.245,0,,2026-08-28,2026-08-29
3f,gpcc_dq_mail,manual__2026-08-27T16:03:31.308463+00:00,trigger,manual,,2,2026-08-28 01:03:38.117,2026-08-28 01:03:38.951,0,,2026-08-28,2026-08-29
3f,gpcc_dq_mail,manual__2026-08-27T16:03:31.308463+00:00,unload_dq_check,manual,,2,2026-08-28 01:03:42.238,2026-08-28 01:07:02.818,200,,2026-08-28,2026-08-29
3f,gpcc_dq_mail,manual__2026-08-27T16:03:31.308463+00:00,unload_dq_candidate,manual,,2,2026-08-28 01:03:42.739,2026-08-28 01:04:24.418,41,,2026-08-28,2026-08-29
3f,gpcc_dd_transfer,scheduled__2026-08-26T16:00:00+00:00,sink_cms_transfer,scheduled,,2,2026-08-28 01:03:51.740,2026-08-28 01:17:05.486,793,,2026-08-28,2026-08-29
3f,gpcc_dq_mail,manual__2026-08-27T16:03:31.308463+00:00,DQcheck,manual,,2,2026-08-28 01:07:05.936,2026-08-28 01:17:31.930,625,,2026-08-28,2026-08-29
3f,gpcc_dd_transfer,scheduled__2026-08-26T16:00:00+00:00,done_api,scheduled,,2,2026-08-28 01:17:08.656,2026-08-28 01:17:09.245,0,,2026-08-28,2026-08-29
3f,gpcc_dq_mail,manual__2026-08-27T16:03:31.308463+00:00,save_dq_summary,manual,,2,2026-08-28 01:17:34.657,2026-08-28 01:22:19.168,284,,2026-08-28,2026-08-29
3f,gpcc_dq_mail,manual__2026-08-27T16:03:31.308463+00:00,dq_check_mail,manual,,2,2026-08-28 01:22:22.148,2026-08-28 01:23:27.172,65,,2026-08-28,2026-08-29
3f,gpcc_dq_mail,manual__2026-08-27T16:03:31.308463+00:00,done_api,manual,,2,2026-08-28 01:23:30.404,2026-08-28 01:23:31.023,0,,2026-08-28,2026-08-29
3f,temp_log_agg,scheduled__2026-08-27T03:00:00+00:00,start,scheduled,,2,2026-08-28 12:00:06.512,2026-08-28 12:00:07.569,1,,2026-08-28,2026-08-29
3f,temp_log_agg,scheduled__2026-08-27T03:00:00+00:00,trigger,scheduled,,2,2026-08-28 12:00:11.034,2026-08-28 12:00:11.553,0,,2026-08-28,2026-08-29
3f,temp_log_agg,scheduled__2026-08-27T03:00:00+00:00,load_log_agg,scheduled,,2,2026-08-28 12:00:14.567,2026-08-28 12:32:47.751,1953,,2026-08-28,2026-08-29
3f,temp_log_agg,scheduled__2026-08-27T03:00:00+00:00,save_log_agg,scheduled,,2,2026-08-28 12:32:50.439,2026-08-28 12:33:13.422,22,,2026-08-28,2026-08-29
3f,temp_log_agg,scheduled__2026-08-27T03:00:00+00:00,log_check_mail,scheduled,,2,2026-08-28 12:33:16.005,2026-08-28 12:33:22.462,6,,2026-08-28,2026-08-29
3f,temp_log_agg,scheduled__2026-08-27T03:00:00+00:00,done_api,scheduled,,2,2026-08-28 12:33:25.970,2026-08-28 12:33:26.509,0,,2026-08-28,2026-08-29
3f,GPCC_stage1_item_feature,scheduled__2026-08-27T10:00:00+00:00,start,scheduled,,2,2026-08-28 19:00:07.434,2026-08-28 19:00:08.589,1,,2026-08-28,2026-08-29
3f,GPCC_stage1_item_feature,scheduled__2026-08-27T10:00:00+00:00,trigger,scheduled,,2,2026-08-28 19:00:11.857,2026-08-28 19:00:12.697,0,,2026-08-28,2026-08-29
3f,GPCC_stage1_item_feature,scheduled__2026-08-27T10:00:00+00:00,make_pipeline_date,scheduled,,2,2026-08-28 19:00:15.795,2026-08-28 19:03:08.239,172,,2026-08-28,2026-08-29
3f,GPCC_stage1_item_feature,scheduled__2026-08-27T10:00:00+00:00,save_pipeline_date,scheduled,,2,2026-08-28 19:03:11.230,2026-08-28 19:03:56.208,44,,2026-08-28,2026-08-29
3f,GPCC_stage1_item_feature,scheduled__2026-08-27T10:00:00+00:00,load_log_parser,scheduled,,2,2026-08-28 19:03:59.252,2026-08-28 19:10:29.686,390,,2026-08-28,2026-08-29
3f,GPCC_stage1_item_feature,scheduled__2026-08-27T10:00:00+00:00,load_item_feature,scheduled,,2,2026-08-28 19:03:59.291,2026-08-28 19:08:08.017,248,,2026-08-28,2026-08-29
3f,GPCC_stage1_item_feature,scheduled__2026-08-27T10:00:00+00:00,load_item_meta,scheduled,,2,2026-08-28 19:03:59.445,2026-08-28 19:06:44.253,164,,2026-08-28,2026-08-29
3f,GPCC_stage1_item_feature,scheduled__2026-08-27T10:00:00+00:00,ItemMetaGenerator,scheduled,,2,2026-08-28 19:10:33.046,2026-08-28 19:15:07.107,274,,2026-08-28,2026-08-29
3f,GPCC_stage1_item_feature,scheduled__2026-08-27T10:00:00+00:00,LogGenerator,scheduled,,2,2026-08-28 19:15:09.665,2026-08-28 19:23:44.030,514,,2026-08-28,2026-08-29
3f,GPCC_stage1_item_feature,scheduled__2026-08-27T10:00:00+00:00,FT_ItemFeature,scheduled,,2,2026-08-28 19:23:46.901,2026-08-28 19:29:51.419,364,,2026-08-28,2026-08-29
3f,GPCC_stage1_item_feature,scheduled__2026-08-27T10:00:00+00:00,save_stage1_mart,scheduled,,2,2026-08-28 19:29:54.656,2026-08-28 19:38:47.465,532,,2026-08-28,2026-08-29
3f,GPCC_stage1_item_feature,scheduled__2026-08-27T10:00:00+00:00,trigger_gpcc_candidate,scheduled,,2,2026-08-28 19:38:50.669,2026-08-28 19:38:54.400,3,,2026-08-28,2026-08-29
3f,GPCC_stage1_item_feature,scheduled__2026-08-27T10:00:00+00:00,done_api,scheduled,,2,2026-08-28 19:38:56.780,2026-08-28 19:38:57.444,0,,2026-08-28,2026-08-29
3f,GPCC_stage2_select,manual__2026-08-28T10:38:53.922557+00:00,start,manual,,2,2026-08-28 19:38:56.814,2026-08-28 19:38:57.336,0,,2026-08-28,2026-08-29
3f,GPCC_stage2_select,manual__2026-08-28T10:38:53.922557+00:00,trigger,manual,,2,2026-08-28 19:39:00.571,2026-08-28 19:39:01.609,1,,2026-08-28,2026-08-29
3f,GPCC_stage2_select,manual__2026-08-28T10:38:53.922557+00:00,save_targeting,manual,,2,2026-08-28 19:39:04.769,2026-08-28 19:41:47.631,162,,2026-08-28,2026-08-29
3f,GPCC_stage2_select,manual__2026-08-28T10:38:53.922557+00:00,save_cs_size,manual,,2,2026-08-28 19:41:51.325,2026-08-28 19:42:39.888,48,,2026-08-28,2026-08-29
3f,GPCC_stage2_select,manual__2026-08-28T10:38:53.922557+00:00,check_c2p_cnt,manual,,2,2026-08-28 19:42:42.640,2026-08-28 19:43:02.928,20,,2026-08-28,2026-08-29
3f,GPCC_stage2_select,manual__2026-08-28T10:38:53.922557+00:00,save_all_c2p,manual,,1,2026-08-28 19:43:03.128,2026-08-28 19:43:03.128,0,,2026-08-28,2026-08-29
3f,GPCC_stage2_select,manual__2026-08-28T10:38:53.922557+00:00,load_user_lgcn_embs,manual,,2,2026-08-28 19:43:05.683,2026-08-28 19:43:33.321,27,,2026-08-28,2026-08-29
3f,GPCC_stage2_select,manual__2026-08-28T10:38:53.922557+00:00,load_dv_features,manual,,2,2026-08-28 19:43:05.748,2026-08-28 19:43:15.705,9,,2026-08-28,2026-08-29
3f,GPCC_stage2_select,manual__2026-08-28T10:38:53.922557+00:00,load_item_meta,manual,,2,2026-08-28 19:43:05.752,2026-08-28 19:43:16.986,11,,2026-08-28,2026-08-29
3f,GPCC_stage2_select,manual__2026-08-28T10:38:53.922557+00:00,load_item_lgcn_embs,manual,,2,2026-08-28 19:43:06.219,2026-08-28 19:43:17.042,10,,2026-08-28,2026-08-29
3f,GPCC_stage2_select,manual__2026-08-28T10:38:53.922557+00:00,load_user_features,manual,,2,2026-08-28 19:43:06.279,2026-08-28 19:43:37.314,31,,2026-08-28,2026-08-29
3f,GPCC_stage2_select,manual__2026-08-28T10:38:53.922557+00:00,load_item_emb_feat,manual,,2,2026-08-28 19:43:06.288,2026-08-28 19:43:17.178,10,,2026-08-28,2026-08-29
3f,GPCC_stage2_select,manual__2026-08-28T10:38:53.922557+00:00,task_prd_pl_inf_pl2mfl3101_v2,manual,,2,2026-08-28 19:43:40.046,2026-08-28 20:14:00.891,1820,,2026-08-28,2026-08-29
3f,gpcc_select_dq_mail,scheduled__2026-08-27T11:00:00+00:00,start,scheduled,,2,2026-08-28 20:00:03.435,2026-08-28 20:00:04.537,1,,2026-08-28,2026-08-29
3f,GPCC_stage2_select,manual__2026-08-28T10:38:53.922557+00:00,save_cs_result,manual,,2,2026-08-28 20:14:04.280,2026-08-28 20:15:39.280,95,,2026-08-28,2026-08-29
3f,GPCC_stage2_select,manual__2026-08-28T10:38:53.922557+00:00,save_gpcc,manual,,2,2026-08-28 20:15:42.655,2026-08-28 20:16:48.709,66,,2026-08-28,2026-08-29
3f,GPCC_stage2_select,manual__2026-08-28T10:38:53.922557+00:00,trigger_stage3,manual,,2,2026-08-28 20:16:52.027,2026-08-28 20:16:55.269,3,,2026-08-28,2026-08-29
3f,GPCC_stage3_interaction_feautre,manual__2026-08-28T11:16:54.849487+00:00,start,manual,,2,2026-08-28 20:16:58.441,2026-08-28 20:16:59.082,0,,2026-08-28,2026-08-29
3f,GPCC_stage2_select,manual__2026-08-28T10:38:53.922557+00:00,done_api,manual,,2,2026-08-28 20:16:59.500,2026-08-28 20:17:00.289,0,,2026-08-28,2026-08-29
3f,GPCC_stage3_interaction_feautre,manual__2026-08-28T11:16:54.849487+00:00,trigger,manual,,2,2026-08-28 20:17:01.692,2026-08-28 20:17:02.291,0,,2026-08-28,2026-08-29
3f,GPCC_stage3_interaction_feautre,manual__2026-08-28T11:16:54.849487+00:00,load_rec_target,manual,,2,2026-08-28 20:17:05.747,2026-08-28 20:17:50.815,45,,2026-08-28,2026-08-29
3f,GPCC_stage3_interaction_feautre,manual__2026-08-28T11:16:54.849487+00:00,load_interaction_feature,manual,,2,2026-08-28 20:17:05.905,2026-08-28 20:23:19.171,373,,2026-08-28,2026-08-29
3f,gpcc_select_dq_mail,scheduled__2026-08-27T11:00:00+00:00,trigger,scheduled,,2,2026-08-28 20:19:25.359,2026-08-28 20:19:26.192,0,,2026-08-28,2026-08-29
3f,gpcc_select_dq_mail,scheduled__2026-08-27T11:00:00+00:00,save_input_summary,scheduled,,2,2026-08-28 20:19:29.314,2026-08-28 20:20:14.470,45,,2026-08-28,2026-08-29
3f,gpcc_select_dq_mail,scheduled__2026-08-27T11:00:00+00:00,save_select_wf,scheduled,,2,2026-08-28 20:19:29.952,2026-08-28 20:20:11.423,41,,2026-08-28,2026-08-29
3f,gpcc_select_dq_mail,scheduled__2026-08-27T11:00:00+00:00,dq_mail,scheduled,,2,2026-08-28 20:20:17.149,2026-08-28 20:20:29.059,11,,2026-08-28,2026-08-29
3f,gpcc_select_dq_mail,scheduled__2026-08-27T11:00:00+00:00,done_api,scheduled,,2,2026-08-28 20:20:31.881,2026-08-28 20:20:32.575,0,,2026-08-28,2026-08-29
3f,GPCC_stage3_interaction_feautre,manual__2026-08-28T11:16:54.849487+00:00,FT_InteractionFeature,manual,,2,2026-08-28 20:23:22.733,2026-08-28 20:32:09.060,526,,2026-08-28,2026-08-29
3f,GPCC_stage3_interaction_feautre,manual__2026-08-28T11:16:54.849487+00:00,save_inter_feature,manual,,2,2026-08-28 20:32:12.461,2026-08-28 20:37:55.913,343,,2026-08-28,2026-08-29
3f,GPCC_stage3_interaction_feautre,manual__2026-08-28T11:16:54.849487+00:00,unload_shared_ft_features,manual,,2,2026-08-28 20:37:58.576,2026-08-28 20:38:52.971,54,,2026-08-28,2026-08-29
3f,GPCC_stage3_interaction_feautre,manual__2026-08-28T11:16:54.849487+00:00,trigger_gv_tgps_bsis,manual,,2,2026-08-28 20:38:56.323,2026-08-28 20:39:00.258,3,,2026-08-28,2026-08-29
3f,GPCC_stage3_interaction_feautre,manual__2026-08-28T11:16:54.849487+00:00,trigger_gv_cntn_info,manual,,2,2026-08-28 20:39:03.887,2026-08-28 20:39:09.232,5,,2026-08-28,2026-08-29
3f,GPCC_stage3_interaction_feautre,manual__2026-08-28T11:16:54.849487+00:00,trigger_gv_cust_bhve_info,manual,,2,2026-08-28 20:39:12.906,2026-08-28 20:39:16.872,3,,2026-08-28,2026-08-29
3f,GPCC_stage3_interaction_feautre,manual__2026-08-28T11:16:54.849487+00:00,preproc_end_alert,manual,,2,2026-08-28 20:39:20.150,2026-08-28 20:39:20.948,0,,2026-08-28,2026-08-29
3f,GPCC_stage3_interaction_feautre,manual__2026-08-28T11:16:54.849487+00:00,done_api,manual,,2,2026-08-28 20:39:23.837,2026-08-28 20:39:24.494,0,,2026-08-28,2026-08-29
3f,GPCC_mthly_execute_trigger,scheduled__2026-08-27T12:30:00+00:00,start,scheduled,,2,2026-08-28 21:30:03.553,2026-08-28 21:30:04.298,0,,2026-08-28,2026-08-29
3f,GPCC_mthly_execute_trigger,scheduled__2026-08-27T12:30:00+00:00,trigger,scheduled,,2,2026-08-28 21:30:07.710,2026-08-28 21:30:08.083,0,,2026-08-28,2026-08-29
3f,GPCC_mthly_execute_trigger,scheduled__2026-08-27T12:30:00+00:00,trigger_execute_date,scheduled,,2,2026-08-28 21:30:10.846,2026-08-28 21:30:21.759,10,,2026-08-28,2026-08-29
3f,GPCC_mthly_execute_trigger,scheduled__2026-08-27T12:30:00+00:00,fail_empty_mail,scheduled,,1,2026-08-28 21:30:21.914,2026-08-28 21:30:21.914,0,,2026-08-28,2026-08-29
3f,GPCC_mthly_execute_trigger,scheduled__2026-08-27T12:30:00+00:00,trigger_mthly_rec_result,scheduled,,2,2026-08-28 21:30:25.010,2026-08-28 21:30:28.912,3,,2026-08-28,2026-08-29
3f,GPCC_mthly_execute_trigger,scheduled__2026-08-27T12:30:00+00:00,done_api,scheduled,,2,2026-08-28 21:30:31.111,2026-08-28 21:30:31.866,0,,2026-08-28,2026-08-29
3f,GPCC_mthly_rec_result,manual__2026-08-28T12:30:28.278234+00:00,start,manual,,2,2026-08-28 21:30:31.504,2026-08-28 21:30:32.292,0,,2026-08-28,2026-08-29
3f,GPCC_mthly_rec_result,manual__2026-08-28T12:30:28.278234+00:00,trigger,manual,,2,2026-08-28 21:30:35.492,2026-08-28 21:30:36.012,0,,2026-08-28,2026-08-29
3f,GPCC_mthly_rec_result,manual__2026-08-28T12:30:28.278234+00:00,make_pipeline_date,manual,,2,2026-08-28 21:30:39.274,2026-08-28 21:33:38.203,178,,2026-08-28,2026-08-29
3f,GPCC_mthly_rec_result,manual__2026-08-28T12:30:28.278234+00:00,load_rec_target,manual,,2,2026-08-28 21:33:41.751,2026-08-28 21:34:53.794,72,,2026-08-28,2026-08-29
3f,GPCC_mthly_rec_result,manual__2026-08-28T12:30:28.278234+00:00,mk_mthly_rec_result,manual,,2,2026-08-28 21:34:57.071,2026-08-28 21:46:25.597,688,,2026-08-28,2026-08-29
3f,GPCC_mthly_rec_result,manual__2026-08-28T12:30:28.278234+00:00,save_rec_result,manual,,2,2026-08-28 21:46:28.352,2026-08-28 21:51:50.971,322,,2026-08-28,2026-08-29
3f,GPCC_mthly_rec_result,manual__2026-08-28T12:30:28.278234+00:00,mthly_dq_check,manual,,2,2026-08-28 21:51:54.385,2026-08-28 21:54:24.427,150,,2026-08-28,2026-08-29
3f,GPCC_mthly_rec_result,manual__2026-08-28T12:30:28.278234+00:00,dq_check_mail,manual,,2,2026-08-28 21:54:27.262,2026-08-28 21:54:33.068,5,,2026-08-28,2026-08-29
3f,GPCC_mthly_rec_result,manual__2026-08-28T12:30:28.278234+00:00,done_api,manual,,2,2026-08-28 21:54:36.535,2026-08-28 21:54:37.382,0,,2026-08-28,2026-08-29
3f,duplicate_ft_result_check,scheduled__2026-08-27T14:40:00+00:00,start,scheduled,,2,2026-08-28 23:40:06.648,2026-08-28 23:40:07.247,0,,2026-08-28,2026-08-29
3f,GPCC_stage4_post_proc,scheduled__2026-08-27T14:40:00+00:00,start,scheduled,,2,2026-08-28 23:40:07.174,2026-08-28 23:40:07.774,0,,2026-08-28,2026-08-29
3f,duplicate_ft_result_check,scheduled__2026-08-27T14:40:00+00:00,trigger,scheduled,,2,2026-08-28 23:49:57.789,2026-08-28 23:49:58.397,0,,2026-08-28,2026-08-29
3f,GPCC_stage4_post_proc,scheduled__2026-08-27T14:40:00+00:00,trigger,scheduled,,2,2026-08-28 23:49:58.441,2026-08-28 23:49:59.171,0,,2026-08-28,2026-08-29
3f,duplicate_ft_result_check,scheduled__2026-08-27T14:40:00+00:00,check_duplicate,scheduled,,2,2026-08-28 23:50:01.135,2026-08-28 23:50:40.984,39,,2026-08-28,2026-08-29
3f,GPCC_stage4_post_proc,scheduled__2026-08-27T14:40:00+00:00,check_duplicate,scheduled,,2,2026-08-28 23:50:02.680,2026-08-28 23:50:28.596,25,,2026-08-28,2026-08-29
3f,GPCC_stage4_post_proc,scheduled__2026-08-27T14:40:00+00:00,load_rec_result,scheduled,,2,2026-08-28 23:50:31.488,2026-08-28 23:52:20.694,109,,2026-08-28,2026-08-29
3f,duplicate_ft_result_check,scheduled__2026-08-27T14:40:00+00:00,ft_result_dup_check_mail,scheduled,,2,2026-08-28 23:50:44.496,2026-08-28 23:50:50.489,5,,2026-08-28,2026-08-29
3f,duplicate_ft_result_check,scheduled__2026-08-27T14:40:00+00:00,done_api,scheduled,,2,2026-08-28 23:50:53.874,2026-08-28 23:50:54.528,0,,2026-08-28,2026-08-29
3f,GPCC_stage4_post_proc,scheduled__2026-08-27T14:40:00+00:00,RecResult,scheduled,,2,2026-08-28 23:52:24.064,2026-08-28 23:58:53.186,389,,2026-08-29,2026-08-30
3f,GPCC_stage4_post_proc,scheduled__2026-08-27T14:40:00+00:00,save_rec_result,scheduled,,2,2026-08-28 23:58:56.152,2026-08-29 00:03:34.886,278,,2026-08-29,2026-08-30
3f,GPCC_stage4_post_proc,scheduled__2026-08-27T14:40:00+00:00,check_dd_rec_result,scheduled,,2,2026-08-29 00:03:38.443,2026-08-29 00:04:02.852,24,,2026-08-29,2026-08-30
3f,GPCC_stage4_post_proc,scheduled__2026-08-27T14:40:00+00:00,trigger_mark_success_all_success,scheduled,,2,2026-08-29 00:04:05.711,2026-08-29 00:04:08.449,2,,2026-08-29,2026-08-30
3f,GPCC_stage4_post_proc,scheduled__2026-08-27T14:40:00+00:00,trigger_sg_workflow_if_one_failed,scheduled,,1,2026-08-29 00:04:08.624,2026-08-29 00:04:08.624,0,,2026-08-29,2026-08-30
3f,GPCC_stage4_post_proc,scheduled__2026-08-27T14:40:00+00:00,done_api,scheduled,,1,2026-08-29 00:04:08.711,2026-08-29 00:04:08.711,0,,2026-08-29,2026-08-30
3f,gpcc_mark_success,manual__2026-08-28T15:04:07.954507+00:00,start,manual,,2,2026-08-29 00:04:10.773,2026-08-29 00:04:11.458,0,,2026-08-29,2026-08-30
3f,gpcc_mark_success,manual__2026-08-28T15:04:07.954507+00:00,trigger,manual,,2,2026-08-29 00:04:14.706,2026-08-29 00:04:15.236,0,,2026-08-29,2026-08-30
3f,gpcc_mark_success,manual__2026-08-28T15:04:07.954507+00:00,check_mark_success,manual,,2,2026-08-29 00:04:17.972,2026-08-29 00:04:32.641,14,,2026-08-29,2026-08-30
3f,gpcc_mark_success,manual__2026-08-28T15:04:07.954507+00:00,done_api,manual,,2,2026-08-29 00:04:36.379,2026-08-29 00:04:36.936,0,,2026-08-29,2026-08-30
3f,gpcc_dd_transfer,scheduled__2026-08-27T16:00:00+00:00,start,scheduled,,2,2026-08-29 01:00:05.590,2026-08-29 01:00:06.332,0,,2026-08-29,2026-08-30
3f,gpcc_dd_transfer,scheduled__2026-08-27T16:00:00+00:00,trigger,scheduled,,2,2026-08-29 01:00:09.348,2026-08-29 01:00:10.287,0,,2026-08-29,2026-08-30
3f,gpcc_dd_transfer,scheduled__2026-08-27T16:00:00+00:00,transfer_table,scheduled,,2,2026-08-29 01:00:13.564,2026-08-29 01:03:22.015,188,,2026-08-29,2026-08-30
3f,gpcc_dd_transfer,scheduled__2026-08-27T16:00:00+00:00,unload_oo3f_rec_benefit_result,scheduled,,2,2026-08-29 01:03:24.803,2026-08-29 01:03:46.139,21,,2026-08-29,2026-08-30
3f,gpcc_dd_transfer,scheduled__2026-08-27T16:00:00+00:00,trigger_arbiter_transfer,scheduled,,2,2026-08-29 01:03:25.680,2026-08-29 01:03:26.265,0,,2026-08-29,2026-08-30
3f,gpcc_dd_transfer,scheduled__2026-08-27T16:00:00+00:00,trigger_dq_check_mail,scheduled,,2,2026-08-29 01:03:25.956,2026-08-29 01:03:29.678,3,,2026-08-29,2026-08-30
3f,gpcc_dq_mail,manual__2026-08-28T16:03:28.946520+00:00,start,manual,,2,2026-08-29 01:03:32.011,2026-08-29 01:03:32.696,0,,2026-08-29,2026-08-30
3f,gpcc_dq_mail,manual__2026-08-28T16:03:28.946520+00:00,trigger,manual,,2,2026-08-29 01:03:35.965,2026-08-29 01:03:36.718,0,,2026-08-29,2026-08-30
3f,gpcc_dq_mail,manual__2026-08-28T16:03:28.946520+00:00,unload_dq_check,manual,,2,2026-08-29 01:03:39.636,2026-08-29 01:07:03.862,204,,2026-08-29,2026-08-30
3f,gpcc_dq_mail,manual__2026-08-28T16:03:28.946520+00:00,unload_dq_candidate,manual,,2,2026-08-29 01:03:39.721,2026-08-29 01:04:20.156,40,,2026-08-29,2026-08-30
3f,gpcc_dd_transfer,scheduled__2026-08-27T16:00:00+00:00,sink_cms_transfer,scheduled,,2,2026-08-29 01:03:49.169,2026-08-29 01:17:06.485,797,,2026-08-29,2026-08-30
3f,gpcc_dq_mail,manual__2026-08-28T16:03:28.946520+00:00,DQcheck,manual,,2,2026-08-29 01:07:07.079,2026-08-29 01:17:28.201,621,,2026-08-29,2026-08-30
3f,gpcc_dd_transfer,scheduled__2026-08-27T16:00:00+00:00,done_api,scheduled,,2,2026-08-29 01:17:09.204,2026-08-29 01:17:09.876,0,,2026-08-29,2026-08-30
3f,gpcc_dq_mail,manual__2026-08-28T16:03:28.946520+00:00,save_dq_summary,manual,,2,2026-08-29 01:17:31.708,2026-08-29 01:22:14.272,282,,2026-08-29,2026-08-30
3f,gpcc_dq_mail,manual__2026-08-28T16:03:28.946520+00:00,dq_check_mail,manual,,2,2026-08-29 01:22:17.933,2026-08-29 01:23:21.846,63,,2026-08-29,2026-08-30
3f,gpcc_dq_mail,manual__2026-08-28T16:03:28.946520+00:00,done_api,manual,,2,2026-08-29 01:23:25.325,2026-08-29 01:23:26.040,0,,2026-08-29,2026-08-30
3f,temp_log_agg,scheduled__2026-08-28T03:00:00+00:00,start,scheduled,,2,2026-08-29 12:00:03.768,2026-08-29 12:00:04.834,1,,2026-08-29,2026-08-30
3f,temp_log_agg,scheduled__2026-08-28T03:00:00+00:00,trigger,scheduled,,2,2026-08-29 12:00:08.511,2026-08-29 12:00:08.986,0,,2026-08-29,2026-08-30
3f,temp_log_agg,scheduled__2026-08-28T03:00:00+00:00,load_log_agg,scheduled,,2,2026-08-29 12:00:12.009,2026-08-29 12:30:05.420,1793,,2026-08-29,2026-08-30
3f,temp_log_agg,scheduled__2026-08-28T03:00:00+00:00,save_log_agg,scheduled,,2,2026-08-29 12:30:08.251,2026-08-29 12:30:30.698,22,,2026-08-29,2026-08-30
3f,temp_log_agg,scheduled__2026-08-28T03:00:00+00:00,log_check_mail,scheduled,,2,2026-08-29 12:30:33.366,2026-08-29 12:30:39.113,5,,2026-08-29,2026-08-30
3f,temp_log_agg,scheduled__2026-08-28T03:00:00+00:00,done_api,scheduled,,2,2026-08-29 12:30:42.122,2026-08-29 12:30:42.970,0,,2026-08-29,2026-08-30
3f,GPCC_stage1_item_feature,scheduled__2026-08-28T10:00:00+00:00,start,scheduled,,2,2026-08-29 19:00:04.840,2026-08-29 19:00:05.925,1,,2026-08-29,2026-08-30
3f,GPCC_stage1_item_feature,scheduled__2026-08-28T10:00:00+00:00,trigger,scheduled,,2,2026-08-29 19:00:08.984,2026-08-29 19:00:09.906,0,,2026-08-29,2026-08-30
3f,GPCC_stage1_item_feature,scheduled__2026-08-28T10:00:00+00:00,make_pipeline_date,scheduled,,2,2026-08-29 19:00:13.222,2026-08-29 19:03:17.165,183,,2026-08-29,2026-08-30
3f,GPCC_stage1_item_feature,scheduled__2026-08-28T10:00:00+00:00,save_pipeline_date,scheduled,,2,2026-08-29 19:03:19.983,2026-08-29 19:04:05.425,45,,2026-08-29,2026-08-30
3f,GPCC_stage1_item_feature,scheduled__2026-08-28T10:00:00+00:00,load_log_parser,scheduled,,2,2026-08-29 19:04:08.690,2026-08-29 19:10:56.817,408,,2026-08-29,2026-08-30
3f,GPCC_stage1_item_feature,scheduled__2026-08-28T10:00:00+00:00,load_item_meta,scheduled,,2,2026-08-29 19:04:08.699,2026-08-29 19:06:52.341,163,,2026-08-29,2026-08-30
3f,GPCC_stage1_item_feature,scheduled__2026-08-28T10:00:00+00:00,load_item_feature,scheduled,,2,2026-08-29 19:04:08.902,2026-08-29 19:08:14.132,245,,2026-08-29,2026-08-30
3f,GPCC_stage1_item_feature,scheduled__2026-08-28T10:00:00+00:00,ItemMetaGenerator,scheduled,,2,2026-08-29 19:11:00.324,2026-08-29 19:15:28.558,268,,2026-08-29,2026-08-30
3f,GPCC_stage1_item_feature,scheduled__2026-08-28T10:00:00+00:00,LogGenerator,scheduled,,2,2026-08-29 19:15:31.791,2026-08-29 19:24:36.383,544,,2026-08-29,2026-08-30
3f,GPCC_stage1_item_feature,scheduled__2026-08-28T10:00:00+00:00,FT_ItemFeature,scheduled,,2,2026-08-29 19:24:39.989,2026-08-29 19:30:52.767,372,,2026-08-29,2026-08-30
3f,GPCC_stage1_item_feature,scheduled__2026-08-28T10:00:00+00:00,save_stage1_mart,scheduled,,2,2026-08-29 19:30:55.349,2026-08-29 19:40:53.728,598,,2026-08-29,2026-08-30
3f,GPCC_stage1_item_feature,scheduled__2026-08-28T10:00:00+00:00,trigger_gpcc_candidate,scheduled,,2,2026-08-29 19:40:56.321,2026-08-29 19:41:00.155,3,,2026-08-29,2026-08-30
3f,GPCC_stage2_select,manual__2026-08-29T10:40:59.713406+00:00,start,manual,,2,2026-08-29 19:41:03.539,2026-08-29 19:41:04.072,0,,2026-08-29,2026-08-30
3f,GPCC_stage1_item_feature,scheduled__2026-08-28T10:00:00+00:00,done_api,scheduled,,2,2026-08-29 19:41:03.886,2026-08-29 19:41:04.607,0,,2026-08-29,2026-08-30
3f,GPCC_stage2_select,manual__2026-08-29T10:40:59.713406+00:00,trigger,manual,,2,2026-08-29 19:41:06.633,2026-08-29 19:41:07.738,1,,2026-08-29,2026-08-30
3f,GPCC_stage2_select,manual__2026-08-29T10:40:59.713406+00:00,save_targeting,manual,,2,2026-08-29 19:41:10.932,2026-08-29 19:44:10.254,179,,2026-08-29,2026-08-30
3f,GPCC_stage2_select,manual__2026-08-29T10:40:59.713406+00:00,save_cs_size,manual,,2,2026-08-29 19:44:13.126,2026-08-29 19:45:08.996,55,,2026-08-29,2026-08-30
3f,GPCC_stage2_select,manual__2026-08-29T10:40:59.713406+00:00,check_c2p_cnt,manual,,2,2026-08-29 19:45:12.269,2026-08-29 19:45:34.771,22,,2026-08-29,2026-08-30
3f,GPCC_stage2_select,manual__2026-08-29T10:40:59.713406+00:00,save_all_c2p,manual,,1,2026-08-29 19:45:34.967,2026-08-29 19:45:34.967,0,,2026-08-29,2026-08-30
3f,GPCC_stage2_select,manual__2026-08-29T10:40:59.713406+00:00,load_item_emb_feat,manual,,2,2026-08-29 19:45:37.704,2026-08-29 19:45:49.055,11,,2026-08-29,2026-08-30
3f,GPCC_stage2_select,manual__2026-08-29T10:40:59.713406+00:00,load_item_meta,manual,,2,2026-08-29 19:45:37.912,2026-08-29 19:45:49.515,11,,2026-08-29,2026-08-30
3f,GPCC_stage2_select,manual__2026-08-29T10:40:59.713406+00:00,load_user_lgcn_embs,manual,,2,2026-08-29 19:45:38.147,2026-08-29 19:46:11.828,33,,2026-08-29,2026-08-30
3f,GPCC_stage2_select,manual__2026-08-29T10:40:59.713406+00:00,load_item_lgcn_embs,manual,,2,2026-08-29 19:45:38.269,2026-08-29 19:45:49.775,11,,2026-08-29,2026-08-30
3f,GPCC_stage2_select,manual__2026-08-29T10:40:59.713406+00:00,load_dv_features,manual,,2,2026-08-29 19:45:38.448,2026-08-29 19:45:50.593,12,,2026-08-29,2026-08-30
3f,GPCC_stage2_select,manual__2026-08-29T10:40:59.713406+00:00,load_user_features,manual,,2,2026-08-29 19:45:38.456,2026-08-29 19:46:12.240,33,,2026-08-29,2026-08-30
3f,GPCC_stage2_select,manual__2026-08-29T10:40:59.713406+00:00,task_prd_pl_inf_pl2mfl3101_v2,manual,,2,2026-08-29 19:46:15.168,2026-08-29 20:17:32.897,1877,,2026-08-29,2026-08-30
3f,gpcc_select_dq_mail,scheduled__2026-08-28T11:00:00+00:00,start,scheduled,,2,2026-08-29 20:00:04.011,2026-08-29 20:00:05.149,1,,2026-08-29,2026-08-30
3f,GPCC_stage2_select,manual__2026-08-29T10:40:59.713406+00:00,save_cs_result,manual,,2,2026-08-29 20:17:35.629,2026-08-29 20:19:24.252,108,,2026-08-29,2026-08-30
3f,GPCC_stage2_select,manual__2026-08-29T10:40:59.713406+00:00,save_gpcc,manual,,2,2026-08-29 20:19:26.858,2026-08-29 20:20:40.206,73,,2026-08-29,2026-08-30
3f,gpcc_select_dq_mail,scheduled__2026-08-28T11:00:00+00:00,trigger,scheduled,,2,2026-08-29 20:19:50.651,2026-08-29 20:19:51.477,0,,2026-08-29,2026-08-30
3f,gpcc_select_dq_mail,scheduled__2026-08-28T11:00:00+00:00,save_input_summary,scheduled,,2,2026-08-29 20:19:54.290,2026-08-29 20:20:39.436,45,,2026-08-29,2026-08-30
3f,gpcc_select_dq_mail,scheduled__2026-08-28T11:00:00+00:00,save_select_wf,scheduled,,2,2026-08-29 20:19:54.326,2026-08-29 20:20:38.485,44,,2026-08-29,2026-08-30
3f,gpcc_select_dq_mail,scheduled__2026-08-28T11:00:00+00:00,dq_mail,scheduled,,2,2026-08-29 20:20:42.470,2026-08-29 20:20:54.573,12,,2026-08-29,2026-08-30
3f,GPCC_stage2_select,manual__2026-08-29T10:40:59.713406+00:00,trigger_stage3,manual,,2,2026-08-29 20:20:43.722,2026-08-29 20:20:47.170,3,,2026-08-29,2026-08-30
3f,GPCC_stage2_select,manual__2026-08-29T10:40:59.713406+00:00,done_api,manual,,2,2026-08-29 20:20:49.894,2026-08-29 20:20:50.579,0,,2026-08-29,2026-08-30
3f,GPCC_stage3_interaction_feautre,manual__2026-08-29T11:20:46.726031+00:00,start,manual,,2,2026-08-29 20:20:49.977,2026-08-29 20:20:50.587,0,,2026-08-29,2026-08-30
3f,GPCC_stage3_interaction_feautre,manual__2026-08-29T11:20:46.726031+00:00,trigger,manual,,2,2026-08-29 20:20:54.063,2026-08-29 20:20:54.640,0,,2026-08-29,2026-08-30
3f,GPCC_stage3_interaction_feautre,manual__2026-08-29T11:20:46.726031+00:00,load_interaction_feature,manual,,2,2026-08-29 20:20:57.615,2026-08-29 20:26:39.017,341,,2026-08-29,2026-08-30
3f,GPCC_stage3_interaction_feautre,manual__2026-08-29T11:20:46.726031+00:00,load_rec_target,manual,,2,2026-08-29 20:20:57.673,2026-08-29 20:21:34.564,36,,2026-08-29,2026-08-30
3f,gpcc_select_dq_mail,scheduled__2026-08-28T11:00:00+00:00,done_api,scheduled,,2,2026-08-29 20:20:58.123,2026-08-29 20:20:58.866,0,,2026-08-29,2026-08-30
3f,GPCC_stage3_interaction_feautre,manual__2026-08-29T11:20:46.726031+00:00,FT_InteractionFeature,manual,,2,2026-08-29 20:26:42.042,2026-08-29 20:35:06.455,504,,2026-08-29,2026-08-30
3f,GPCC_stage3_interaction_feautre,manual__2026-08-29T11:20:46.726031+00:00,save_inter_feature,manual,,2,2026-08-29 20:35:09.996,2026-08-29 20:39:52.008,282,,2026-08-29,2026-08-30
3f,GPCC_stage3_interaction_feautre,manual__2026-08-29T11:20:46.726031+00:00,unload_shared_ft_features,manual,,2,2026-08-29 20:39:55.148,2026-08-29 20:40:43.094,47,,2026-08-29,2026-08-30
3f,GPCC_stage3_interaction_feautre,manual__2026-08-29T11:20:46.726031+00:00,trigger_gv_tgps_bsis,manual,,2,2026-08-29 20:40:46.242,2026-08-29 20:40:50.199,3,,2026-08-29,2026-08-30
3f,GPCC_stage3_interaction_feautre,manual__2026-08-29T11:20:46.726031+00:00,trigger_gv_cntn_info,manual,,2,2026-08-29 20:40:52.843,2026-08-29 20:40:57.917,5,,2026-08-29,2026-08-30
3f,GPCC_stage3_interaction_feautre,manual__2026-08-29T11:20:46.726031+00:00,trigger_gv_cust_bhve_info,manual,,2,2026-08-29 20:41:01.316,2026-08-29 20:41:05.485,4,,2026-08-29,2026-08-30
3f,GPCC_stage3_interaction_feautre,manual__2026-08-29T11:20:46.726031+00:00,preproc_end_alert,manual,,2,2026-08-29 20:41:08.998,2026-08-29 20:41:09.761,0,,2026-08-29,2026-08-30
3f,GPCC_stage3_interaction_feautre,manual__2026-08-29T11:20:46.726031+00:00,done_api,manual,,2,2026-08-29 20:41:12.424,2026-08-29 20:41:12.957,0,,2026-08-29,2026-08-30
3f,GPCC_mthly_execute_trigger,scheduled__2026-08-28T12:30:00+00:00,start,scheduled,,2,2026-08-29 21:30:05.564,2026-08-29 21:30:06.385,0,,2026-08-29,2026-08-30
3f,GPCC_mthly_execute_trigger,scheduled__2026-08-28T12:30:00+00:00,trigger,scheduled,,2,2026-08-29 21:30:09.723,2026-08-29 21:30:10.146,0,,2026-08-29,2026-08-30
3f,GPCC_mthly_execute_trigger,scheduled__2026-08-28T12:30:00+00:00,trigger_execute_date,scheduled,,2,2026-08-29 21:30:13.699,2026-08-29 21:30:24.297,10,,2026-08-29,2026-08-30
3f,GPCC_mthly_execute_trigger,scheduled__2026-08-28T12:30:00+00:00,fail_empty_mail,scheduled,,1,2026-08-29 21:30:24.498,2026-08-29 21:30:24.498,0,,2026-08-29,2026-08-30
3f,GPCC_mthly_execute_trigger,scheduled__2026-08-28T12:30:00+00:00,trigger_mthly_rec_result,scheduled,,2,2026-08-29 21:30:27.571,2026-08-29 21:30:31.157,3,,2026-08-29,2026-08-30
3f,GPCC_mthly_execute_trigger,scheduled__2026-08-28T12:30:00+00:00,done_api,scheduled,,2,2026-08-29 21:30:33.782,2026-08-29 21:30:34.487,0,,2026-08-29,2026-08-30
3f,GPCC_mthly_rec_result,manual__2026-08-29T12:30:30.599953+00:00,start,manual,,2,2026-08-29 21:30:34.062,2026-08-29 21:30:34.910,0,,2026-08-29,2026-08-30
3f,GPCC_mthly_rec_result,manual__2026-08-29T12:30:30.599953+00:00,trigger,manual,,2,2026-08-29 21:30:38.059,2026-08-29 21:30:38.648,0,,2026-08-29,2026-08-30
3f,GPCC_mthly_rec_result,manual__2026-08-29T12:30:30.599953+00:00,make_pipeline_date,manual,,2,2026-08-29 21:30:42.138,2026-08-29 21:33:51.832,189,,2026-08-29,2026-08-30
3f,GPCC_mthly_rec_result,manual__2026-08-29T12:30:30.599953+00:00,load_rec_target,manual,,2,2026-08-29 21:33:54.820,2026-08-29 21:35:08.979,74,,2026-08-29,2026-08-30
3f,GPCC_mthly_rec_result,manual__2026-08-29T12:30:30.599953+00:00,mk_mthly_rec_result,manual,,2,2026-08-29 21:35:12.108,2026-08-29 21:46:17.222,665,,2026-08-29,2026-08-30
3f,GPCC_mthly_rec_result,manual__2026-08-29T12:30:30.599953+00:00,save_rec_result,manual,,2,2026-08-29 21:46:20.157,2026-08-29 21:51:00.553,280,,2026-08-29,2026-08-30
3f,GPCC_mthly_rec_result,manual__2026-08-29T12:30:30.599953+00:00,mthly_dq_check,manual,,2,2026-08-29 21:51:03.773,2026-08-29 21:53:28.750,144,,2026-08-29,2026-08-30
3f,GPCC_mthly_rec_result,manual__2026-08-29T12:30:30.599953+00:00,dq_check_mail,manual,,2,2026-08-29 21:53:31.345,2026-08-29 21:53:37.721,6,,2026-08-29,2026-08-30
3f,GPCC_mthly_rec_result,manual__2026-08-29T12:30:30.599953+00:00,done_api,manual,,2,2026-08-29 21:53:41.486,2026-08-29 21:53:42.055,0,,2026-08-29,2026-08-30
3f,duplicate_ft_result_check,scheduled__2026-08-28T14:40:00+00:00,start,scheduled,,2,2026-08-29 23:40:04.760,2026-08-29 23:40:05.332,0,,2026-08-29,2026-08-30
3f,GPCC_stage4_post_proc,scheduled__2026-08-28T14:40:00+00:00,start,scheduled,,2,2026-08-29 23:40:05.290,2026-08-29 23:40:05.940,0,,2026-08-29,2026-08-30
3f,duplicate_ft_result_check,scheduled__2026-08-28T14:40:00+00:00,trigger,scheduled,,2,2026-08-29 23:50:04.926,2026-08-29 23:50:05.558,0,,2026-08-29,2026-08-30
3f,GPCC_stage4_post_proc,scheduled__2026-08-28T14:40:00+00:00,trigger,scheduled,,2,2026-08-29 23:50:05.584,2026-08-29 23:50:06.372,0,,2026-08-29,2026-08-30
3f,duplicate_ft_result_check,scheduled__2026-08-28T14:40:00+00:00,check_duplicate,scheduled,,2,2026-08-29 23:50:08.133,2026-08-29 23:50:51.388,43,,2026-08-29,2026-08-30
3f,GPCC_stage4_post_proc,scheduled__2026-08-28T14:40:00+00:00,check_duplicate,scheduled,,2,2026-08-29 23:50:09.897,2026-08-29 23:50:31.999,22,,2026-08-29,2026-08-30
3f,GPCC_stage4_post_proc,scheduled__2026-08-28T14:40:00+00:00,load_rec_result,scheduled,,2,2026-08-29 23:50:35.097,2026-08-29 23:52:20.135,105,,2026-08-29,2026-08-30
3f,duplicate_ft_result_check,scheduled__2026-08-28T14:40:00+00:00,ft_result_dup_check_mail,scheduled,,2,2026-08-29 23:50:54.612,2026-08-29 23:51:00.465,5,,2026-08-29,2026-08-30
3f,duplicate_ft_result_check,scheduled__2026-08-28T14:40:00+00:00,done_api,scheduled,,2,2026-08-29 23:51:02.912,2026-08-29 23:51:03.603,0,,2026-08-29,2026-08-30
3f,GPCC_stage4_post_proc,scheduled__2026-08-28T14:40:00+00:00,RecResult,scheduled,,2,2026-08-29 23:52:22.812,2026-08-29 23:58:29.662,366,,2026-08-30,2026-08-31
3f,GPCC_stage4_post_proc,scheduled__2026-08-28T14:40:00+00:00,save_rec_result,scheduled,,2,2026-08-29 23:58:32.534,2026-08-30 00:02:57.202,264,,2026-08-30,2026-08-31
3f,GPCC_stage4_post_proc,scheduled__2026-08-28T14:40:00+00:00,check_dd_rec_result,scheduled,,2,2026-08-30 00:02:59.824,2026-08-30 00:03:22.050,22,,2026-08-30,2026-08-31
3f,GPCC_stage4_post_proc,scheduled__2026-08-28T14:40:00+00:00,trigger_mark_success_all_success,scheduled,,2,2026-08-30 00:03:25.747,2026-08-30 00:03:28.407,2,,2026-08-30,2026-08-31
3f,GPCC_stage4_post_proc,scheduled__2026-08-28T14:40:00+00:00,trigger_sg_workflow_if_one_failed,scheduled,,1,2026-08-30 00:03:28.603,2026-08-30 00:03:28.603,0,,2026-08-30,2026-08-31
3f,GPCC_stage4_post_proc,scheduled__2026-08-28T14:40:00+00:00,done_api,scheduled,,1,2026-08-30 00:03:28.703,2026-08-30 00:03:28.703,0,,2026-08-30,2026-08-31
3f,gpcc_mark_success,manual__2026-08-29T15:03:27.847330+00:00,start,manual,,2,2026-08-30 00:03:30.970,2026-08-30 00:03:31.668,0,,2026-08-30,2026-08-31
3f,gpcc_mark_success,manual__2026-08-29T15:03:27.847330+00:00,trigger,manual,,2,2026-08-30 00:03:34.456,2026-08-30 00:03:34.941,0,,2026-08-30,2026-08-31
3f,gpcc_mark_success,manual__2026-08-29T15:03:27.847330+00:00,check_mark_success,manual,,2,2026-08-30 00:03:38.369,2026-08-30 00:03:51.839,13,,2026-08-30,2026-08-31
3f,gpcc_mark_success,manual__2026-08-29T15:03:27.847330+00:00,done_api,manual,,2,2026-08-30 00:03:54.676,2026-08-30 00:03:55.299,0,,2026-08-30,2026-08-31
3f,gpcc_dd_transfer,scheduled__2026-08-28T16:00:00+00:00,start,scheduled,,2,2026-08-30 01:00:04.478,2026-08-30 01:00:05.177,0,,2026-08-30,2026-08-31
3f,gpcc_dd_transfer,scheduled__2026-08-28T16:00:00+00:00,trigger,scheduled,,2,2026-08-30 01:00:08.426,2026-08-30 01:00:09.488,1,,2026-08-30,2026-08-31
3f,gpcc_dd_transfer,scheduled__2026-08-28T16:00:00+00:00,transfer_table,scheduled,,2,2026-08-30 01:00:12.717,2026-08-30 01:03:18.411,185,,2026-08-30,2026-08-31
3f,gpcc_dd_transfer,scheduled__2026-08-28T16:00:00+00:00,unload_oo3f_rec_benefit_result,scheduled,,2,2026-08-30 01:03:21.615,2026-08-30 01:03:41.804,20,,2026-08-30,2026-08-31
3f,gpcc_dd_transfer,scheduled__2026-08-28T16:00:00+00:00,trigger_dq_check_mail,scheduled,,2,2026-08-30 01:03:21.732,2026-08-30 01:03:25.213,3,,2026-08-30,2026-08-31
3f,gpcc_dd_transfer,scheduled__2026-08-28T16:00:00+00:00,trigger_arbiter_transfer,scheduled,,2,2026-08-30 01:03:21.866,2026-08-30 01:03:22.405,0,,2026-08-30,2026-08-31
3f,gpcc_dq_mail,manual__2026-08-29T16:03:24.679808+00:00,start,manual,,2,2026-08-30 01:03:27.805,2026-08-30 01:03:28.508,0,,2026-08-30,2026-08-31
3f,gpcc_dq_mail,manual__2026-08-29T16:03:24.679808+00:00,trigger,manual,,2,2026-08-30 01:03:31.847,2026-08-30 01:03:32.683,0,,2026-08-30,2026-08-31
3f,gpcc_dq_mail,manual__2026-08-29T16:03:24.679808+00:00,unload_dq_candidate,manual,,2,2026-08-30 01:03:36.105,2026-08-30 01:04:17.725,41,,2026-08-30,2026-08-31
3f,gpcc_dq_mail,manual__2026-08-29T16:03:24.679808+00:00,unload_dq_check,manual,,2,2026-08-30 01:03:36.142,2026-08-30 01:07:02.045,205,,2026-08-30,2026-08-31
3f,gpcc_dd_transfer,scheduled__2026-08-28T16:00:00+00:00,sink_cms_transfer,scheduled,,2,2026-08-30 01:03:44.976,2026-08-30 01:17:56.275,851,,2026-08-30,2026-08-31
3f,gpcc_dq_mail,manual__2026-08-29T16:03:24.679808+00:00,DQcheck,manual,,2,2026-08-30 01:07:04.711,2026-08-30 01:17:37.215,632,,2026-08-30,2026-08-31
3f,gpcc_dq_mail,manual__2026-08-29T16:03:24.679808+00:00,save_dq_summary,manual,,2,2026-08-30 01:17:40.127,2026-08-30 01:22:29.997,289,,2026-08-30,2026-08-31
3f,gpcc_dd_transfer,scheduled__2026-08-28T16:00:00+00:00,done_api,scheduled,,2,2026-08-30 01:17:59.673,2026-08-30 01:18:00.319,0,,2026-08-30,2026-08-31
3f,gpcc_dq_mail,manual__2026-08-29T16:03:24.679808+00:00,dq_check_mail,manual,,2,2026-08-30 01:22:33.553,2026-08-30 01:23:46.179,72,,2026-08-30,2026-08-31
3f,gpcc_dq_mail,manual__2026-08-29T16:03:24.679808+00:00,done_api,manual,,2,2026-08-30 01:23:49.465,2026-08-30 01:23:50.141,0,,2026-08-30,2026-08-31
3f,temp_log_agg,scheduled__2026-08-29T03:00:00+00:00,start,scheduled,,2,2026-08-30 12:00:07.106,2026-08-30 12:00:08.078,0,,2026-08-30,2026-08-31
3f,temp_log_agg,scheduled__2026-08-29T03:00:00+00:00,trigger,scheduled,,2,2026-08-30 12:00:11.535,2026-08-30 12:00:12.000,0,,2026-08-30,2026-08-31
3f,temp_log_agg,scheduled__2026-08-29T03:00:00+00:00,load_log_agg,scheduled,,2,2026-08-30 12:00:15.555,2026-08-30 12:29:42.721,1767,,2026-08-30,2026-08-31
3f,temp_log_agg,scheduled__2026-08-29T03:00:00+00:00,save_log_agg,scheduled,,2,2026-08-30 12:29:46.169,2026-08-30 12:30:09.258,23,,2026-08-30,2026-08-31
3f,temp_log_agg,scheduled__2026-08-29T03:00:00+00:00,log_check_mail,scheduled,,2,2026-08-30 12:30:11.997,2026-08-30 12:30:18.047,6,,2026-08-30,2026-08-31
3f,temp_log_agg,scheduled__2026-08-29T03:00:00+00:00,done_api,scheduled,,2,2026-08-30 12:30:20.531,2026-08-30 12:30:21.368,0,,2026-08-30,2026-08-31
3f,GPCC_stage1_item_feature,scheduled__2026-08-29T10:00:00+00:00,start,scheduled,,2,2026-08-30 19:00:07.599,2026-08-30 19:00:08.695,1,,2026-08-30,2026-08-31
3f,GPCC_stage1_item_feature,scheduled__2026-08-29T10:00:00+00:00,trigger,scheduled,,2,2026-08-30 19:00:11.614,2026-08-30 19:00:12.475,0,,2026-08-30,2026-08-31
3f,GPCC_stage1_item_feature,scheduled__2026-08-29T10:00:00+00:00,make_pipeline_date,scheduled,,2,2026-08-30 19:00:15.445,2026-08-30 19:03:02.912,167,,2026-08-30,2026-08-31
3f,GPCC_stage1_item_feature,scheduled__2026-08-29T10:00:00+00:00,save_pipeline_date,scheduled,,2,2026-08-30 19:03:05.828,2026-08-30 19:03:48.522,42,,2026-08-30,2026-08-31
3f,GPCC_stage1_item_feature,scheduled__2026-08-29T10:00:00+00:00,load_item_feature,scheduled,,2,2026-08-30 19:03:51.822,2026-08-30 19:07:47.220,235,,2026-08-30,2026-08-31
3f,GPCC_stage1_item_feature,scheduled__2026-08-29T10:00:00+00:00,load_log_parser,scheduled,,2,2026-08-30 19:03:52.082,2026-08-30 19:10:50.345,418,,2026-08-30,2026-08-31
3f,GPCC_stage1_item_feature,scheduled__2026-08-29T10:00:00+00:00,load_item_meta,scheduled,,2,2026-08-30 19:03:52.161,2026-08-30 19:06:34.837,162,,2026-08-30,2026-08-31
3f,GPCC_stage1_item_feature,scheduled__2026-08-29T10:00:00+00:00,ItemMetaGenerator,scheduled,,2,2026-08-30 19:10:53.208,2026-08-30 19:15:36.708,283,,2026-08-30,2026-08-31
3f,GPCC_stage1_item_feature,scheduled__2026-08-29T10:00:00+00:00,LogGenerator,scheduled,,2,2026-08-30 19:15:39.278,2026-08-30 19:24:50.758,551,,2026-08-30,2026-08-31
3f,GPCC_stage1_item_feature,scheduled__2026-08-29T10:00:00+00:00,FT_ItemFeature,scheduled,,2,2026-08-30 19:24:54.401,2026-08-30 19:30:30.223,335,,2026-08-30,2026-08-31
3f,GPCC_stage1_item_feature,scheduled__2026-08-29T10:00:00+00:00,save_stage1_mart,scheduled,,2,2026-08-30 19:30:33.488,2026-08-30 19:39:54.579,561,,2026-08-30,2026-08-31
3f,GPCC_stage1_item_feature,scheduled__2026-08-29T10:00:00+00:00,trigger_gpcc_candidate,scheduled,,2,2026-08-30 19:39:57.600,2026-08-30 19:40:01.501,3,,2026-08-30,2026-08-31
3f,GPCC_stage2_select,manual__2026-08-30T10:40:01.036280+00:00,start,manual,,2,2026-08-30 19:40:04.639,2026-08-30 19:40:05.150,0,,2026-08-30,2026-08-31
3f,GPCC_stage1_item_feature,scheduled__2026-08-29T10:00:00+00:00,done_api,scheduled,,2,2026-08-30 19:40:05.906,2026-08-30 19:40:06.407,0,,2026-08-30,2026-08-31
3f,GPCC_stage2_select,manual__2026-08-30T10:40:01.036280+00:00,trigger,manual,,2,2026-08-30 19:40:08.730,2026-08-30 19:40:09.818,1,,2026-08-30,2026-08-31
3f,GPCC_stage2_select,manual__2026-08-30T10:40:01.036280+00:00,save_targeting,manual,,2,2026-08-30 19:40:12.814,2026-08-30 19:42:57.445,164,,2026-08-30,2026-08-31
3f,GPCC_stage2_select,manual__2026-08-30T10:40:01.036280+00:00,save_cs_size,manual,,2,2026-08-30 19:43:00.595,2026-08-30 19:43:49.310,48,,2026-08-30,2026-08-31
3f,GPCC_stage2_select,manual__2026-08-30T10:40:01.036280+00:00,check_c2p_cnt,manual,,2,2026-08-30 19:43:52.820,2026-08-30 19:44:15.018,22,,2026-08-30,2026-08-31
3f,GPCC_stage2_select,manual__2026-08-30T10:40:01.036280+00:00,save_all_c2p,manual,,1,2026-08-30 19:44:15.215,2026-08-30 19:44:15.215,0,,2026-08-30,2026-08-31
3f,GPCC_stage2_select,manual__2026-08-30T10:40:01.036280+00:00,load_user_lgcn_embs,manual,,2,2026-08-30 19:44:18.326,2026-08-30 19:44:46.771,28,,2026-08-30,2026-08-31
3f,GPCC_stage2_select,manual__2026-08-30T10:40:01.036280+00:00,load_item_meta,manual,,2,2026-08-30 19:44:18.439,2026-08-30 19:44:28.652,10,,2026-08-30,2026-08-31
3f,GPCC_stage2_select,manual__2026-08-30T10:40:01.036280+00:00,load_item_lgcn_embs,manual,,2,2026-08-30 19:44:18.462,2026-08-30 19:44:29.021,10,,2026-08-30,2026-08-31
3f,GPCC_stage2_select,manual__2026-08-30T10:40:01.036280+00:00,load_user_features,manual,,2,2026-08-30 19:44:18.493,2026-08-30 19:44:48.051,29,,2026-08-30,2026-08-31
3f,GPCC_stage2_select,manual__2026-08-30T10:40:01.036280+00:00,load_item_emb_feat,manual,,2,2026-08-30 19:44:18.832,2026-08-30 19:44:29.062,10,,2026-08-30,2026-08-31
3f,GPCC_stage2_select,manual__2026-08-30T10:40:01.036280+00:00,load_dv_features,manual,,2,2026-08-30 19:44:18.867,2026-08-30 19:44:28.881,10,,2026-08-30,2026-08-31
3f,GPCC_stage2_select,manual__2026-08-30T10:40:01.036280+00:00,task_prd_pl_inf_pl2mfl3101_v2,manual,,2,2026-08-30 19:44:51.545,2026-08-30 20:14:24.081,1772,,2026-08-30,2026-08-31
3f,gpcc_select_dq_mail,scheduled__2026-08-29T11:00:00+00:00,start,scheduled,,2,2026-08-30 20:00:03.616,2026-08-30 20:00:04.648,1,,2026-08-30,2026-08-31
3f,GPCC_stage2_select,manual__2026-08-30T10:40:01.036280+00:00,save_cs_result,manual,,2,2026-08-30 20:14:27.643,2026-08-30 20:15:59.415,91,,2026-08-30,2026-08-31
3f,GPCC_stage2_select,manual__2026-08-30T10:40:01.036280+00:00,save_gpcc,manual,,2,2026-08-30 20:16:02.019,2026-08-30 20:17:08.959,66,,2026-08-30,2026-08-31
3f,GPCC_stage2_select,manual__2026-08-30T10:40:01.036280+00:00,trigger_stage3,manual,,2,2026-08-30 20:17:12.079,2026-08-30 20:17:15.337,3,,2026-08-30,2026-08-31
3f,GPCC_stage3_interaction_feautre,manual__2026-08-30T11:17:14.868747+00:00,start,manual,,2,2026-08-30 20:17:18.085,2026-08-30 20:17:18.698,0,,2026-08-30,2026-08-31
3f,GPCC_stage2_select,manual__2026-08-30T10:40:01.036280+00:00,done_api,manual,,2,2026-08-30 20:17:18.913,2026-08-30 20:17:19.442,0,,2026-08-30,2026-08-31
3f,GPCC_stage3_interaction_feautre,manual__2026-08-30T11:17:14.868747+00:00,trigger,manual,,2,2026-08-30 20:17:21.317,2026-08-30 20:17:21.951,0,,2026-08-30,2026-08-31
3f,GPCC_stage3_interaction_feautre,manual__2026-08-30T11:17:14.868747+00:00,load_interaction_feature,manual,,2,2026-08-30 20:17:24.877,2026-08-30 20:23:15.103,350,,2026-08-30,2026-08-31
3f,GPCC_stage3_interaction_feautre,manual__2026-08-30T11:17:14.868747+00:00,load_rec_target,manual,,2,2026-08-30 20:17:25.561,2026-08-30 20:18:06.757,41,,2026-08-30,2026-08-31
3f,gpcc_select_dq_mail,scheduled__2026-08-29T11:00:00+00:00,trigger,scheduled,,2,2026-08-30 20:22:58.055,2026-08-30 20:22:58.866,0,,2026-08-30,2026-08-31
3f,gpcc_select_dq_mail,scheduled__2026-08-29T11:00:00+00:00,save_input_summary,scheduled,,2,2026-08-30 20:23:02.215,2026-08-30 20:23:44.977,42,,2026-08-30,2026-08-31
3f,gpcc_select_dq_mail,scheduled__2026-08-29T11:00:00+00:00,save_select_wf,scheduled,,2,2026-08-30 20:23:02.656,2026-08-30 20:23:47.628,44,,2026-08-30,2026-08-31
3f,GPCC_stage3_interaction_feautre,manual__2026-08-30T11:17:14.868747+00:00,FT_InteractionFeature,manual,,2,2026-08-30 20:23:17.770,2026-08-30 20:32:13.093,535,,2026-08-30,2026-08-31
3f,gpcc_select_dq_mail,scheduled__2026-08-29T11:00:00+00:00,dq_mail,scheduled,,2,2026-08-30 20:23:50.772,2026-08-30 20:24:02.966,12,,2026-08-30,2026-08-31
3f,gpcc_select_dq_mail,scheduled__2026-08-29T11:00:00+00:00,done_api,scheduled,,2,2026-08-30 20:24:06.278,2026-08-30 20:24:06.750,0,,2026-08-30,2026-08-31
3f,GPCC_stage3_interaction_feautre,manual__2026-08-30T11:17:14.868747+00:00,save_inter_feature,manual,,2,2026-08-30 20:32:16.468,2026-08-30 20:37:39.924,323,,2026-08-30,2026-08-31
3f,GPCC_stage3_interaction_feautre,manual__2026-08-30T11:17:14.868747+00:00,unload_shared_ft_features,manual,,2,2026-08-30 20:37:43.322,2026-08-30 20:38:35.507,52,,2026-08-30,2026-08-31
3f,GPCC_stage3_interaction_feautre,manual__2026-08-30T11:17:14.868747+00:00,trigger_gv_tgps_bsis,manual,,2,2026-08-30 20:38:38.638,2026-08-30 20:38:42.977,4,,2026-08-30,2026-08-31
3f,GPCC_stage3_interaction_feautre,manual__2026-08-30T11:17:14.868747+00:00,trigger_gv_cntn_info,manual,,2,2026-08-30 20:38:46.394,2026-08-30 20:38:51.366,4,,2026-08-30,2026-08-31
3f,GPCC_stage3_interaction_feautre,manual__2026-08-30T11:17:14.868747+00:00,trigger_gv_cust_bhve_info,manual,,2,2026-08-30 20:38:54.078,2026-08-30 20:38:58.324,4,,2026-08-30,2026-08-31
3f,GPCC_stage3_interaction_feautre,manual__2026-08-30T11:17:14.868747+00:00,preproc_end_alert,manual,,2,2026-08-30 20:39:01.377,2026-08-30 20:39:02.218,0,,2026-08-30,2026-08-31
3f,GPCC_stage3_interaction_feautre,manual__2026-08-30T11:17:14.868747+00:00,done_api,manual,,2,2026-08-30 20:39:05.794,2026-08-30 20:39:06.473,0,,2026-08-30,2026-08-31
3f,GPCC_mthly_execute_trigger,scheduled__2026-08-29T12:30:00+00:00,start,scheduled,,2,2026-08-30 21:30:04.089,2026-08-30 21:30:04.860,0,,2026-08-30,2026-08-31
3f,GPCC_mthly_execute_trigger,scheduled__2026-08-29T12:30:00+00:00,trigger,scheduled,,2,2026-08-30 21:30:07.855,2026-08-30 21:30:08.242,0,,2026-08-30,2026-08-31
3f,GPCC_mthly_execute_trigger,scheduled__2026-08-29T12:30:00+00:00,trigger_execute_date,scheduled,,2,2026-08-30 21:30:11.786,2026-08-30 21:30:18.093,6,,2026-08-30,2026-08-31
3f,GPCC_mthly_execute_trigger,scheduled__2026-08-29T12:30:00+00:00,fail_empty_mail,scheduled,,1,2026-08-30 21:30:18.278,2026-08-30 21:30:18.278,0,,2026-08-30,2026-08-31
3f,GPCC_mthly_execute_trigger,scheduled__2026-08-29T12:30:00+00:00,trigger_mthly_rec_result,scheduled,,2,2026-08-30 21:30:21.520,2026-08-30 21:30:24.992,3,,2026-08-30,2026-08-31
3f,GPCC_mthly_execute_trigger,scheduled__2026-08-29T12:30:00+00:00,done_api,scheduled,,2,2026-08-30 21:30:27.949,2026-08-30 21:30:28.739,0,,2026-08-30,2026-08-31
3f,GPCC_mthly_rec_result,manual__2026-08-30T12:30:24.418339+00:00,start,manual,,2,2026-08-30 21:30:28.391,2026-08-30 21:30:29.218,0,,2026-08-30,2026-08-31
3f,GPCC_mthly_rec_result,manual__2026-08-30T12:30:24.418339+00:00,trigger,manual,,2,2026-08-30 21:30:32.338,2026-08-30 21:30:32.904,0,,2026-08-30,2026-08-31
3f,GPCC_mthly_rec_result,manual__2026-08-30T12:30:24.418339+00:00,make_pipeline_date,manual,,2,2026-08-30 21:30:36.195,2026-08-30 21:33:59.501,203,,2026-08-30,2026-08-31
3f,GPCC_mthly_rec_result,manual__2026-08-30T12:30:24.418339+00:00,load_rec_target,manual,,2,2026-08-30 21:34:02.578,2026-08-30 21:35:20.146,77,,2026-08-30,2026-08-31
3f,GPCC_mthly_rec_result,manual__2026-08-30T12:30:24.418339+00:00,mk_mthly_rec_result,manual,,2,2026-08-30 21:35:23.532,2026-08-30 21:46:12.127,648,,2026-08-30,2026-08-31
3f,GPCC_mthly_rec_result,manual__2026-08-30T12:30:24.418339+00:00,save_rec_result,manual,,2,2026-08-30 21:46:14.989,2026-08-30 21:51:45.578,330,,2026-08-30,2026-08-31
3f,GPCC_mthly_rec_result,manual__2026-08-30T12:30:24.418339+00:00,mthly_dq_check,manual,,2,2026-08-30 21:51:49.152,2026-08-30 21:54:24.372,155,,2026-08-30,2026-08-31
3f,GPCC_mthly_rec_result,manual__2026-08-30T12:30:24.418339+00:00,dq_check_mail,manual,,2,2026-08-30 21:54:27.812,2026-08-30 21:54:33.562,5,,2026-08-30,2026-08-31
3f,GPCC_mthly_rec_result,manual__2026-08-30T12:30:24.418339+00:00,done_api,manual,,2,2026-08-30 21:54:36.508,2026-08-30 21:54:37.050,0,,2026-08-30,2026-08-31
3f,duplicate_ft_result_check,scheduled__2026-08-29T14:40:00+00:00,start,scheduled,,2,2026-08-30 23:40:03.460,2026-08-30 23:40:04.075,0,,2026-08-30,2026-08-31
3f,GPCC_stage4_post_proc,scheduled__2026-08-29T14:40:00+00:00,start,scheduled,,2,2026-08-30 23:40:04.893,2026-08-30 23:40:05.505,0,,2026-08-30,2026-08-31
3f,duplicate_ft_result_check,scheduled__2026-08-29T14:40:00+00:00,trigger,scheduled,,2,2026-08-30 23:49:19.242,2026-08-30 23:49:19.867,0,,2026-08-30,2026-08-31
3f,GPCC_stage4_post_proc,scheduled__2026-08-29T14:40:00+00:00,trigger,scheduled,,2,2026-08-30 23:49:19.877,2026-08-30 23:49:20.684,0,,2026-08-30,2026-08-31
3f,duplicate_ft_result_check,scheduled__2026-08-29T14:40:00+00:00,check_duplicate,scheduled,,2,2026-08-30 23:49:23.320,2026-08-30 23:50:04.427,41,,2026-08-30,2026-08-31
3f,GPCC_stage4_post_proc,scheduled__2026-08-29T14:40:00+00:00,check_duplicate,scheduled,,2,2026-08-30 23:49:24.127,2026-08-30 23:49:45.427,21,,2026-08-30,2026-08-31
3f,GPCC_stage4_post_proc,scheduled__2026-08-29T14:40:00+00:00,load_rec_result,scheduled,,2,2026-08-30 23:49:48.100,2026-08-30 23:51:24.551,96,,2026-08-30,2026-08-31
3f,duplicate_ft_result_check,scheduled__2026-08-29T14:40:00+00:00,ft_result_dup_check_mail,scheduled,,2,2026-08-30 23:50:07.566,2026-08-30 23:50:14.011,6,,2026-08-30,2026-08-31
3f,duplicate_ft_result_check,scheduled__2026-08-29T14:40:00+00:00,done_api,scheduled,,2,2026-08-30 23:50:17.109,2026-08-30 23:50:17.859,0,,2026-08-30,2026-08-31
3f,GPCC_stage4_post_proc,scheduled__2026-08-29T14:40:00+00:00,RecResult,scheduled,,2,2026-08-30 23:51:27.901,2026-08-30 23:57:22.640,354,,2026-08-30,2026-08-31
3f,GPCC_stage4_post_proc,scheduled__2026-08-29T14:40:00+00:00,save_rec_result,scheduled,,2,2026-08-30 23:57:26.024,2026-08-31 00:01:24.272,238,,2026-08-31,2026-09-01
3f,GPCC_stage4_post_proc,scheduled__2026-08-29T14:40:00+00:00,check_dd_rec_result,scheduled,,2,2026-08-31 00:01:27.048,2026-08-31 00:01:50.494,23,,2026-08-31,2026-09-01
3f,GPCC_stage4_post_proc,scheduled__2026-08-29T14:40:00+00:00,trigger_mark_success_all_success,scheduled,,2,2026-08-31 00:01:53.171,2026-08-31 00:01:55.847,2,,2026-08-31,2026-09-01
3f,GPCC_stage4_post_proc,scheduled__2026-08-29T14:40:00+00:00,trigger_sg_workflow_if_one_failed,scheduled,,1,2026-08-31 00:01:56.029,2026-08-31 00:01:56.029,0,,2026-08-31,2026-09-01
3f,GPCC_stage4_post_proc,scheduled__2026-08-29T14:40:00+00:00,done_api,scheduled,,1,2026-08-31 00:01:56.244,2026-08-31 00:01:56.244,0,,2026-08-31,2026-09-01
3f,gpcc_mark_success,manual__2026-08-30T15:01:55.412697+00:00,start,manual,,2,2026-08-31 00:01:59.069,2026-08-31 00:01:59.753,0,,2026-08-31,2026-09-01
3f,gpcc_mark_success,manual__2026-08-30T15:01:55.412697+00:00,trigger,manual,,2,2026-08-31 00:02:02.357,2026-08-31 00:02:02.825,0,,2026-08-31,2026-09-01
3f,gpcc_mark_success,manual__2026-08-30T15:01:55.412697+00:00,check_mark_success,manual,,2,2026-08-31 00:02:05.659,2026-08-31 00:02:14.359,8,,2026-08-31,2026-09-01
3f,gpcc_mark_success,manual__2026-08-30T15:01:55.412697+00:00,done_api,manual,,2,2026-08-31 00:02:17.936,2026-08-31 00:02:18.509,0,,2026-08-31,2026-09-01
3f,gpcc_dd_transfer,scheduled__2026-08-29T16:00:00+00:00,start,scheduled,,2,2026-08-31 01:00:04.038,2026-08-31 01:00:04.785,0,,2026-08-31,2026-09-01
3f,gpcc_dd_transfer,scheduled__2026-08-29T16:00:00+00:00,trigger,scheduled,,2,2026-08-31 01:00:08.113,2026-08-31 01:00:09.072,0,,2026-08-31,2026-09-01
3f,gpcc_dd_transfer,scheduled__2026-08-29T16:00:00+00:00,transfer_table,scheduled,,2,2026-08-31 01:00:12.604,2026-08-31 01:03:31.732,199,,2026-08-31,2026-09-01
3f,gpcc_dd_transfer,scheduled__2026-08-29T16:00:00+00:00,unload_oo3f_rec_benefit_result,scheduled,,2,2026-08-31 01:03:35.000,2026-08-31 01:03:55.728,20,,2026-08-31,2026-09-01
3f,gpcc_dd_transfer,scheduled__2026-08-29T16:00:00+00:00,trigger_dq_check_mail,scheduled,,2,2026-08-31 01:03:35.051,2026-08-31 01:03:38.580,3,,2026-08-31,2026-09-01
3f,gpcc_dd_transfer,scheduled__2026-08-29T16:00:00+00:00,trigger_arbiter_transfer,scheduled,,2,2026-08-31 01:03:35.162,2026-08-31 01:03:35.715,0,,2026-08-31,2026-09-01
3f,gpcc_dq_mail,manual__2026-08-30T16:03:37.860613+00:00,start,manual,,2,2026-08-31 01:03:41.932,2026-08-31 01:03:42.610,0,,2026-08-31,2026-09-01
3f,gpcc_dq_mail,manual__2026-08-30T16:03:37.860613+00:00,trigger,manual,,2,2026-08-31 01:03:45.216,2026-08-31 01:03:46.004,0,,2026-08-31,2026-09-01
3f,gpcc_dq_mail,manual__2026-08-30T16:03:37.860613+00:00,unload_dq_candidate,manual,,2,2026-08-31 01:03:49.002,2026-08-31 01:04:26.009,37,,2026-08-31,2026-09-01
3f,gpcc_dq_mail,manual__2026-08-30T16:03:37.860613+00:00,unload_dq_check,manual,,2,2026-08-31 01:03:49.550,2026-08-31 01:07:02.438,192,,2026-08-31,2026-09-01
3f,gpcc_dd_transfer,scheduled__2026-08-29T16:00:00+00:00,sink_cms_transfer,scheduled,,2,2026-08-31 01:03:58.286,2026-08-31 01:18:16.985,858,,2026-08-31,2026-09-01
3f,gpcc_dq_mail,manual__2026-08-30T16:03:37.860613+00:00,DQcheck,manual,,2,2026-08-31 01:07:06.118,2026-08-31 01:16:52.147,586,,2026-08-31,2026-09-01
3f,gpcc_dq_mail,manual__2026-08-30T16:03:37.860613+00:00,save_dq_summary,manual,,2,2026-08-31 01:16:54.732,2026-08-31 01:20:53.615,238,,2026-08-31,2026-09-01
3f,gpcc_dd_transfer,scheduled__2026-08-29T16:00:00+00:00,done_api,scheduled,,2,2026-08-31 01:18:20.821,2026-08-31 01:18:21.419,0,,2026-08-31,2026-09-01
3f,gpcc_dq_mail,manual__2026-08-30T16:03:37.860613+00:00,dq_check_mail,manual,,2,2026-08-31 01:20:57.246,2026-08-31 01:21:55.884,58,,2026-08-31,2026-09-01
3f,gpcc_dq_mail,manual__2026-08-30T16:03:37.860613+00:00,done_api,manual,,2,2026-08-31 01:21:59.248,2026-08-31 01:22:00.011,0,,2026-08-31,2026-09-01
3f,GPCC_train,scheduled__2026-08-26T21:00:00+00:00,start,scheduled,,2,2026-08-31 06:00:04.276,2026-08-31 06:00:04.959,0,,2026-08-31,2026-09-01
3f,GPCC_train,scheduled__2026-08-26T21:00:00+00:00,trigger,scheduled,,2,2026-08-31 06:00:07.912,2026-08-31 06:00:08.478,0,,2026-08-31,2026-09-01
3f,GPCC_train,scheduled__2026-08-26T21:00:00+00:00,load_user_features_inf,scheduled,,2,2026-08-31 06:00:11.375,2026-08-31 06:01:59.104,107,,2026-08-31,2026-09-01
3f,GPCC_train,scheduled__2026-08-26T21:00:00+00:00,load_user_features,scheduled,,2,2026-08-31 06:00:11.461,2026-08-31 06:01:04.516,53,,2026-08-31,2026-09-01
3f,GPCC_train,scheduled__2026-08-26T21:00:00+00:00,load_item_emb_feat,scheduled,,2,2026-08-31 06:00:11.808,2026-08-31 06:00:24.329,12,,2026-08-31,2026-09-01
3f,GPCC_train,scheduled__2026-08-26T21:00:00+00:00,load_item_meta,scheduled,,2,2026-08-31 06:00:12.513,2026-08-31 06:00:44.826,32,,2026-08-31,2026-09-01
3f,GPCC_train,scheduled__2026-08-26T21:00:00+00:00,load_interaction,scheduled,,2,2026-08-31 06:00:13.043,2026-08-31 06:00:45.034,31,,2026-08-31,2026-09-01
3f,GPCC_train,scheduled__2026-08-26T21:00:00+00:00,task_prd_pl_trn_pl2mfl3101_v2,scheduled,,2,2026-08-31 06:02:01.854,2026-08-31 09:54:23.137,13941,,2026-08-31,2026-09-01
3f,GPCC_train,scheduled__2026-08-26T21:00:00+00:00,save_cntn_lgcn_emb,scheduled,,2,2026-08-31 09:54:26.069,2026-08-31 09:55:26.354,60,,2026-08-31,2026-09-01
3f,GPCC_train,scheduled__2026-08-26T21:00:00+00:00,save_item_cntn_emb,scheduled,,2,2026-08-31 09:54:26.606,2026-08-31 09:55:09.666,43,,2026-08-31,2026-09-01
3f,GPCC_train,scheduled__2026-08-26T21:00:00+00:00,save_user_lgcn_emb,scheduled,,2,2026-08-31 09:54:27.049,2026-08-31 09:56:27.872,120,,2026-08-31,2026-09-01
3f,GPCC_train,scheduled__2026-08-26T21:00:00+00:00,save_train_date,scheduled,,2,2026-08-31 09:56:31.009,2026-08-31 09:56:42.184,11,,2026-08-31,2026-09-01
3f,GPCC_train,scheduled__2026-08-26T21:00:00+00:00,trigger_dq,scheduled,,2,2026-08-31 09:56:45.548,2026-08-31 09:56:47.837,2,,2026-08-31,2026-09-01
3f,gpcc_train_dq_mail,manual__2026-08-31T00:56:47.212937+00:00,start,manual,,2,2026-08-31 09:56:50.386,2026-08-31 09:56:51.066,0,,2026-08-31,2026-09-01
3f,GPCC_train,scheduled__2026-08-26T21:00:00+00:00,done_api,scheduled,,2,2026-08-31 09:56:50.466,2026-08-31 09:56:51.013,0,,2026-08-31,2026-09-01
3f,gpcc_train_dq_mail,manual__2026-08-31T00:56:47.212937+00:00,trigger,manual,,2,2026-08-31 09:56:54.504,2026-08-31 09:56:54.954,0,,2026-08-31,2026-09-01
3f,gpcc_train_dq_mail,manual__2026-08-31T00:56:47.212937+00:00,save_train_result,manual,,2,2026-08-31 09:56:58.438,2026-08-31 09:57:37.168,38,,2026-08-31,2026-09-01
3f,gpcc_train_dq_mail,manual__2026-08-31T00:56:47.212937+00:00,dq_mail,manual,,2,2026-08-31 09:57:39.749,2026-08-31 09:57:45.611,5,,2026-08-31,2026-09-01
3f,gpcc_train_dq_mail,manual__2026-08-31T00:56:47.212937+00:00,done_api,manual,,2,2026-08-31 09:57:49.143,2026-08-31 09:57:49.643,0,,2026-08-31,2026-09-01
3f,gpcc_train_dq_mail,scheduled__2026-08-27T02:30:00+00:00,start,scheduled,,2,2026-08-31 11:30:06.112,2026-08-31 11:30:06.794,0,,2026-08-31,2026-09-01
3f,gpcc_train_dq_mail,scheduled__2026-08-27T02:30:00+00:00,trigger,scheduled,,2,2026-08-31 11:30:09.920,2026-08-31 11:30:10.382,0,,2026-08-31,2026-09-01
3f,gpcc_train_dq_mail,scheduled__2026-08-27T02:30:00+00:00,save_train_result,scheduled,,2,2026-08-31 11:30:14.057,2026-08-31 11:30:47.760,33,,2026-08-31,2026-09-01
3f,gpcc_train_dq_mail,scheduled__2026-08-27T02:30:00+00:00,dq_mail,scheduled,,2,2026-08-31 11:30:51.423,2026-08-31 11:30:57.385,5,,2026-08-31,2026-09-01
3f,gpcc_train_dq_mail,scheduled__2026-08-27T02:30:00+00:00,done_api,scheduled,,2,2026-08-31 11:31:00.358,2026-08-31 11:31:00.978,0,,2026-08-31,2026-09-01
3f,temp_log_agg,scheduled__2026-08-30T03:00:00+00:00,start,scheduled,,2,2026-08-31 12:00:07.463,2026-08-31 12:00:08.532,1,,2026-08-31,2026-09-01
3f,temp_log_agg,scheduled__2026-08-30T03:00:00+00:00,trigger,scheduled,,2,2026-08-31 12:00:11.504,2026-08-31 12:00:12.017,0,,2026-08-31,2026-09-01
3f,temp_log_agg,scheduled__2026-08-30T03:00:00+00:00,load_log_agg,scheduled,,2,2026-08-31 12:00:14.618,2026-08-31 12:30:59.738,1845,,2026-08-31,2026-09-01
3f,temp_log_agg,scheduled__2026-08-30T03:00:00+00:00,save_log_agg,scheduled,,2,2026-08-31 12:31:02.792,2026-08-31 12:31:25.535,22,,2026-08-31,2026-09-01
3f,temp_log_agg,scheduled__2026-08-30T03:00:00+00:00,log_check_mail,scheduled,,2,2026-08-31 12:31:28.534,2026-08-31 12:31:35.056,6,,2026-08-31,2026-09-01
3f,temp_log_agg,scheduled__2026-08-30T03:00:00+00:00,done_api,scheduled,,2,2026-08-31 12:31:38.511,2026-08-31 12:31:39.279,0,,2026-08-31,2026-09-01
3f,GPCC_stage1_item_feature,scheduled__2026-08-30T10:00:00+00:00,start,scheduled,,2,2026-08-31 19:00:06.796,2026-08-31 19:00:07.965,1,,2026-08-31,2026-09-01
3f,GPCC_stage1_item_feature,scheduled__2026-08-30T10:00:00+00:00,trigger,scheduled,,2,2026-08-31 19:00:11.632,2026-08-31 19:00:12.504,0,,2026-08-31,2026-09-01
3f,GPCC_stage1_item_feature,scheduled__2026-08-30T10:00:00+00:00,make_pipeline_date,scheduled,,2,2026-08-31 19:00:16.033,2026-08-31 19:03:04.223,168,,2026-08-31,2026-09-01
3f,GPCC_stage1_item_feature,scheduled__2026-08-30T10:00:00+00:00,save_pipeline_date,scheduled,,2,2026-08-31 19:03:07.211,2026-08-31 19:03:50.111,42,,2026-08-31,2026-09-01
3f,GPCC_stage1_item_feature,scheduled__2026-08-30T10:00:00+00:00,load_log_parser,scheduled,,2,2026-08-31 19:03:53.217,2026-08-31 19:10:05.405,372,,2026-08-31,2026-09-01
3f,GPCC_stage1_item_feature,scheduled__2026-08-30T10:00:00+00:00,load_item_feature,scheduled,,2,2026-08-31 19:03:53.250,2026-08-31 19:08:00.771,247,,2026-08-31,2026-09-01
3f,GPCC_stage1_item_feature,scheduled__2026-08-30T10:00:00+00:00,load_item_meta,scheduled,,2,2026-08-31 19:03:53.703,2026-08-31 19:06:26.132,152,,2026-08-31,2026-09-01
3f,GPCC_stage1_item_feature,scheduled__2026-08-30T10:00:00+00:00,ItemMetaGenerator,scheduled,,2,2026-08-31 19:10:08.856,2026-08-31 19:14:32.955,264,,2026-08-31,2026-09-01
3f,GPCC_stage1_item_feature,scheduled__2026-08-30T10:00:00+00:00,LogGenerator,scheduled,,2,2026-08-31 19:14:35.931,2026-08-31 19:22:38.414,482,,2026-08-31,2026-09-01
3f,GPCC_stage1_item_feature,scheduled__2026-08-30T10:00:00+00:00,FT_ItemFeature,scheduled,,2,2026-08-31 19:22:41.412,2026-08-31 19:28:37.063,355,,2026-08-31,2026-09-01
3f,GPCC_stage1_item_feature,scheduled__2026-08-30T10:00:00+00:00,save_stage1_mart,scheduled,,2,2026-08-31 19:28:40.302,2026-08-31 19:37:05.144,504,,2026-08-31,2026-09-01
3f,GPCC_stage1_item_feature,scheduled__2026-08-30T10:00:00+00:00,trigger_gpcc_candidate,scheduled,,2,2026-08-31 19:37:08.248,2026-08-31 19:37:12.046,3,,2026-08-31,2026-09-01
3f,GPCC_stage2_select,manual__2026-08-31T10:37:11.349642+00:00,start,manual,,2,2026-08-31 19:37:14.782,2026-08-31 19:37:15.292,0,,2026-08-31,2026-09-01
3f,GPCC_stage1_item_feature,scheduled__2026-08-30T10:00:00+00:00,done_api,scheduled,,2,2026-08-31 19:37:15.419,2026-08-31 19:37:16.201,0,,2026-08-31,2026-09-01
3f,GPCC_stage2_select,manual__2026-08-31T10:37:11.349642+00:00,trigger,manual,,2,2026-08-31 19:37:18.005,2026-08-31 19:37:19.160,1,,2026-08-31,2026-09-01
3f,GPCC_stage2_select,manual__2026-08-31T10:37:11.349642+00:00,save_targeting,manual,,2,2026-08-31 19:37:22.743,2026-08-31 19:40:22.655,179,,2026-08-31,2026-09-01
3f,GPCC_stage2_select,manual__2026-08-31T10:37:11.349642+00:00,save_cs_size,manual,,2,2026-08-31 19:40:26.295,2026-08-31 19:41:21.372,55,,2026-08-31,2026-09-01
3f,GPCC_stage2_select,manual__2026-08-31T10:37:11.349642+00:00,check_c2p_cnt,manual,,2,2026-08-31 19:41:24.437,2026-08-31 19:41:48.068,23,,2026-08-31,2026-09-01
3f,GPCC_stage2_select,manual__2026-08-31T10:37:11.349642+00:00,save_all_c2p,manual,,1,2026-08-31 19:41:48.177,2026-08-31 19:41:48.177,0,,2026-08-31,2026-09-01
3f,GPCC_stage2_select,manual__2026-08-31T10:37:11.349642+00:00,load_user_features,manual,,2,2026-08-31 19:41:50.924,2026-08-31 19:42:21.280,30,,2026-08-31,2026-09-01
3f,GPCC_stage2_select,manual__2026-08-31T10:37:11.349642+00:00,load_user_lgcn_embs,manual,,2,2026-08-31 19:41:51.216,2026-08-31 19:42:23.441,32,,2026-08-31,2026-09-01
3f,GPCC_stage2_select,manual__2026-08-31T10:37:11.349642+00:00,load_item_lgcn_embs,manual,,2,2026-08-31 19:41:51.502,2026-08-31 19:42:03.538,12,,2026-08-31,2026-09-01
3f,GPCC_stage2_select,manual__2026-08-31T10:37:11.349642+00:00,load_item_emb_feat,manual,,2,2026-08-31 19:41:51.528,2026-08-31 19:42:02.951,11,,2026-08-31,2026-09-01
3f,GPCC_stage2_select,manual__2026-08-31T10:37:11.349642+00:00,load_item_meta,manual,,2,2026-08-31 19:41:51.730,2026-08-31 19:42:03.220,11,,2026-08-31,2026-09-01
3f,GPCC_stage2_select,manual__2026-08-31T10:37:11.349642+00:00,load_dv_features,manual,,2,2026-08-31 19:41:51.751,2026-08-31 19:42:03.568,11,,2026-08-31,2026-09-01
3f,GPCC_stage2_select,manual__2026-08-31T10:37:11.349642+00:00,task_prd_pl_inf_pl2mfl3101_v2,manual,,2,2026-08-31 19:42:26.303,2026-08-31 20:14:58.911,1952,,2026-08-31,2026-09-01
3f,gpcc_select_dq_mail,scheduled__2026-08-30T11:00:00+00:00,start,scheduled,,2,2026-08-31 20:00:03.947,2026-08-31 20:00:04.986,1,,2026-08-31,2026-09-01
3f,GPCC_stage2_select,manual__2026-08-31T10:37:11.349642+00:00,save_cs_result,manual,,2,2026-08-31 20:15:01.602,2026-08-31 20:16:41.550,99,,2026-08-31,2026-09-01
3f,GPCC_stage2_select,manual__2026-08-31T10:37:11.349642+00:00,save_gpcc,manual,,2,2026-08-31 20:16:44.947,2026-08-31 20:18:02.071,77,,2026-08-31,2026-09-01
3f,GPCC_stage2_select,manual__2026-08-31T10:37:11.349642+00:00,trigger_stage3,manual,,2,2026-08-31 20:18:05.700,2026-08-31 20:18:09.261,3,,2026-08-31,2026-09-01
3f,GPCC_stage2_select,manual__2026-08-31T10:37:11.349642+00:00,done_api,manual,,2,2026-08-31 20:18:12.566,2026-08-31 20:18:13.286,0,,2026-08-31,2026-09-01
3f,GPCC_stage3_interaction_feautre,manual__2026-08-31T11:18:08.807885+00:00,start,manual,,2,2026-08-31 20:18:12.815,2026-08-31 20:18:13.424,0,,2026-08-31,2026-09-01
3f,GPCC_stage3_interaction_feautre,manual__2026-08-31T11:18:08.807885+00:00,trigger,manual,,2,2026-08-31 20:18:16.926,2026-08-31 20:18:17.549,0,,2026-08-31,2026-09-01
3f,GPCC_stage3_interaction_feautre,manual__2026-08-31T11:18:08.807885+00:00,load_interaction_feature,manual,,2,2026-08-31 20:18:20.829,2026-08-31 20:24:03.979,343,,2026-08-31,2026-09-01
3f,GPCC_stage3_interaction_feautre,manual__2026-08-31T11:18:08.807885+00:00,load_rec_target,manual,,2,2026-08-31 20:18:21.341,2026-08-31 20:19:02.394,41,,2026-08-31,2026-09-01
3f,gpcc_select_dq_mail,scheduled__2026-08-30T11:00:00+00:00,trigger,scheduled,,2,2026-08-31 20:20:55.116,2026-08-31 20:20:55.869,0,,2026-08-31,2026-09-01
3f,gpcc_select_dq_mail,scheduled__2026-08-30T11:00:00+00:00,save_input_summary,scheduled,,2,2026-08-31 20:20:59.235,2026-08-31 20:21:41.899,42,,2026-08-31,2026-09-01
3f,gpcc_select_dq_mail,scheduled__2026-08-30T11:00:00+00:00,save_select_wf,scheduled,,2,2026-08-31 20:20:59.374,2026-08-31 20:21:43.779,44,,2026-08-31,2026-09-01
3f,gpcc_select_dq_mail,scheduled__2026-08-30T11:00:00+00:00,dq_mail,scheduled,,2,2026-08-31 20:21:46.873,2026-08-31 20:21:57.733,10,,2026-08-31,2026-09-01
3f,gpcc_select_dq_mail,scheduled__2026-08-30T11:00:00+00:00,done_api,scheduled,,2,2026-08-31 20:22:01.333,2026-08-31 20:22:01.877,0,,2026-08-31,2026-09-01
3f,GPCC_stage3_interaction_feautre,manual__2026-08-31T11:18:08.807885+00:00,FT_InteractionFeature,manual,,2,2026-08-31 20:24:06.634,2026-08-31 20:33:12.584,545,,2026-08-31,2026-09-01
3f,GPCC_stage3_interaction_feautre,manual__2026-08-31T11:18:08.807885+00:00,save_inter_feature,manual,,2,2026-08-31 20:33:15.575,2026-08-31 20:38:38.496,322,,2026-08-31,2026-09-01
3f,GPCC_stage3_interaction_feautre,manual__2026-08-31T11:18:08.807885+00:00,unload_shared_ft_features,manual,,2,2026-08-31 20:38:42.137,2026-08-31 20:39:37.223,55,,2026-08-31,2026-09-01
3f,GPCC_stage3_interaction_feautre,manual__2026-08-31T11:18:08.807885+00:00,trigger_gv_tgps_bsis,manual,,2,2026-08-31 20:39:40.332,2026-08-31 20:39:44.333,4,,2026-08-31,2026-09-01
3f,GPCC_stage3_interaction_feautre,manual__2026-08-31T11:18:08.807885+00:00,trigger_gv_cntn_info,manual,,2,2026-08-31 20:39:47.340,2026-08-31 20:39:52.500,5,,2026-08-31,2026-09-01
3f,GPCC_stage3_interaction_feautre,manual__2026-08-31T11:18:08.807885+00:00,trigger_gv_cust_bhve_info,manual,,2,2026-08-31 20:39:55.201,2026-08-31 20:39:59.028,3,,2026-08-31,2026-09-01
3f,GPCC_stage3_interaction_feautre,manual__2026-08-31T11:18:08.807885+00:00,preproc_end_alert,manual,,2,2026-08-31 20:40:02.128,2026-08-31 20:40:02.887,0,,2026-08-31,2026-09-01
3f,GPCC_stage3_interaction_feautre,manual__2026-08-31T11:18:08.807885+00:00,done_api,manual,,2,2026-08-31 20:40:06.732,2026-08-31 20:40:07.214,0,,2026-08-31,2026-09-01
3f,GPCC_mthly_execute_trigger,scheduled__2026-08-30T12:30:00+00:00,start,scheduled,,2,2026-08-31 21:30:04.211,2026-08-31 21:30:05.033,0,,2026-08-31,2026-09-01
3f,GPCC_mthly_execute_trigger,scheduled__2026-08-30T12:30:00+00:00,trigger,scheduled,,2,2026-08-31 21:30:08.199,2026-08-31 21:30:08.605,0,,2026-08-31,2026-09-01
3f,GPCC_mthly_execute_trigger,scheduled__2026-08-30T12:30:00+00:00,trigger_execute_date,scheduled,,2,2026-08-31 21:30:11.497,2026-08-31 21:30:25.881,14,,2026-08-31,2026-09-01
3f,GPCC_mthly_execute_trigger,scheduled__2026-08-30T12:30:00+00:00,fail_empty_mail,scheduled,,1,2026-08-31 21:30:26.020,2026-08-31 21:30:26.020,0,,2026-08-31,2026-09-01
3f,GPCC_mthly_execute_trigger,scheduled__2026-08-30T12:30:00+00:00,trigger_mthly_rec_result,scheduled,,2,2026-08-31 21:30:29.333,2026-08-31 21:30:33.048,3,,2026-08-31,2026-09-01
3f,GPCC_mthly_execute_trigger,scheduled__2026-08-30T12:30:00+00:00,done_api,scheduled,,2,2026-08-31 21:30:35.843,2026-08-31 21:30:36.424,0,,2026-08-31,2026-09-01
3f,GPCC_mthly_rec_result,manual__2026-08-31T12:30:32.522123+00:00,start,manual,,2,2026-08-31 21:30:35.999,2026-08-31 21:30:36.800,0,,2026-08-31,2026-09-01
3f,GPCC_mthly_rec_result,manual__2026-08-31T12:30:32.522123+00:00,trigger,manual,,2,2026-08-31 21:30:39.484,2026-08-31 21:30:40.063,0,,2026-08-31,2026-09-01
3f,GPCC_mthly_rec_result,manual__2026-08-31T12:30:32.522123+00:00,make_pipeline_date,manual,,2,2026-08-31 21:30:43.512,2026-08-31 21:33:43.670,180,,2026-08-31,2026-09-01
3f,GPCC_mthly_rec_result,manual__2026-08-31T12:30:32.522123+00:00,load_rec_target,manual,,2,2026-08-31 21:33:47.259,2026-08-31 21:35:06.329,79,,2026-08-31,2026-09-01
3f,GPCC_mthly_rec_result,manual__2026-08-31T12:30:32.522123+00:00,mk_mthly_rec_result,manual,,2,2026-08-31 21:35:09.992,2026-08-31 21:45:24.065,614,,2026-08-31,2026-09-01
3f,GPCC_mthly_rec_result,manual__2026-08-31T12:30:32.522123+00:00,save_rec_result,manual,,2,2026-08-31 21:45:27.668,2026-08-31 21:50:39.613,311,,2026-08-31,2026-09-01
3f,GPCC_mthly_rec_result,manual__2026-08-31T12:30:32.522123+00:00,mthly_dq_check,manual,,2,2026-08-31 21:50:42.674,2026-08-31 21:53:05.867,143,,2026-08-31,2026-09-01
3f,GPCC_mthly_rec_result,manual__2026-08-31T12:30:32.522123+00:00,dq_check_mail,manual,,2,2026-08-31 21:53:09.401,2026-08-31 21:53:15.156,5,,2026-08-31,2026-09-01
3f,GPCC_mthly_rec_result,manual__2026-08-31T12:30:32.522123+00:00,done_api,manual,,2,2026-08-31 21:53:17.837,2026-08-31 21:53:18.444,0,,2026-08-31,2026-09-01
3f,duplicate_ft_result_check,scheduled__2026-08-30T14:40:00+00:00,start,scheduled,,2,2026-08-31 23:40:06.198,2026-08-31 23:40:06.785,0,,2026-08-31,2026-09-01
3f,GPCC_stage4_post_proc,scheduled__2026-08-30T14:40:00+00:00,start,scheduled,,2,2026-08-31 23:40:07.341,2026-08-31 23:40:07.974,0,,2026-08-31,2026-09-01
3f,duplicate_ft_result_check,scheduled__2026-08-30T14:40:00+00:00,trigger,scheduled,,2,2026-08-31 23:49:20.729,2026-08-31 23:49:21.308,0,,2026-08-31,2026-09-01
3f,GPCC_stage4_post_proc,scheduled__2026-08-30T14:40:00+00:00,trigger,scheduled,,2,2026-08-31 23:49:21.486,2026-08-31 23:49:22.223,0,,2026-08-31,2026-09-01
3f,duplicate_ft_result_check,scheduled__2026-08-30T14:40:00+00:00,check_duplicate,scheduled,,2,2026-08-31 23:49:24.812,2026-08-31 23:50:05.538,40,,2026-08-31,2026-09-01
3f,GPCC_stage4_post_proc,scheduled__2026-08-30T14:40:00+00:00,check_duplicate,scheduled,,2,2026-08-31 23:49:25.233,2026-08-31 23:49:49.616,24,,2026-08-31,2026-09-01
3f,GPCC_stage4_post_proc,scheduled__2026-08-30T14:40:00+00:00,load_rec_result,scheduled,,2,2026-08-31 23:49:52.529,2026-08-31 23:51:32.619,100,,2026-08-31,2026-09-01
3f,duplicate_ft_result_check,scheduled__2026-08-30T14:40:00+00:00,ft_result_dup_check_mail,scheduled,,2,2026-08-31 23:50:08.354,2026-08-31 23:50:14.505,6,,2026-08-31,2026-09-01
3f,duplicate_ft_result_check,scheduled__2026-08-30T14:40:00+00:00,done_api,scheduled,,2,2026-08-31 23:50:17.702,2026-08-31 23:50:18.412,0,,2026-08-31,2026-09-01
3f,GPCC_stage4_post_proc,scheduled__2026-08-30T14:40:00+00:00,RecResult,scheduled,,2,2026-08-31 23:51:35.385,2026-08-31 23:58:39.914,424,,2026-08-31,2026-09-01
